    C.53P010  -146 06 28       0.43      1.00      261       330        71                  9.0  4.0  C/-146 P1                                                 31,  257
    C/56K010   -43 05 24       0.22      1.00       17       170       110                  9.0  4.0  C/- 43 K1
    C240V010  0240 11 10       0.37      1.00       82       214        44                  9.0  4.0  C/ 240 V1                                                 10,  167
    C390Q010  0390 09  4       0.92      1.00       23       356        36                  9.0  4.0  C/ 390 Q1                                                 31,  257
    C400F010  0400 02 24       0.21      1.00       47        38        32                  9.0  4.0  C/ 400 F1                                                 31,  257
    C418M010  0418 10  4       0.35      1.00      240       310       110                  9.0  4.0  C/ 418 M1                                                CCO    12
    C442V010  0442 12 14       1.53      1.00      178       271       106                  9.0  4.0  C/ 442 V1                                                 31,  257
    C539W010  0539 11  6       0.16      1.00      246        33        19                  9.0  4.0  C/ 539 W1                                                 31,  257
    C565O010  0565 07 14       0.83      1.00       79       180       121                  9.0  4.0  C/ 565 O1                                                 10,  163
    C568O010  0568 08 27.6     0.870     1.000      34.9     301.8       4.0                9.0  4.0  C/ 568 O1                                                 31,  257
    C574G010  0574 03 24       0.73      1.00      342       155        54                  9.0  4.0  C/ 574 G1                                                 31,  257
    C770K010  0770 06  5.8     0.580     1.000      88.0     110.7     117.0                9.0  4.0  C/ 770 K1                                                 31,  257
    C817C010  0817 03  2       1.10      1.00      202       315       120                  9.0  4.0  C/ 817 C1                                                CCO    12
    C868B010  0868 03  4       0.42      1.00      277       321        65                  9.0  4.0  C/ 868 B1                                                 25,  187
    C905K010  0905 04 26       0.20      1.00       50        70       140                  9.0  4.0  C/ 905 K1                                                 31,  257
    C962B010  0961 12 28       0.63      1.00       85         2       119                  9.0  4.0  C/ 962 B1                                                 31,  257
    CA14C010  1014 04  6       0.56      1.00       84       174       117                  9.0  4.0  C/1014 C1                                                 31,  257
    CA18P010  1018 08 26       0.62      1.00      197       185        35                  9.0  4.0  C/1018 P1                                                 31,  257
    CA80P010  1080 09 10.9     0.681     1.000      73.6     322.9       6.9                9.0  4.0  C/1080 P1                                                 17,   67
    CA92A010  1092 02 22       0.77      1.00       62       114       124                  9.0  4.0  C/1092 A1                                                 31,  257
    CA97T010  1097 09 22       0.30      1.00      298       352        41                  9.0  4.0  C/1097 T1                                                 31,  257
    CB10K010  1110 05 18       0.83      1.00      358       321       137                  9.0  4.0  C/1110 K1                                                 31,  257
    CB32T010  1132 08 30.7     0.736     1.000     114.2     213.2     106.3                9.0  4.0  C/1132 T1                                                5 (3)  17
    CB47A010  1147 01 28       0.12      1.00      300       282       110                  9.0  4.0  C/1147 A1                                                 31,  257
    CC30X010  1230 12 28.7     0.860     1.000     181.0     303.7      16.0                9.0  4.0  C/1230 X1                                                 31,  257
    CC40B010  1240 01 21.5     0.668     1.000     331.4     135.1      75.3                9.0  4.0  C/1240 B1                                                5 (3)  20
    CC45D010  1245 04  0       0.50      1.00       87       180        20                  9.0  4.0  C/1245 D1                                                 31,  257
    CC64N010  1264 07 20.29    0.8249    1.0000    159.71    151.04     16.40               9.0  4.0  C/1264 N1                                                Leiden
    CC93V010  1293 10 28       0.78      1.00      313        89        30                  9.0  4.0  C/1293 V1                                                 31,  257
    CC99B010  1299 03 31.81    0.3179    1.0000    103.89    116.94    111.00               9.0  4.0  C/1299 B1                                                  1,  419
    CD04C010  1304 02  5.5     0.840     1.000      25.0      88.7      65.0                9.0  4.0  C/1304 C1                                                 34,   21
    CD04Y010  1305 01 18       0.65      1.00       56       106        99                  9.0  4.0  C/1304 Y1                                                 31,  257
    CD15U010  1315 10 15.0     1.650     1.000      27.3     176.3     125.3                9.0  4.0  C/1315 U1                                                CCO    12
    CD37M010  1337 06 14.85    0.7490    1.0000     79.61     97.61    143.60               9.0  4.0  C/1337 M1                                                 31,  257
    CD40F010  1340 05 13.62    1.1362    1.0000     32.44    187.63    176.48               9.0  4.0  C/1340 F1                                                 15,   67
    CD45O010  1345 08 22       0.89      1.00      210       150        23                  9.0  4.0  C/1345 O1                                                 31,  257
    CD51W010  1351 11 18       1.01      1.00      165       264         7                  9.0  4.0  C/1351 W1                                                 31,  257
    CD62E010  1362 02 24       0.30      1.00      348       291       155                  9.0  4.0  C/1362 E1                                                 31,  257
    CD68E010  1368 05  4       0.48      1.00       90       217       131                  9.0  4.0  C/1368 E1                                                 31,  257
    CD76M010  1376 07 31.7     0.550     1.000      81.0     300.7      76.0                9.0  4.0  C/1376 M1                                                 31,  257
    CE02D010  1402 03 20       0.38      1.00       91       126        55                  9.0  4.0  C/1402 D1                                                 16,   50
    CE33R010  1433 11  8.270   0.49277   1.00000   189.392   104.255   103.979              9.0  4.0  C/1433 R1                                                 55,    8
    CE39F010  1439 05  8       0.12      1.00      140       192        81                  9.0  4.0  C/1439 F1                                                 31,  257
    CE49Y010  1449 12  9.868   0.32742   1.00000   356.691   268.809   155.679              9.0  4.0  C/1449 Y1                                                 55,   18
    CE57L010  1457 08  8.104   0.76991   1.00000   183.281   187.551     7.335              9.0  4.0  C/1457 L1                                                 55,   45
    CE58Y010  1458 11  6       0.49      1.00      258       117        69                  9.0  4.0  C/1458 Y1                                                 31,  257
    CE62M010  1462 08  4       0.25      1.00      137       316       130                  9.0  4.0  C/1462 M1                                                 31,  257
    CE68S010  1468 10  7.2     0.850     1.000      91.0     106.7     138.0                9.0  4.0  C/1468 S1                                                 31,  257
    CE71Y010  1472 03  1.439   0.48589   1.00000   245.728   292.873   170.866              9.0  4.0  C/1471 Y1                                                 55,   56
    CE90Y010  1490 12 24.96    0.7376    1.0000    129.84    295.89     51.65               9.0  4.0  C/1490 Y1                                                 23,  377
    CE99Q010  1499 09  8       0.95      1.00       42       329        16                  9.0  4.0  C/1499 Q1                                                 31,  257
    CF00H010  1500 04 30       1.11      1.00      352       305        99                  9.0  4.0  C/1500 H1                                                 31,  257
    CF06O010  1506 08 28.4     0.840     1.000     200.0     155.7     115.0                9.0  4.0  C/1506 O1                                                 31,  257
    CF32R010  1532 10 18.832   0.51922   1.00000    24.529    93.807    32.592              9.0  4.0  C/1532 R1                                                  4,  440
    CF33M010  1533 06 15.416   0.25480   1.00000    21.398   125.424   149.592              9.0  4.0  C/1533 M1                                                 12,  107
    CF38A010  1537 12 30.32    0.1477    1.0000    287.70    356.20     42.46               9.0  4.0  C/1538 A1                                                 55,  105
    CF39H010  1539 05 12.6     0.961     1.000     174.5      55.1      18.6                9.0  4.0  C/1539 H1                                                 31,  257
    CF56D010  1556 04 22.684   0.49082   1.00000   100.866   181.436    32.370              9.0  4.0  C/1556 D1                                                 55,  216
    CF57T010  1557 09 22       0.50      1.00       94       212        42                  9.0  4.0  C/1557 T1                                                 31,  257
    CF58P010  1558 08  4.00    0.3155    1.0000     55.50    155.50     76.40    15580820   9.0  4.0  C/1558 P1
    CF77V010  1577 10 27.447   0.17750   1.00000   255.673    31.237   104.883              9.0  4.0  C/1577 V1                                                Helsingfo
    CF80T010  1580 11 28.993   0.60237   1.00000    89.367    24.948    64.612   15801026   9.0  4.0  C/1580 T1                                                  4,   38
    CF82J010  1582 05  6.913   0.16872   1.00000   331.895   233.034   118.539              9.0  4.0  C/1582 J1                                                 19,  123
    CF85T010  1585 10  8.526   1.09485   1.00000   331.778    43.144     6.135   15851110   9.0  4.0  C/1585 T1                                                 29,  269
    CF90E010  1590 02  8.527   0.56773   1.00000   307.671   171.342   150.451              9.0  4.0  C/1590 E1                                                 25,  131
    CF93O010  1593 07 19.068   0.08911   1.00000    12.072   169.921    87.914              9.0  4.0  C/1593 O1                                                1747, 562
    CF96N010  1596 07 25.714   0.56716   1.00000    59.414   335.962   128.080              9.0  4.0  C/1596 N1                                                 23,  232
    CG18Q010  1618 08 17.626   0.51298   1.00000    24.802   298.844    21.494              9.0  4.0  C/1618 Q1                                                  2,  100
    CG18V010  1618 10 27.8     0.744     1.000     155.9     229.5       8.4                9.0  4.0  C/1618 V1                                                 61,  351
    CG18W010  1618 11  8.850   0.38954   1.00000   287.436    81.001    37.196              9.0  4.0  C/1618 W1                                                1808, 119
    CG39U010  1639 11 29.3     0.816     1.000     237.4     219.7      61.7                9.0  4.0  C/1639 U1                                                 61,  354
    CG52Y010  1652 11 13.152   0.84750   1.00000   300.190    93.001    79.461              9.0  4.0  C/1652 Y1                                                 24, 1882
    CG64W010  1664 12  4.983   1.02553   1.00000   310.675    86.053   158.697              9.0  4.0  C/1664 W1                                                Helsingfo
    CG65F010  1665 04 24.719   0.10649   1.00000   156.087   232.696   103.893              9.0  4.0  C/1665 F1                                                 24, 1882
    CG68E010  1668 02 28.079   0.06660   1.00000   109.813     3.215   144.381              9.0  4.0  C/1668 E1                                                1 (1) 166
    CG72E010  1672 03  1.946   0.69546   1.00000   109.524   302.691    82.972              9.0  4.0  C/1672 E1                                                118,   70
    CG77H010  1677 05  6.526   0.28059   1.00000    99.162   241.316   100.928              9.0  4.0  C/1677 H1                                                 24, 1882
    CG80V010  4965 05 26.0971  0.014063  0.999974  355.0546  273.7940   71.1961  20230225   9.0  4.0  C/1680 V1                                                  6,  157
    CG83O010  1683 07 13.590   0.55958   1.00000    87.810   177.835    96.738              9.0  4.0  C/1683 O1                                                 30,  157
    CG84N010  1684 06  8.762   0.95827   1.00000   330.300   272.598    65.424              9.0  4.0  C/1684 N1                                                 84,  144
    CG86R010  1686 09 16.324   0.33602   1.00000    81.913   358.443    34.969              9.0  4.0  C/1686 R1                                                 14,  257
    CG89X010  1689 11 30.658   0.06443   1.00000    78.134   283.754    63.204              9.0  4.0  C/1689 X1                                                100, 1318
    CG95U010  1695 10 23.767   0.04230   1.00000    59.117   286.018    93.589              9.0  4.0  C/1695 U1                                                1 (1)  80
    CG98R010  1698 10 17.514   0.72865   1.00000   151.384    70.282   169.094              9.0  4.0  C/1698 R1                                                 14,  192
    CG99D010  1699 01 13.899   0.74862   1.00000   109.524   325.886   109.424              9.0  4.0  C/1699 D1                                                 20,  482
    CH01U010  1701 10 17.91    0.5926    1.0000    164.95    302.81    138.37               9.0  4.0  C/1701 U1                                                1811, 485
    CH02H010  1702 03 14.106   0.64683   1.00000   309.637   193.294     4.375              9.0  4.0  C/1702 H1                                                 16,  511
    CH06F010  1706 01 30.705   0.42686   1.00000    59.434    17.281    55.270              9.0  4.0  C/1706 F1
    CH07W010  1707 12 12.488   0.85904   1.00000    27.161    56.916    88.646              9.0  4.0  C/1707 W1
    CH18B010  1718 01 15.405   1.02543   1.00000     6.309   131.903   148.838              9.0  4.0  C/1718 B1                                                  7,  495
    CH23T010  1723 09 28.127   0.99879   1.00000   331.380    18.102   130.028              9.0  4.0  C/1723 T1                                                Berlin
    CH29P010  1729 06 16.647   4.05054   1.00000    10.403   314.393    77.095              9.0  4.0  C/1729 P1                                                 30,  519
    CH33K010  1733 05  6.158   0.10297   1.00000   187.891   271.052    23.792              9.0  4.0  C/1733 K1                                                 39,  323
    CH37C010  1737 01 30.847   0.22282   1.00000    99.461   230.120    18.326              9.0  4.0  C/1737 C1                                                 40,  116
    CH39K010  1739 06 17.916   0.67358   1.00000   104.752   211.044   124.260              9.0  4.0  C/1739 K1
    CH42C010  1742 02  8.696   0.76577   1.00000   328.043   189.201   112.948              9.0  4.0  C/1742 C1                                                172,  105
    CH43C010  1743 01 11.347   0.83818   1.00000    26.250    70.302     2.280              9.0  4.0  C/1743 C1                                                  2,  379
    CH43Q010  1743 09 21.146   0.52299   1.00000   119.047     9.633   134.415              9.0  4.0  C/1743 Q1                                                 37,  363
    CH43X010  1744 03  1.8397  0.222209  1.000000  151.4855   49.2966   47.1417             9.0  4.0  C/1743 X1                                                 34,   85
    CH46P010  1747 03  3.915   2.19859   1.00000   230.291   150.849   100.857              9.0  4.0  C/1746 P1                                                1748, 235
    CH48H010  1748 04 29.309   0.84067   1.00000    17.828   236.381    94.535              9.0  4.0  C/1748 H1                                                1748, 232
    CH48K010  1748 06 19.387   0.62536   1.00000   245.668    36.644    67.083              9.0  4.0  C/1748 K1                                                1809,  99
    CH50C010  1750 02 23       0.20      1.00      285       303       132                  9.0  4.0  C/1750 C1                                                 78,  654
    CH57R010  1757 10 21.826   0.33738   1.00000   268.690   217.677    12.828              9.0  4.0  C/1757 R1                                                201,  118
    CH58K010  1758 06 11.637   0.21535   1.00000    36.771   234.213    68.300              9.0  4.0  C/1758 K1                                                  2,  104
    CH60A010  1759 12 17.341   0.96576   1.00000   301.727    83.553   175.126              9.0  4.0  C/1760 A1 (Great comet)                                   20,  226
    CH60B010  1759 11 27.501   0.80139   1.00000   273.928   143.007    79.084              9.0  4.0  C/1760 B1 (Messier)                                        2,  104
    CH62K010  1762 05 28.834   1.00905   1.00000   115.480   351.868    85.668              9.0  4.0  C/1762 K1 (Klinkenberg)                                   16,  515
    CH63S010  1763 11  2.373   0.49818   1.00000    88.571   359.747    72.497              9.0  4.0  C/1763 S1 (Messier)                                       10,  511
    CH64A010  1764 02 13.071   0.55522   1.00000   104.859   123.388   127.089              9.0  4.0  C/1764 A1 (Messier)                                        2,  106
    CH66E010  1766 02 17.861   0.50532   1.00000   100.879   247.411   139.152              9.0  4.0  C/1766 E1 (Messier)                                        2,  106
    DH66G010  2024 10 29.033   0.40253   0.85219   175.697    93.544     8.718   20230225   9.0  4.0  D/1766 G1 (Helfenzrieder)                                 26,  114
    CH69P010  1769 10  8.1203  0.122755  0.999249  329.1226  178.2930   40.7338             9.0  4.0  C/1769 P1 (Messier)                                      1810, 123
    DH70L010  1779 01  2.1333  5.368127  2.059835  190.2454  338.0274  167.4132  20220809   9.0  4.0  D/1770 L1 (Lexell)                                         3,  245
    CH71A010  1770 11 22.735   0.52824   1.00000   260.375   111.944   148.555              9.0  4.0  C/1771 A1 (Great comet)                                    2,  106
    CH71G010  1771 04 19.6349  0.901835  1.000000   76.2251   30.9963   11.2891  17710420   9.0  4.0  C/1771 G1 (Messier)                                       86,  764
    CH73T010  1773 09  6.106   1.12689   1.00000   314.117   124.236    61.220              9.0  4.0  C/1773 T1 (Messier)                                       10,  512
    CH74P010  1774 08 15.948   1.42858   1.00000   136.533   183.974    82.978              9.0  4.0  C/1774 P1 (Montaigne)                                    1775, 473
    CH79A010  1779 01  4.5806  0.713178  1.000000   62.1743   28.1368   32.4406  17790302   9.0  4.0  C/1779 A1 (Bode)                                         4 (4) D17
    CH80U010  1780 11 29.347   0.51528   1.00000   255.165   145.082   107.917              9.0  4.0  C/1780 U1 (Montaigne-Olbers)                             1804, 179
    CH80U020  1780 10  1.252   0.09926   1.00000   237.827   127.231   126.177              9.0  4.0  C/1780 U2 (Messier)                                      1784, 141
    CH81M010  1781 07  7.688   0.77586   1.00000   156.209    86.057    81.724              9.0  4.0  C/1781 M1 (Mechain)                                      1782, 583
    CH81T010  1781 11 30.023   0.96100   1.00000    61.392    80.482   152.801              9.0  4.0  C/1781 T1 (Mechain)                                      1780,  71
    CH83X010  1784 01 21.699   0.70786   1.00000   336.115    59.856   128.859              9.0  4.0  C/1783 X1 (Great comet)                                  1784, 363
    CH85A010  1785 01 27.825   1.14340   1.00000   205.632   267.214    70.238              9.0  4.0  C/1785 A1 (Messier-Mechain)                              1788, 166
    CH85E010  1785 04  8.913   0.42724   0.99646   127.203    67.688    92.639              9.0  4.0  C/1785 E1 (Mechain)                                        9,  367
    CH86P010  1786 07  8.3796  0.410712  1.000000  325.0517  197.4005   50.8921  17860711   9.0  4.0  C/1786 P1 (Herschel)                                      31,  199
    CH87G010  1787 05 11.325   0.34891   1.00000    99.158   109.852   131.724              9.0  4.0  C/1787 G1 (Mechain)                                      1791, 155
    CH88W010  1788 11 10.809   1.06301   1.00000    57.844   159.926   167.512              9.0  4.0  C/1788 W1 (Messier)                                      1793, 118
    CH90A010  1790 01 15.712   0.75810   1.00000   115.951   179.125   148.068              9.0  4.0  C/1790 A1 (Herschel)                                     1794,  94
    CH90H010  1790 05 21.740   0.79796   1.00000   119.480    36.118   116.147              9.0  4.0  C/1790 H1 (Herschel)                                     1794,  94
    CH91X010  1792 01 14.034   1.29258   1.00000   154.347   193.596   140.211              9.0  4.0  C/1791 X1 (Herschel)                                     1796, 148
    CH93A010  1792 12 27.698   0.96581   1.00000   147.167   286.160   131.003              9.0  4.0  C/1793 A1 (Gregory)                                      1797, 136
    CH93S010  1793 11 19.9982  1.504546  1.000000   69.3361    5.1750   51.9362             9.0  4.0  C/1793 S1 (Perny)                                         32,  220
    CH93S020  1793 11  5.341   0.40344   1.00000   239.810   111.383   119.642              9.0  4.0  C/1793 S2 (Messier)                                      1795, 287
    CH96F010  1796 04  3.2736  1.579636  1.000000  184.2970   19.8977  115.1716             9.0  4.0  C/1796 F1 (Olbers)                                        25,  163
    CH97P010  1797 07  9.614   0.52545   1.00000   279.683   332.094   129.427              9.0  4.0  C/1797 P1 (Bouvard-Herschel)                             1800, 484
    CH98G010  1798 04  5.008   0.48503   1.00000   343.002   124.922    43.783              9.0  4.0  C/1798 G1 (Messier)                                       29,  135
    CH98X010  1799 01  1.413   0.77479   1.00000   215.878   252.280   137.746              9.0  4.0  C/1798 X1 (Bouvard)                                      1802, 199
    CH99P010  1799 09  7.690   0.83986   1.00000    95.828   102.326   129.062              9.0  4.0  C/1799 P1 (Mechain)                                      Abo
    CH99Y010  1799 12 26.396   0.62580   1.00000   136.471   329.609   102.996              9.0  4.0  C/1799 Y1 (Mechain)                                      1803, 376
    CI01N010  1801 08  9.056   0.25641   1.00000   219.840    45.313   159.267              9.0  4.0  C/1801 N1 (Pons)                                          81,  324
    CI02Q010  1802 09 10.3554  1.094249  1.000000   21.8478  313.0142   57.0108             9.0  4.0  C/1802 Q1 (Pons)                                          12  (13)
    CI04E010  1804 02 14.0881  1.071168  1.000000  331.9459  179.5344   56.4522             9.0  4.0  C/1804 E1 (Pons)                                         1807, 232
    CI06V010  1806 12 29.4117  1.081927  1.000000  225.2131  324.9868  144.9537             9.0  4.0  C/1806 V1 (Pons)                                         1810, 206
    CI07R010  1807 09 19.2388  0.646124  0.995488    4.0970  269.4837   63.1762             9.0  4.0  C/1807 R1 (Great comet)                                  1813, 188
    CI08F010  1808 05 13.452   0.38986   1.00000   253.743   325.642   134.303              9.0  4.0  C/1808 F1 (Pons)                                           5,    7
    CI08M010  1808 07 12.6676  0.607953  1.000000  131.5607   26.8770  140.7050             9.0  4.0  C/1808 M1 (Pons)                                         1812, 129
    CI10Q010  1810 10  6.7379  0.969623  1.000000  114.9175  311.5035   62.9454             9.0  4.0  C/1810 Q1 (Pons)                                          99,  348
    CI11F010  5339 02  8.6258  1.062816  0.994826   65.3617  140.5134  104.7791  20230225   9.0  4.0  C/1811 F1 (Great comet)                                    2,  241
    CI11W010  1811 11 11.5426  1.581701  0.980916  314.5022   95.6306   31.2554             9.0  4.0  C/1811 W1 (Pons)                                         182,   65
    CI13C010  1813 03  5.0219  0.699314  1.000000  170.5629  243.1457  158.8486             9.0  4.0  C/1813 C1 (Pons)                                          26,   10
    CI13G010  1813 05 20.0871  1.214703  1.000000  205.1622   45.2750   99.0577             9.0  4.0  C/1813 G1 (Pons)                                          27,  491
    CI16B010  1816 03  1.845   0.04850   1.00000   304.326   325.829    43.111              9.0  4.0  C/1816 B1 (Pons)                                          34,  378
    CI17Y010  1818 02 26.4690  1.197821  1.000000  112.3619   72.9950   89.7518  18180403   9.0  4.0  C/1817 Y1 (Pons)                                         232,  190
    CI18W020  1818 12  5.4346  0.855096  1.000000  348.1071   92.5372  116.9058             9.0  4.0  C/1818 W2 (Pons)                                         1824, 144
    CI19N010  1819 06 28.2181  0.341514  1.000000   13.4158  276.2349   80.7517  18190628   9.0  4.0  C/1819 N1 (Great comet)                                   25,  138
    CI21B010  1821 03 22.0365  0.091823  1.000000  169.2121   51.1843  106.4613             9.0  4.0  C/1821 B1 (Nicollet-Pons)                                  1,  425
    CI22J010  1822 05  6.0793  0.504429  1.000000  344.6905  179.9345  126.3969             9.0  4.0  C/1822 J1 (Gambart)                                      1825, 155
    CI22K010  1822 07 16.3336  0.847130  1.000000  237.7758  100.2415  143.6913             9.0  4.0  C/1822 K1 (Pons)                                          25,  168
    CI22N010  0181 12  4.8568  1.220679  0.995079  181.3187   95.3124  127.8666  20230225   9.0  4.0  C/1822 N1 (Pons)                                         Gottingen
    CI23Y010  1823 12  9.9339  0.226742  1.000000   28.4867  305.5054  103.8194  18240215   9.0  4.0  C/1823 Y1 (Great comet)                                   87,   91
    CI24N010  1824 07 12.0188  0.591671  1.000000  334.0800  236.7952  125.4324             9.0  4.0  C/1824 N1 (Rumker)                                       138,  330
    CI24O010  1824 09 29.5664  1.049835  1.000000   85.2292  281.7415   54.5985             9.0  4.0  C/1824 O1 (Scheithauer)                                    4,  123
    CI25K010  1894 11  2.1539  0.955288  0.995698  108.6218   26.3638  123.6945  20230225   9.0  4.0  C/1825 K1 (Gambart)                                      2 (14) 25
    CI25N010  5252 09 15.4372  1.388790  0.993219  259.7956  221.0897  147.5809  20230225   9.0  4.0  C/1825 N1 (Pons)                                           6,   37
    CI25P010  1825 08 19.2110  0.883471  1.000000  177.2965  195.3795   89.6749             9.0  4.0  C/1825 P1 (Pons)                                           4,  327
    CI25V010  1826 04 22.4580  2.007734  1.000000  279.3841  200.0590   39.9903             9.0  4.0  C/1825 V1 (Pons)                                          26,   91
    CI26P010  5364 03 19.7931  0.779762  0.997701   13.6446   46.4127   27.3245  20230225   9.0  4.0  C/1826 P1 (Pons)                                          80,  314
    CI26U010  1826 11 18.9074  0.026904  1.000000  279.5835  237.5505   90.6234             9.0  4.0  C/1826 U1 (Pons)                                         178,  346
    CI26Y010  1827 02  5.4110  0.506166  1.000000  151.0340  186.9924  102.3898             9.0  4.0  C/1826 Y1 (Pons)                                         160,  250
    CI27P010  1827 09 12.1670  0.137758  1.000000  258.7039  152.1007  125.8788             9.0  4.0  C/1827 P1 (Pons)                                           7,   62
    CI30F010  1830 04  9.7950  0.921424  1.000000    5.7962  208.7642   21.2570  18300502   9.0  4.0  C/1830 F1 (Great comet)                                   82,  101
    CI31A010  1830 12 28.1603  0.125887  1.000000   26.8884  340.2392  135.2630             9.0  4.0  C/1831 A1 (Great comet)                                   10,   68
    CI32O010  1832 09 26.0735  1.183005  1.000000  204.6342   74.8269  136.6727  18320723   9.0  4.0  C/1832 O1 (Gambart)                                       82,  110
    CI33S010  1833 09 10.6911  0.458122  1.000000  259.5795  325.5873    7.3488             9.0  4.0  C/1833 S1 (Dunlop)                                         5,  537
    CI34E010  1834 04  3.2925  0.513106  1.000000   49.9876  229.0377    5.9759             9.0  4.0  C/1834 E1 (Gambart)                                        6,  115
    CI35H010  1835 03 27.7051  2.040153  1.000000  210.5630   60.7681  170.8846             9.0  4.0  C/1835 H1 (Boguslawski)                                  143,   13
    CI39X010  1840 01  4.9752  0.618434  1.000000   72.2671  122.1788   53.0716             9.0  4.0  C/1839 X1 (Galle)                                         89,  256
    CI40B010  4834 11 27.4318  1.163061  0.992789  155.7954  238.0853  121.5239  20230225   9.0  4.0  C/1840 B1 (Galle)                                          8,  153
    CI40E010  1840 04  2.9378  0.748504  1.000000  138.0440  188.2715   79.8512             9.0  4.0  C/1840 E1 (Galle)                                         81,  133
    CI40U010  2127 10 19.7018  1.422125  0.967337  133.4517  251.1258   57.9962  20230225   9.0  4.0  C/1840 U1 (Bremiker)                                      89,  256
    CI42U010  1842 12 16.4553  0.504685  1.000000  240.4937  210.0089  106.4213             9.0  4.0  C/1842 U1 (Laugier)                                       89,  583
    CI43D010  1843 02 27.9109  0.005527  0.999914   82.6390    3.5272  144.3548             9.0  4.0  C/1843 D1 (Great March comet)                            1 (1)  29
    CI43J010  1843 05  6.5559  1.616305  1.000000  124.2527  159.4411   52.7241             9.0  4.0  C/1843 J1 (Mauvais)                                       89,  256
    CI44N010  0599 02 18.6843  0.786002  0.998977  210.1973   32.5268  128.8088  20230225   9.0  4.0  C/1844 N1 (Mauvais)                                       89,  256
    CI44Y010  0834 09  6.0090  0.244696  0.999027  177.8522  120.0148   48.7385  20230225   9.0  4.0  C/1844 Y1 (Great comet)                                   83,   64
    CI44Y020  1845 01  8.6578  0.905204  1.000000  114.5819  338.9135   46.8605             9.0  4.0  C/1844 Y2 (d'Arrest)                                      89,  256
    CI45D010  1845 04 21.5404  1.254549  1.000000  205.4516  349.2811   56.4038  18450418   9.0  4.0  C/1845 D1 (de Vico)                                      157,  318
    CI45L010  1845 06  6.1832  0.401077  1.000000   75.7977  339.9729  131.0985             9.0  4.0  C/1845 L1 (Great June comet)                              24,   25
    CI46B010  1846 01 22.5938  1.480703  0.992403  337.9898  113.2746   47.4257             9.0  4.0  C/1846 B1 (de Vico)                                        6,  130
    CI46J010  1846 06  5.9709  0.633760  0.990414   99.7253  263.9889  150.6809             9.0  4.0  C/1846 J1 (Brorsen)                                      AGP    24
    CI46O010  1846 05 28.3958  1.375992  1.000000   78.7517  163.4642  122.3771             9.0  4.0  C/1846 O1 (de Vico-Hind)                                  71,  102
    CI46S010  1846 10 30.2772  0.830669  1.000000   93.9763    6.8369   49.7196             9.0  4.0  C/1846 S1 (de Vico)                                       99,  417
    CI47C010  3438 11 20.8264  0.041283  0.999894  265.6628    6.7136   42.5344  20230225   9.0  4.0  C/1847 C1 (Hind)                                          62,  260
    CI47J010  1847 04 13.2908  2.077086  1.000905   32.3059  175.1805   97.4897  20230225   9.0  4.0  C/1847 J1 (Colla)                                         89,  256
    CI47N010  4837 07 14.3270  1.733943  0.996827   91.2517  343.0890   97.7898  20230225   9.0  4.0  C/1847 N1 (Mauvais)                                       36,   80
    CI47Q010  1847 08  9.8450  1.484824  1.000000   55.4717   78.8836  147.3551             9.0  4.0  C/1847 Q1 (Schweizer)                                     88,  218
    CI47T010  4449 03 15.4263  0.364256  0.999984  279.1732  199.3659  109.4563  20230225   9.0  4.0  C/1847 T1 (Mitchell)                                       1,  206
    CI48P010  1848 09  8.5452  0.319947  1.000000  260.9477  213.6499   95.5938             9.0  4.0  C/1848 P1 (Petersen)                                      96,   52
    CI48U010  1849 01 19.8533  0.959782  1.000000  208.0066  217.3332   85.0400             9.0  4.0  C/1848 U1 (Petersen)                                      89,  256
    CI49G010  5766 04 23.6605  0.880293  0.998464  237.0741   30.4113   64.3099  20230225   9.0  4.0  C/1849 G1 (Schweizer)                                     45,  334
    CI49G020  1849 06 30.2390  1.202497  1.001304   33.7962  203.5435   64.1085  20230225   9.0  4.0  C/1849 G2 (Goujon)                                        89,  256
    CI50J010  1880 05 24.7246  1.129991  0.998607  180.7983   95.0074   68.7206  20230225   9.0  4.0  C/1850 J1 (Petersen)                                      89,  256
    CI50Q010  1850 10 19.8374  0.565586  1.000000  243.2029  208.1112   40.0621             9.0  4.0  C/1850 Q1 (Bond)                                          89,  256
    CI51P010  1851 08 26.7458  0.984753  1.000000   87.2603  225.7722   38.2035             9.0  4.0  C/1851 P1 (Brorsen)                                       61,  345
    CI51U010  1851 10  1.2962  0.142053  1.000000  294.4471   46.4289   73.9862             9.0  4.0  C/1851 U1 (Brorsen)                                       19,   80
    CI52K010  1852 04 20.0873  0.905406  1.000000   37.2061  319.2712  131.1243             9.0  4.0  C/1852 K1 (Chacornac)                                     81,   43
    CI53E010  1853 02 24.5213  1.092195  1.000000  275.9051   71.6574  159.7566             9.0  4.0  C/1853 E1 (Secchi)                                       108,  113
    CI53G010  1138 12  3.0628  0.872038  0.989243  198.7186   42.5095  120.4752  20230225   9.0  4.0  C/1853 G1 (Schweizer)                                     45,  284
    CI53L010  1854 01  8.4161  0.305730  1.000227  171.2694  141.1953   66.1255  20230225   9.0  4.0  C/1853 L1 (Klinkerfues)                                  4 (1) A27
    CI53R010  1853 11 28.9084  0.223724  1.000809  282.5240  228.5943  119.9589  20230225   9.0  4.0  C/1853 R1 (Bruhns)                                        89,  583
    CI53W010  1854 01  4.4351  2.044645  1.000000  170.9202  229.0785  113.8757             9.0  4.0  C/1853 W1 (van Arsdale)                                   47,  178
    CI54F010  1854 03 24.5132  0.277064  1.000000  101.6255  317.4960   97.4867             9.0  4.0  C/1854 F1 (Great comet)                                  Gottingen
    CI54L010  1854 06 22.4970  0.648092  1.000000   74.5689  349.6985  108.7032             9.0  4.0  C/1854 L1 (Klinkerfues)                                   72,  518
    CI54R010  5146 06 11.8060  0.780130  0.993324  127.5212  329.3276   40.1922  20230225   9.0  4.0  C/1854 R1 (Klinkerfues)                                   89,  583
    CI54Y010  1854 12 16.3091  1.359463  0.991309  287.0725  240.2563   14.1520             9.0  4.0  C/1854 Y1 (Winnecke-Dien)                                 26,   91
    CI55G010  1855 02  5.5473  2.193526  0.965185  323.0929  191.7463  128.5764             9.0  4.0  C/1855 G1 (Schweizer)                                     52,   38
    CI55L010  2097 08 20.9421  0.557434  0.985629   22.3079  262.0673  157.0511  20230225   9.0  4.0  C/1855 L1 (Donati)                                        29,  113
    CI55V010  1855 11 25.8872  1.230983  1.000000  325.6152   53.6616  169.8240             9.0  4.0  C/1855 V1 (Bruhns)                                        44,   37
    CI57D010  1857 03 21.8690  0.772493  1.000000  121.5663  315.1526   87.9479             9.0  4.0  C/1857 D1 (d'Arrest)                                      35,  409
    CI57M010  1857 07 18.4742  0.367535  1.000000  134.0658   25.6944  121.0332             9.0  4.0  C/1857 M1 (Klinkerfues)                                  100,   69
    CI57O010  2080 01 17.0360  0.711020  0.980648  180.7928  202.9475   33.5925  20230225   9.0  4.0  C/1857 O1 (Peters)                                        49,  363
    CI57Q010  1857 10  1.3799  0.562898  0.996913  124.8444   16.9550  123.9614             9.0  4.0  C/1857 Q1 (Klinkerfues)                                   52,  105
    CI57V010  1857 11 19.5641  1.009088  1.000000   95.1021  141.3074  142.1557             9.0  4.0  C/1857 V1 (Donati-van Arsdale)                            50,  118
    CI58K010  1858 06  5.7955  0.544261  1.000000   98.8587  326.9503   99.9713             9.0  4.0  C/1858 K1 (Bruhns)                                        51,  124
    CI58L010  2535 01 29.0053  0.607795  0.995799  127.8161  163.8657  118.1863  20230225   9.0  4.0  C/1858 L1 (Donati)                                         9,   67
    CI58R010  1858 10 13.3102  1.427002  1.000000  155.5411  161.7449  158.7051             9.0  4.0  C/1858 R1 (Tuttle)                                        33,  360
    CI59G010  1859 05 29.7261  0.201032  1.000000  282.0049  359.3146   95.4894             9.0  4.0  C/1859 G1 (Tempel)                                        53,  152
    CI60D01a  1860 02 17.1249  1.198875  1.000000  209.7599  326.0179   79.6819             9.0  4.0  C/1860 D1-A (Liais)                                       72,  236
    CI60D01b  1860 02 17.1696  1.198174  1.000000  209.6880  326.0119   79.6193             9.0  4.0  C/1860 D1-B (Liais)                                       72,  236
    CI60H010  1860 03  6.0655  1.306664  1.000000   41.2172   10.8261   48.2360             9.0  4.0  C/1860 H1 (Rumker)                                         6,  371
    CI60M010  1860 06 16.5610  0.292885  1.000000   76.8841   86.6271   79.3233  18600810   9.0  4.0  C/1860 M1 (Great comet)                                  1867,  25
    CI60U010  1860 09 22.8118  0.682653  1.000000  311.9767   46.7744   32.2097             9.0  4.0  C/1860 U1 (Tempel)                                        75,  165
    CI61G010  1861 08  1.9381  0.917624  0.983700  213.5231   30.8640   77.7007  20230225   9.0  4.0  C/1861 G1 (Thatcher)                                      49,  324
    CI61J010  1861 10 27.9568  0.880353  0.983967  330.6453  280.6055   85.8757  20230225   9.0  4.0  C/1861 J1 (Great comet)                                  Bonn
    CI61Y010  1861 12  7.6744  0.839027  1.000000  331.5973  147.0373  138.0019             9.0  4.0  C/1861 Y1 (Tuttle)                                        69,  106
    CI62N010  1862 06 22.5295  0.981328  1.000000   27.1664  328.4371  172.1091  18620704   9.0  4.0  C/1862 N1 (Schmidt)                                      118,  203
    CI62W010  1862 12 28.6741  0.803238  1.000000  230.5764  357.6952  137.5412             9.0  4.0  C/1862 W1 (Respighi)                                      65,   61
    CI62X010  1862 10 18.1424  0.874007  0.999312   75.8826  116.9570   84.3562  20230225   9.0  4.0  C/1862 X1 (Bruhns)                                       160,  235
    CI63G010  1863 07 31.9089  1.100911  0.999231    4.0876  253.4550  111.8556  20230225   9.0  4.0  C/1863 G1 (Klinkerfues)                                   89,  583
    CI63G020  1863 08  8.8291  0.579197  0.999238   54.4744  251.3667   84.2376  20230225   9.0  4.0  C/1863 G2 (Respighi)                                     118,  358
    CI63T010  1863 08 28.5390  1.420302  0.998885   79.2164  105.9051   83.0181  20230225   9.0  4.0  C/1863 T1 (Baeker)                                        68,  159
    CI63V010  1863 05 21.9424  0.672158  0.998227  356.9098   99.3246   77.3649  20230225   9.0  4.0  C/1863 V1 (Tempel)                                        89,  583
    CI63Y010  1863 12 28.2626  0.771492  1.000000  115.6692  306.6287   64.4906  18640129   9.0  4.0  C/1863 Y1 (Respighi)                                     Berlin
    CI64N010  1864 11  4.0526  1.014596  0.996009  152.3668   98.2780  178.1656  20230225   9.0  4.0  C/1864 N1 (Tempel)                                        75,  164
    CI64O010  1864 10 31.4604  0.864869  0.998886  231.1970   31.6457  107.1594  20230225   9.0  4.0  C/1864 O1 (Donati-Toussaint)                             1905  (1)
    CI64R010  1864 07 28.3117  0.626106  1.000000  346.0949  176.8808  134.9822             9.0  4.0  C/1864 R1 (Donati)                                        73,   84
    CI64X010  1864 12 22.9510  0.770731  1.000000  118.4522  205.1126   48.8623             9.0  4.0  C/1864 X1 (Baeker)                                        73,   90
    CI64Y010  1864 12 28.2188  1.114634  1.000000  178.4993  342.7789  162.8931  18650116   9.0  4.0  C/1864 Y1 (Bruhns)                                        84,  654
    CI65B010  1865 01 14.8253  0.025844  1.000000  111.7175  254.8252   92.4945             9.0  4.0  C/1865 B1 (Great southern comet)                         Breslau
    CI67S010  1867 11  7.4607  0.330359  1.000000  148.6408   66.8417   96.5735             9.0  4.0  C/1867 S1 (Baeker-Winnecke)                               97, 1496
    CI68L010  1868 06 26.9762  0.578577  1.000000  126.6431   54.1124  131.5581             9.0  4.0  C/1868 L1 (Winnecke)                                     1885, 214
    CI69T010  1869 10 10.3496  1.230731  1.000000  188.1940  313.3277  111.6853             9.0  4.0  C/1869 T1 (Tempel)                                        79,  384
    CI70K010  1870 07 14.5821  1.008692  1.000000  198.2279  143.5674  121.7835             9.0  4.0  C/1870 K1 (Winnecke)                                      64,  154
    CI70Q010  1870 09  2.6676  1.816602  1.000000  354.9389   14.7591   99.3580             9.0  4.0  C/1870 Q1 (Coggia)                                        89,  583
    CI70W010  1870 12 20.3760  0.389262  1.000000   90.6273   96.5866  147.2703             9.0  4.0  C/1870 W1 (Winnecke)                                      85,  323
    CI71G010  1871 06 11.0998  0.654300  0.997814  222.5068  281.1122   87.6034             9.0  4.0  C/1871 G1 (Winnecke)                                      84,  330
    CI71L010  1871 07 27.5344  1.083363  1.000000   96.3220  213.7030  101.9782  18710612   9.0  4.0  C/1871 L1 (Tempel)                                       Leiden
    CI71V010  1872 02 26.5470  0.668611  0.995384  242.4822  151.7343  100.9117  20230225   9.0  4.0  C/1871 V1 (Tempel)                                        15,  129
    CI73Q010  1873 05 13.3467  0.794679  0.995669  193.9069  232.4742   98.0198  20230225   9.0  4.0  C/1873 Q1 (Borrelly)                                      92,   72
    CI73Q020  1873 11 21.7580  0.421750  0.999695  235.9604  182.5483  125.2333  20230225   9.0  4.0  C/1873 Q2 (Henry)                                          9,   36
    CI74D010  1874 03 10.4346  0.044568  1.000000  269.5098   32.0541   58.8932             9.0  4.0  C/1874 D1 (Winnecke)                                      94,  200
    CI74G010  1874 03 14.4354  0.885773  1.000000  331.7167  275.8486  148.4122  18740514   9.0  4.0  C/1874 G1 (Winnecke)                                     113,  182
    CI74H010  1874 10 12.7009  0.727315  0.998763  153.5926  119.2182   67.7839  20230225   9.0  4.0  C/1874 H1 (Coggia)                                        86,  502
    CI74O010  1874 08 27.3435  0.982649  0.998831   92.6123  253.2797   41.8266             9.0  4.0  C/1874 O1 (Borrelly)                                      78,  276
    CI74Q010  1874 08 23.3978  1.614916  0.964295  149.9479  217.1355   34.5473  20230225   9.0  4.0  C/1874 Q1 (Coggia)                                        86, 1120
    CI74X010  1874 10 19.4428  0.508226  1.000000   16.2682  283.7164   99.2205             9.0  4.0  C/1874 X1 (Borrelly)                                      78,  933
    CI77C010  1877 01 19.6786  0.807441  1.000000  347.1611  188.9608  152.8948             9.0  4.0  C/1877 C1 (Borrelly)                                     100,  238
    CI77G010  1877 04 18.1561  0.949980  0.998700   63.1204  318.3341  121.1548             9.0  4.0  C/1877 G1 (Winnecke)                                      93,   45
    CI77G020  1877 02 28.5408  0.997267  0.997566  115.7837  350.6935   76.9735  20230225   9.0  4.0  C/1877 G2 (Swift)                                        115,  187
    CI77R010  1877 09 11.7182  1.575904  1.000000  143.2049  252.7106  102.2274             9.0  4.0  C/1877 R1 (Coggia)                                       116,   25
    CI77T010  1877 06 27.5702  1.070451  1.000000  103.2436  185.9981  115.7261             9.0  4.0  C/1877 T1 (Tempel)                                        85,  104
    CI78N010  1878 07 21.1907  1.391967  1.000000  177.5898  103.9645   78.1761             9.0  4.0  C/1878 N1 (Swift)                                         97,  278
    CI79M010  1879 04 27.9225  0.896547  1.000000    3.7528   47.4546  107.0440             9.0  4.0  C/1879 M1 (Swift)                                        108,  102
    CI79Q010  1879 10  5.1249  0.989608  1.000000  115.4560   88.8689   77.1302             9.0  4.0  C/1879 Q1 (Palisa)                                        16,    9
    CI79Q020  1879 08 29.7787  0.991480  1.000000   84.2634   34.1187  107.7629             9.0  4.0  C/1879 Q2 (Hartwig)                                       17,   55
    CI80C010  1880 01 28.1182  0.005494  1.000000   86.2486    7.7774  144.6666             9.0  4.0  C/1880 C1 (Great southern comet)                         1 (1)  45
    CI80G010  1880 04 28.5236  1.673265  1.000037  144.2577  258.5256  123.0746  20230225   9.0  4.0  C/1880 G1 (Schaeberle)                                   193,  402
    CI80S010  1880 09  7.4350  0.354634  1.000000  323.1288   47.0065  141.9119             9.0  4.0  C/1880 S1 (Hartwig)                                      105,  362
    CI80Y010  1880 11  9.9199  0.659736  1.000000   11.6877  251.0495   60.7007  18810120   9.0  4.0  C/1880 Y1 (Pechule)                                       19,   80
    CI81J010  1881 05 20.9409  0.591090  1.000000  173.8057  128.1073   77.9336             9.0  4.0  C/1881 J1 (Swift)                                        160,  186
    CI81K010  1881 10  8.4769  0.776481  0.995180  354.6538  272.3741   64.0108  20230225   9.0  4.0  C/1881 K1 (Great comet)                                  Strasbour
    CI81N010  1881 08 22.8059  0.633542  1.000000  122.1455   98.7236  140.2281  18810824   9.0  4.0  C/1881 N1 (Schaeberle)                                   108,  228
    CI81S010  1881 09 14.8653  0.449200  1.000000    6.2860  275.8195  112.8160             9.0  4.0  C/1881 S1 (Barnard)                                       11,   80
    CI81W010  1881 11 20.2417  1.924973  0.990169  117.9488  183.0394  144.8016             9.0  4.0  C/1881 W1 (Swift)                                        113,   53
    CI82F010  1882 04  8.0794  0.059774  0.999952  208.7055  211.3756   84.6835  20230225   9.0  4.0  C/1882 F1 (Wells)                                          3,  162
    CI82R01a  1883 01 13.8889  0.010192  0.999859   17.7557   94.1172  144.9314  20220809   9.0  4.0  C/1882 R1-A (Great September comet)                        6,   41
    CI82R01b  1883 01 23.6894  0.012272  0.999844   96.7716   20.1955  148.4568  20230225   9.0  4.0  C/1882 R1-B (Great September comet)                      209,   20
    CI82R01c  1883 01  9.8150  0.010348  0.999879   18.8924   95.0653  144.9044  20220809   9.0  4.0  C/1882 R1-C (Great September comet)                        6,   37
    CI82R01d  1883 01  8.7359  0.010390  0.999885   19.2033   95.3240  144.8953  20220809   9.0  4.0  C/1882 R1-D (Great September comet)                        6,   40
    CI82R020  1882 11 13.4753  0.955567  1.000000  254.2883  250.7703   96.1466  18821030   9.0  4.0  C/1882 R2 (Barnard)                                        4,  B65
    CI83D010  1883 02 19.4532  0.760062  1.000000  110.8946  279.7735   78.0648             9.0  4.0  C/1883 D1 (Brooks-Swift)                                 171,  147
    CI84A010  1883 12 25.7925  0.309607  1.000000  138.5968  265.9925  114.9770             9.0  4.0  C/1884 A1 (Ross)                                          13,  428
    DI84O010  2020 08  8.3364  1.320983  0.571584  339.8357  332.8886    9.3108  20230225   9.0  4.0  D/1884 O1 (Barnard)                                       89,  256
    CI85N010  1885 08  6.1817  2.506732  1.000000  178.5163   93.8996   80.6240             9.0  4.0  C/1885 N1 (Barnard)                                      123,  405
    CI85R010  1885 10 19.3424  0.761164  0.982105   43.4406  205.1577   57.5706  20230225   9.0  4.0  C/1885 R1 (Brooks)                                        13,  329
    CI85X010  1886 03 14.4401  0.704852  1.000115  127.0199   40.5564   82.0029  20230225   9.0  4.0  C/1885 X1 (Fabry)                                         83,   64
    CI85X020  1886 04 28.1670  0.559493  1.000101  120.9672   71.1198   84.4229  20230225   9.0  4.0  C/1885 X2 (Barnard)                                      132,  283
    CI85Y010  1885 11 26.0050  1.079545  1.000000   35.5904  263.8113   42.4422             9.0  4.0  C/1885 Y1 (Brooks)                                       135,   17
    CI86H010  1886 05 11.2186  0.272517  0.996765  201.4167  195.7007   92.2443  20230225   9.0  4.0  C/1886 H1 (Brooks)                                        83,   64
    CI86J010  1886 05  4.950   0.84199   1.00000    38.559   289.365   100.218              9.0  4.0  C/1886 J1 (Brooks)                                        13,  428
    DI86K010  2025 06 18.4480  1.887706  0.468375  208.4746   39.1645   10.9263  20230225   9.0  4.0  D/1886 K1 (Brooks)                                        89,  256
    CI86T010  1886 10 10.0218  0.712664  0.999986   86.8817  136.2213  100.4337  20230225   9.0  4.0  C/1886 T1 (Barnard-Hartwig)                               83,   64
    CI87B010  1887 01 11.933   0.00483   1.00000    83.513     4.585   144.383              9.0  4.0  C/1887 B1 (Great southern comet)                          19,   52
    CI87B020  1886 11 26.9306  1.541971  0.983518  158.9091  281.5828  103.8452  20230225   9.0  4.0  C/1887 B2 (Brooks)                                       165,  323
    CI87B030  1886 11 28.9056  1.480714  1.000000   31.9115  259.7963   85.5867  18870412   9.0  4.0  C/1887 B3 (Barnard)                                      169,  229
    CI87D010  1887 03 28.9358  1.006455  1.000000   36.5539  137.0419  139.7763  18870224   9.0  4.0  C/1887 D1 (Barnard)                                      128,  166
    CI87J010  1887 09  5.0085  1.458219  0.995834   15.2683  246.9799   17.2957  20230225   9.0  4.0  C/1887 J1 (Barnard)                                        8,   56
    CI88D010  1888 05 29.4297  0.748934  0.995360    0.0554  247.1355   41.5581  20230225   9.0  4.0  C/1888 D1 (Sawerthal)                                     83,   64
    CI88P010  1888 07 31.6363  0.902226  0.999908   59.2168  103.0576   74.1904             9.0  4.0  C/1888 P1 (Brooks)                                        18,  155
    CI88R010  1888 10 28.4188  1.923429  1.001078  340.1752  358.3543  166.7583  20230225   9.0  4.0  C/1888 R1 (Barnard)                                       83,   64
    CI88U010  1888 07 22.4448  1.450689  0.991540  289.0612  141.0514   56.3751  20230225   9.0  4.0  C/1888 U1 (Barnard)                                       83,   64
    CI89G010  1889 02 13.8850  2.220352  0.996978  235.5768  311.5150  163.4893  20230225   9.0  4.0  C/1889 G1 (Barnard)                                       78, 1118
    CI89O010  1889 10 17.5893  1.092696  0.997023  346.3895  287.3310   66.8842  20230225   9.0  4.0  C/1889 O1 (Davidson)                                      83,   64
    CI89X010  1890 01 26.9764  0.269796  1.000000  199.8551   10.0183   56.7537             9.0  4.0  C/1889 X1 (Borrelly)                                      89,  583
    CI90F010  1890 08 16.3512  1.901855  0.999949   69.1797  323.3319  121.7421  20230225   9.0  4.0  C/1890 F1 (Brooks)                                         6,    1
    CI90O010  1890 07  9.0372  0.764087  1.000000   85.6608   15.8347   63.3509  18900730   9.0  4.0  C/1890 O1 (Coggia)                                       200,  163
    CI90O020  1890 11 29.6167  1.347346  0.998443  163.4578  101.4854   99.6069  20230225   9.0  4.0  C/1890 O2 (Denning)                                       36,  246
    CI90V010  1890 08  7.3826  2.046694  0.995872  331.2842   86.9342  154.3070             9.0  4.0  C/1890 V1 (Zona)                                         140,  240
    CI91F010  1891 04 28.0209  0.397896  1.000000  178.7501  195.4535  120.5116  18910428   9.0  4.0  C/1891 F1 (Barnard-Denning)                                9,   18
    CI91T010  1891 11 14.0426  0.971089  1.000000  269.5671  219.5276   77.9880             9.0  4.0  C/1891 T1 (Barnard)                                       23,  163
    CI92E010  1892 07  2.8875  1.068025  0.998256   24.9301  242.1631   38.1301  20230225   9.0  4.0  C/1892 E1 (Swift)                                         83,   64
    CI92F010  1892 05 10.5260  1.819656  0.998996  128.2886  254.5684   89.6825  20230225   9.0  4.0  C/1892 F1 (Denning)                                       83,   64
    CI92Q010  1892 08 23.0522  1.059473  1.000515  254.0255  265.1261   24.8327  20230225   9.0  4.0  C/1892 Q1 (Brooks)                                        81,  125
    CI92W010  1893 01  6.9949  1.195108  1.000000   85.2140  187.1426  143.8494  18930110   9.0  4.0  C/1892 W1 (Brooks)                                       189,   12
    CI93N010  1893 09 23.0746  0.744661  0.998763   49.2532  340.9630  161.1241  20230225   9.0  4.0  C/1893 N1 (Rordame-Quenisset)                             12,   78
    CI93U010  1893 09 19.7223  0.811991  0.996489  347.4515  176.4141  129.8233             9.0  4.0  C/1893 U1 (Brooks)                                       137,  287
    CI94G010  1894 03 29.6567  1.030555  0.989253  324.4586  209.3935   85.7465  20230225   9.0  4.0  C/1894 G1 (Gale)                                          25,  182
    DI95Q010  2025 09  5.2067  1.388475  0.627062  199.2396  135.8068   13.5278  20230225   9.0  4.0  D/1895 Q1 (Swift)                                         13,  428
    CI95W010  1895 09 23.4096  0.211655  0.999893  270.1902  317.7467  140.6969  20230225   9.0  4.0  C/1895 W1 (Perrine)                                       83,   64
    CI95W020  1895 10 21.5526  0.843034  1.000000  298.7831   84.5467   76.2461             9.0  4.0  C/1895 W2 (Brooks)                                       143,  231
    CI96C010  1896 02  1.2766  0.587289  1.000000  358.3153  210.2789  155.7381  18960315   9.0  4.0  C/1896 C1 (Perrine-Lamp)                                 Sofia
    CI96G010  1896 04 18.1473  0.566286  1.000476    1.7387  179.7008   55.5600             9.0  4.0  C/1896 G1 (Swift)                                        148,  371
    CI96R010  1896 07 11.4427  1.142895  1.000000   41.0582  152.4400   88.4215             9.0  4.0  C/1896 R1 (Sperra)                                        22,   37
    CI96V010  1897 04 26.6389  1.128412  1.001068  172.8766   88.3925  146.1272  20230225   9.0  4.0  C/1896 V1 (Perrine)                                       83,   64
    CI97U010  1897 12  9.1425  1.356679  1.000000   65.9082   33.4878   69.6101             9.0  4.0  C/1897 U1 (Perrine)                                      151,  218
    CI98F010  1898 07 17.5835  1.061723  0.981272   46.9258  263.9321   72.2845  20230225   9.0  4.0  C/1898 F1 (Perrine)                                       83,   64
    CI98L010  1898 12 20.7779  1.652026  1.001356  232.7351   75.3765   69.3219  20230225   9.0  4.0  C/1898 L1 (Coddington-Pauly)                              83,   64
    CI98L020  1898 08 16.7055  0.626438  1.000000  205.6135  260.5279   70.0300  18980814   9.0  4.0  C/1898 L2 (Perrine)                                      182,  337
    CI98M010  1898 07 25.9966  1.501318  1.000000   22.3475  279.6618  166.8542             9.0  4.0  C/1898 M1 (Giacobini)                                    110,  288
    CI98R010  1898 10 21.0395  0.420373  1.000000  162.3761   36.2954   28.8596  18981021   9.0  4.0  C/1898 R1 (Perrine-Chofardet)                             22,  169
    CI98U010  1898 11 23.6523  0.756011  1.000000  123.5520   97.7443  140.3448  18981105   9.0  4.0  C/1898 U1 (Brooks)                                       164,  377
    CI98V010  1898 05 28.5262  2.248868  0.998371    4.5920   97.0819   22.4007  20230225   9.0  4.0  C/1898 V1 (Chase)                                         78, 1118
    CI99E010  1899 02 21.4706  0.366504  1.000457    9.4639   26.8283  148.3498  20230225   9.0  4.0  C/1899 E1 (Swift)                                         83,   64
    CI99S010  1899 09 15.4002  1.785838  1.000000   10.7733  273.6234   76.9442  18991010   9.0  4.0  C/1899 S1 (Giacobini)                                    193,  420
    CJ00B010  1900 02 11.1668  1.410360  1.000996   25.2939   42.3687  147.3552  20230225   9.0  4.0  C/1900 B1 (Giacobini)                                     83,   64
    CJ00O010  1900 10 15.9619  0.993032  1.000659   12.1861  329.6940   64.8780  20230225   9.0  4.0  C/1900 O1 (Borrelly-Brooks)                              1 (4)  16
    CJ01G010  1901 05  8.3461  0.217154  0.999855  201.7986  109.6039  127.4297  20251121   1.7  4.0  C/1901 G1 (Greatcomet)                                   MPC188408
    CJ02G010  1902 05  7.795   0.44392   1.00000   229.621    54.033    65.201              9.0  4.0  C/1902 G1 (Brooks)                                        48,  251
    CJ02R010  1903 02 18.8881  0.419519  0.999693  154.5919   52.5547  155.7584  20230225   9.0  4.0  C/1902 R1 (Perrine)                                       27,    9
    CJ02X010  1902 11 21.8014  2.781338  1.001070    5.8755  118.8456   43.2319  20230225   9.0  4.0  C/1902 X1 (Giacobini)                                     78, 1118
    CJ03A010  1902 11 25.6249  0.441712  0.999515  131.2313    6.7689   30.1377  20230225   9.0  4.0  C/1903 A1 (Giacobini)                                     25,  129
    CJ03H010  1903 03 25.9203  0.499420  1.000000  184.9416  214.4924   66.4835             9.0  4.0  C/1903 H1 (Grigg)                                         24,  177
    CJ03M010  1903 07  8.5133  0.284756  1.000271  125.5214  297.3953   84.0216  20230225   9.0  4.0  C/1903 M1 (Borrelly)                                      83,   64
    CJ04H010  1904 06  3.5172  2.660595  0.998911   53.0683  277.2060  125.3803  20230225   9.0  4.0  C/1904 H1 (Brooks)                                        78, 1118
    CJ04Y010  1904 12 17.3184  1.841790  0.999803   40.3447  219.0867   98.0155  20230225   9.0  4.0  C/1904 Y1 (Giacobini)                                     83,   64
    CJ05F010  2134 03  9.0443  1.159042  0.969069  358.2349  158.7818   39.3161  20230225   9.0  4.0  C/1905 F1 (Giacobini)                                      3,   66
    CJ05W010  1905 10 26.2625  1.052201  1.000000  132.6937  224.2493  140.5768             9.0  4.0  C/1905 W1 (Schaer)                                       4 (2) 222
    CJ05X010  1906 01 22.8564  0.215900  1.000000  199.2180   93.3702   43.6521             9.0  4.0  C/1905 X1 (Giacobini)                                    176,  293
    CJ06B010  1906 02 11.7069  1.200525  1.000467   89.2194  288.3861  126.8264  20230225   9.0  4.0  C/1906 B1 (Brooks)                                       MPC 54698
    CJ06E010  1905 05 31.5779  3.417566  1.001471  157.7708  344.6791    4.1889  20230225   9.0  4.0  C/1906 E1 (Kopff)                                         15,  129
    CJ06F010  1906 02 21.4332  0.722913  1.000000  276.4641   73.3526   83.4615             9.0  4.0  C/1906 F1 (Ross)                                         171,   89
    CJ06V010  1906 11 21.7264  1.212686  0.982625    8.6399   86.1033   56.3891             9.0  4.0  C/1906 V1 (Thiele)                                       200,   65
    CJ07E010  1907 03  3.3322  1.895087  1.000427  316.5119   98.5545  141.4905  20230225   9.0  4.0  C/1907 E1 (Giacobini)                                     83,   64
    CJ07G010  1907 03 28.0533  0.923861  1.000000  328.7561  190.4170  110.0572             9.0  4.0  C/1907 G1 (Grigg-Mellish)                                 26,   79
    CJ07L020  1907 05 30.7854  0.477679  0.998371  290.5483  147.8815    8.9678  20230225   9.0  4.0  C/1907 L2 (Daniel)                                        83,   64
    CJ07T010  1907 09 14.8563  0.982949  1.000000  294.3789   55.8959  119.6347             9.0  4.0  C/1907 T1 (Mellish)                                      177,  240
    CJ08R010  1909 02 21.4630  1.023931  1.000552  171.9910  104.5849  140.6565  20230225   9.0  4.0  C/1908 R1 (Morehouse)                                     83,   64
    CJ09L010  1909 06  5.7575  0.842844  0.994762    4.9955  306.8791   52.0803             9.0  4.0  C/1909 L1 (Borrelly-Daniel)                               57,   10
    CJ10A010  1909 10 18.4370  0.099368  0.999924  319.1862   89.1205  138.4022  20230225   9.0  4.0  C/1910 A1 (Great January comet)                          192,  379
    CJ10P010  1910 12  5.5406  1.926862  0.999678   50.6768  291.1836  121.6523  20230225   9.0  4.0  C/1910 P1 (Metcalf)                                       83,   64
    CJ11N010  1911 04  7.1634  0.708544  0.995620  108.8329  156.4872  148.4309  20230225   9.0  4.0  C/1911 N1 (Kiess)                                         83,   64
    CJ11O010  1911 07 15.9870  0.466905  0.996922  151.7829  295.3282   33.1328  20230225   9.0  4.0  C/1911 O1 (Brooks)                                        81,  125
    CJ11S020  1911 11 25.3092  0.838984  0.997748  123.1627   38.6074  107.8550  20230225   9.0  4.0  C/1911 S2 (Quenisset)                                     79, 1455
    CJ11S030  1911 08  6.3289  0.345281  0.999932   73.1632   89.7365   96.5463  20230225   9.0  4.0  C/1911 S3 (Beljawsky)                                     83,   64
    CJ12R010  1912 12 27.5836  0.709781  1.000355   25.1242  298.9447   81.6059  20230225   9.0  4.0  C/1912 R1 (Gale)                                          83,   64
    CJ12V010  1912 10 21.4583  1.107108  1.000000   99.6836  145.0159  124.6351             9.0  4.0  C/1912 V1 (Borrelly)                                     193,  159
    CJ13J010  1913 07 23.4293  1.496083  0.994693   53.6335  317.1922  153.0784  20230225   9.0  4.0  C/1913 J1 (Schaumasse)                                   OPP     4
    CJ13R010  1913 09 14.5538  1.356120  0.997560  117.7060  158.6396  143.3547             9.0  4.0  C/1913 R1 (Metcalf)                                       61,  288
    CJ13Y010  1914 08 16.5095  1.191443  0.999919   98.0188   61.1417   68.4382  20230225   9.0  4.0  C/1913 Y1 (Delavan)                                       83,   64
    CJ14F010  1914 08  9.3975  1.219101  0.998259   73.6740  198.3537   23.3167  20230225   9.0  4.0  C/1914 F1 (Kritzinger)                                    83,   64
    CJ14J010  1914 05  8.8728  0.543135  1.000000  116.4004   33.8561  112.9822             9.0  4.0  C/1914 J1 (Zlatinsky)                                      8,   68
    CJ14M010  1914 09 28.4871  3.808796  1.000584   13.9805  271.5807   71.1984  20230225   9.0  4.0  C/1914 M1 (Neujmin)                                       78, 1118
    CJ14S010  1914 08 12.9700  0.707640  0.998060  270.9535  358.4981   76.6899  20230225   9.0  4.0  C/1914 S1 (Campbell)                                      83,   64
    CJ15C010  1915 10  4.2971  0.945094  0.999132  246.9351   73.3953   54.3569  20230225   9.0  4.0  C/1915 C1 (Mellish)                                       83,   64
    CJ15R010  1915 10 13.8958  0.443292  1.000000  118.8479   78.8935   53.5460             9.0  4.0  C/1915 R1 (Mellish)                                        8,  151
    CJ16G010  1917 09  8.9299  1.666838  0.998950  122.3816  182.4100   25.7065  20230225   9.0  4.0  C/1916 G1 (Wolf)                                          83,   64
    CJ17F010  2061 07 24.2791  0.206075  0.992508  122.1880   87.6984   32.7775  20230225   9.0  4.0  C/1917 F1 (Mellish)                                       23a (11)
    CJ17H010  1917 05 18.7102  0.764184  1.000000  119.1607   10.8350  158.7379             9.0  4.0  C/1917 H1 (Schaumasse)                                     1,  180
    CJ18L010  1918 06  6.3793  1.101641  1.000000  194.9062   18.8382   69.7093             9.0  4.0  C/1918 L1 (Reid)                                           2,    1
    DJ18W010  2024 09 11.1174  2.834686  0.317645  326.4345   75.9301    6.8224  20230225   9.0  4.0  D/1918 W1 (Schorr)                                       114,  147
    CJ19Q020  1920 02 26.5951  1.111554  1.000207  185.7552  122.0518   47.4288  20230225   9.0  4.0  C/1919 Q2 (Metcalf)                                       83,   64
    CJ19Y010  1920 01  3.174   0.29769   1.00000   276.576   316.713   123.175              9.0  4.0  C/1919 Y1 (Skjellerup)                                     2,    9
    CJ20X010  1920 09 12.2109  1.101457  0.992302  340.2935  108.8053   21.9067  20230225   9.0  4.0  C/1920 X1 (Skjellerup)                                    83,   64
    CJ21E010  1921 07  1.3705  0.945325  1.000406   63.4580  269.0967  132.0851  20230225   9.0  4.0  C/1921 E1 (Reid)                                          83,   64
    CJ21H010  2041 07  5.1505  1.111705  0.926695   97.1698   66.9957   22.3541  20230225   9.0  4.0  C/1921 H1 (Dubiago)                                      MPC  4601
    CJ22B010  1921 10 28.7661  1.629083  0.986968  183.6812  275.5991   32.4456             9.0  4.0  C/1922 B1 (Reid)                                           1,   19
    CJ22U010  1922 12 26.2284  2.176638  1.001288  118.5991  220.5227   51.3143  20230225   9.0  4.0  C/1922 U1 (Baade)                                         78, 1118
    CJ22W010  1923 01  4.2231  0.923590  0.993735  264.4827  263.0567   23.3659             9.0  4.0  C/1922 W1 (Skjellerup)                                    35,   91
    CJ23T010  1923 11 18.3480  0.777832  1.000000  255.3244  227.7378  113.7920             9.0  4.0  C/1923 T1 (Dubiago-Bernard)                                4,  103
    CJ24F010  1924 04 18.3369  1.659495  0.998870  270.2719  116.0859   72.5529  20230225   9.0  4.0  C/1924 F1 (Reid)                                          83,   64
    CJ24R010  1924 09  4.8425  0.405993  1.000000   66.5394   81.1240  120.1495             9.0  4.0  C/1924 R1 (Finsler)                                       13,  430
    CJ25F010  1925 09 30.2065  4.015285  0.999367  205.2790  358.3824  146.0046  20230225   9.0  4.0  C/1925 F1 (Shajn-Comas Sola)                              78, 1118
    CJ25F020  1925 09 11.5156  1.666112  0.992669  260.6973    5.3608   26.4764  20230225   9.0  4.0  C/1925 F2 (Reid)                                          39,  124
    CJ25G010  1925 05 23.8239  1.117924  1.000735   36.0376  319.9946  101.8312  20230225   9.0  4.0  C/1925 G1 (Orkisz)                                        83,   64
    CJ25V010  1925 12  7.2673  0.763569  1.000505  126.1298  141.7818  144.5980             9.0  4.0  C/1925 V1 (Wilk-Peltier)                                 IAWP    1
    CJ25W010  1925 08 24.5557  1.518857  1.000397  104.7518  337.5598   49.5485  20230225   9.0  4.0  C/1925 W1 (Van Biesbroeck)                                83,   64
    CJ25X010  1926 02 11.9728  0.322588  1.000000  354.8856  283.4568  123.0003             9.0  4.0  C/1925 X1 (Ensor)                                         13,  430
    CJ26B010  1925 12 18.4019  1.269754  0.991921  328.3394  137.9583  127.5026  20230225   9.0  4.0  C/1926 B1 (Blathwayt)                                     19,   82
    CJ27A010  1927 02 14.503   1.03557   1.00000   231.851    19.815    92.363              9.0  4.0  C/1927 A1 (Blathwayt)                                    IAUC  160
    CJ27B010  1926 12 30.4119  0.751640  1.000000  224.4377  109.6946   83.6631             9.0  4.0  C/1927 B1 (Reid)                                          13,  430
    CJ27E010  1927 03 29.4904  3.725646  0.996251   11.1739  215.7681   86.6904  20230225   9.0  4.0  C/1927 E1 (Stearns)                                       78, 1118
    CJ27X010  1927 10  4.7224  0.192801  0.999812   48.3279   78.4222   85.6809  20230225   9.0  4.0  C/1927 X1 (Skjellerup-Maristany)                          83,   64
    CJ29Y010  1930 01 22.3097  0.672235  0.999028  157.4943  179.9721  124.5103             9.0  4.0  C/1929 Y1 (Wilk)                                         POR    10
    CJ30D010  1930 01 15.6099  1.087114  0.998131  325.0835  148.5325   99.8830             9.0  4.0  C/1930 D1 (Peltier-Schwassmann-Wachmann)                 2 (2)   7
    CJ30E010  1930 01 20.8950  2.089757  0.999886   24.9189  117.1148   71.0963  20230225   9.0  4.0  C/1930 E1 (Beyer)                                         10,  237
    CJ30F010  1929 12 17.0262  0.506785  0.991758   47.6636   90.7877   66.8319  20230225   9.0  4.0  C/1930 F1 (Wilk)                                           6,  175
    CJ30L010  1930 05 10.4376  1.152800  1.000000  320.9657  279.2646   97.0912  19300606   9.0  4.0  C/1930 L1 (Forbes)                                         5,  138
    CJ31O010  1931 03 13.0471  1.088348  0.978080  319.4367  193.3663   41.7548  20230225   9.0  4.0  C/1931 O1 (Nagata)                                        83,   64
    CJ31P010  1931 11  4.8054  0.089736  0.999221  169.1109  103.2462  169.4524  20230225   9.0  4.0  C/1931 P1 (Ryves)                                         26,  166
    CJ32G010  1932 01 13.6999  1.298913  0.970501  303.4429  214.5241   74.0509  20230225   9.0  4.0  C/1932 G1 (Houghton-Ensor)                                 5,  167
    CJ32H010  1931 11 30.5955  2.330615  1.000000  110.3054   18.7965   58.0633             9.0  4.0  C/1932 H1 (Carrasco)                                      26,  104
    CJ32M010  1932 11 19.5091  1.584796  1.000667   69.2166  245.6561   77.6987  20230225   9.0  4.0  C/1932 M1 (Newman)                                        83,   64
    CJ32M020  1932 10 13.0595  2.355265  1.000839  330.3870  217.1691  124.5297  20230225   9.0  4.0  C/1932 M2 (Geddes)                                        78, 1118
    CJ32P010  1932 09 22.0706  1.020737  0.976759   38.1429  346.4176   73.1127  20230225   9.0  4.0  C/1932 P1 (Peltier-Whipple)                                7,   41
    CJ32Y010  1932 11 17.1915  1.083339  0.973241  327.4463   78.3476   24.5938  20230225   9.0  4.0  C/1932 Y1 (Dodwell-Forbes)                                45,   69
    CJ33D010  1933 02  6.6990  1.000691  1.000000  135.9874  312.4663   86.6786             9.0  4.0  C/1933 D1 (Peltier)                                       16,  118
    CJ35A010  1934 11 23.4013  0.816144  0.990636   18.7201   92.1716   65.3691  20230225   9.0  4.0  C/1935 A1 (Johnson)                                       45,   54
    CJ35M010  1934 09  6.9205  3.485700  1.000000  124.3132   74.2111  141.9494             9.0  4.0  C/1935 M1 (Jackson)                                      IAUC  547
    CJ35Q010  1936 07 15.3710  3.993765  1.001624   44.3938  301.0285   66.7034  20230225   9.0  4.0  C/1935 Q1 (Van Biesbroeck)                                78, 1118
    CJ36K010  1936 08  9.0585  1.138355  0.991099  149.0009  134.0524   79.4845  20230225   9.0  4.0  C/1936 K1 (Peltier)                                      36 (1) 52
    CJ36O010  1936 09  5.0745  0.496092  0.994418   45.1655  264.8367  121.8884  20230225   9.0  4.0  C/1936 O1 (Kaho-Kozik-Lis)                                 5,   69
    CJ37C010  1937 06  9.5846  1.807653  0.997642  108.9762  127.0488   41.4121  20230225   9.0  4.0  C/1937 C1 (Whipple)                                       83,   64
    CJ37D010  1936 10 23.1628  0.615810  0.981153   31.2808   58.4846   26.3037  20230225   9.0  4.0  C/1937 D1 (Wilk)                                          31,  517
    CJ37N010  1937 09  2.5956  0.935780  0.999863  116.3529   60.8391  146.4976  20230225   9.0  4.0  C/1937 N1 (Finsler)                                       83,   64
    CJ37P010  1936 11 30.1565  2.013904  0.968517  148.1165   97.0451   11.6233  20230225   9.0  4.0  C/1937 P1 (Hubble)                                        35,  120
    CJ39B010  1938 11 25.9289  0.696415  0.995253  168.6667  290.0089   62.5778  20230225   9.0  4.0  C/1939 B1 (Kozik-Peltier)                                113,  390
    CJ39H010  1939 05 16.3632  0.506309  0.998100   90.2806  314.3639  138.7245  20230225   9.0  4.0  C/1939 H1 (Jurlof-Achmarof-Hassel)                         7,  727
    CJ39V010  1939 11  1.5189  0.916339  0.996729  126.3271  195.2272   93.4199  20230225   9.0  4.0  C/1939 V1 (Friend)                                       MPC  6099
    CJ40O010  1940 11 13.6557  1.029578  0.980354  234.5030  136.2893   55.7335  20230225   9.0  4.0  C/1940 O1 (Whipple-Paraskevopoulos)                       83,   64
    CJ40R020  1940 11  2.0968  0.384130  1.000564  200.3917  295.8947   48.1988  20230225   9.0  4.0  C/1940 R2 (Cunningham)                                    83,   64
    CJ40S010  1940 07 31.9823  0.983165  1.001055  329.8338  129.0375  132.3151  20230225   9.0  4.0  C/1940 S1 (Okabayasi-Honda)                               83,   64
    CJ41B010  1941 01 20.3777  0.941864  0.981221  132.7319  329.7897   26.2756             9.0  4.0  C/1941 B1 (Friend-Reese-Honda)                            26,  104
    CJ41B020  1940 12 24.2385  0.715366  0.999132  266.3587   41.1025  168.0407  20230225   9.0  4.0  C/1941 B2 (de Kock-Paraskevopoulos)                       83,   64
    CJ41K010  1941 10  3.0437  0.801786  0.999885   84.0604  257.1777   94.2061  20230225   9.0  4.0  C/1941 K1 (van Gent)                                      15,  138
    CJ42C010  1942 03 22.7015  1.467539  1.001181  223.9375  339.9401   77.5342  20230225   9.0  4.0  C/1942 C1 (Whipple-Bernasconi-Kulin)                     21 (2) 19
    CJ42C020  1942 09 20.2700  3.943712  1.000743  162.8730  280.9117  172.4876  20230225   9.0  4.0  C/1942 C2 (Oterma)                                        26,  114
    CJ42E00A  1942 02 15.8195  1.287079  0.933639  335.2229  172.2906   37.9961             9.0  4.0  C/1942 EA (Vaisala)                                      TI     35
    CJ42X010  1942 11 11.7102  1.393797  0.991321   40.4562  100.3431   19.5872  20230225   9.0  4.0  C/1942 X1 (Whipple-Fedtke-Tevzadze)                       83,   64
    CJ43R010  1943 08 21.5465  0.758300  1.000000   36.4129   83.3863  161.3186             9.0  4.0  C/1943 R1 (Daimaca)                                      IAUC  970
    CJ43W010  1944 01 12.249   0.87430   1.00000    33.078    58.631   136.181              9.0  4.0  C/1943 W1 (van Gent-Peltier-Daimaca)                      26,  114
    CJ44H010  1945 01 30.9176  2.474949  0.994472  239.9239   28.4348   16.9116  20230225   9.0  4.0  C/1944 H1 (Vaisala)                                       83,   64
    CJ44K020  1944 07  8.7886  2.259154  1.001319  337.1852  204.4512   94.1994  20230225   9.0  4.0  C/1944 K2 (van Gent)                                      78, 1118
    CJ45L010  1945 05 17.1455  0.998063  1.000000  280.1236  255.0453  156.5080             9.0  4.0  C/1945 L1 (du Toit)                                      HAC   719
    CJ45W010  1945 12 17.280   0.19435   1.00000   216.712   326.204    49.480              9.0  4.0  C/1945 W1 (Friend-Peltier)                                13,  430
    CJ45X010  1945 12 27.9652  0.007516  1.000000   72.0619  351.2006  141.8734             9.0  4.0  C/1945 X1 (du Toit)                                       72, 1170
    CJ46C010  1946 02 11.1603  1.771298  0.999263   54.9560  128.8438   72.0038  20230225   9.0  4.0  C/1946 C1 (Timmers)                                       83,   64
    CJ46K010  1946 05 11.4365  1.018252  1.000000   22.2328  301.9765  169.5619             9.0  4.0  C/1946 K1 (Pajdusakova-Rotbart-Weber)                     15,  452
    CJ46P010  1946 10  2.5328  1.209174  1.000060  320.5671  238.9935   56.7174  20230225   9.0  4.0  C/1946 P1 (Jones)                                         83,   64
    CJ46U010  1947 01 10.2596  2.393282  0.999827  348.3661   34.9758  108.9270  20230225   9.0  4.0  C/1946 U1 (Bester)                                        78, 1118
    CJ47F010  1947 07  4.3567  0.559422  0.997517  305.8465  351.3682   39.6758  20230225   9.0  4.0  C/1947 F1 (Rondanina-Bester)                              83,   64
    CJ47F020  1947 05  3.9198  0.961836  1.000000  182.1286  323.0708  129.1558             9.0  4.0  C/1947 F2 (Becvar)                                       HAC   807
    CJ47K010  1947 05 31.1131  1.402863  1.000000  357.3889  233.0629  111.4094             9.0  4.0  C/1947 K1 (Bester)                                        15,  452
    CJ47O010  1947 08 11.0319  2.890863  1.001114    9.5346  311.8067   98.1559  20230225   9.0  4.0  C/1947 O1 (Wirtanen)                                      78, 1118
    CJ47S010  1948 03 23.6984  0.790130  1.000428  350.5823  271.7492  140.6079  20230225   9.0  4.0  C/1947 S1 (Bester)                                        83,   64
    CJ47V010  1947 11 17.905   0.75309   1.00000   221.236   312.659   106.291              9.0  4.0  C/1947 V1 (Honda)                                          7,   33
    CJ47X01a  1947 10 14.2531  0.094045  0.999503  195.1743  336.1109  134.7882  20230225   9.0  4.0  C/1947 X1-A (Southern comet)                              38,  189
    CJ47X01b  1947 10 28.0576  0.097257  0.999560  336.0936  195.0608  134.8872  20220809   9.0  4.0  C/1947 X1-B (Southern comet)                              38,  189
    CJ47Y010  1948 02 25.7344  1.493701  1.000025   62.0447  198.1754   76.1528  20230225   9.0  4.0  C/1947 Y1 (Mrkos)                                         83,   64
    CJ48E010  1948 06 28.5686  2.042262  1.000126   66.2851  247.3347   92.3773  20230225   9.0  4.0  C/1948 E1 (Pajdusakova-Mrkos)                             83,   64
    CJ48L010  1948 03 26.1285  0.231233  0.999543  315.5746  205.6196   22.6721  20230225   9.0  4.0  C/1948 L1 (Honda-Bernasconi)                              19,   52
    CJ48N010  1949 06  8.6767  2.523501  0.998911  229.8950  120.9625  130.7651  20230225   9.0  4.0  C/1948 N1 (Wirtanen)                                      78, 1118
    CJ48R010  1948 04  8.9538  4.708380  1.000000  191.8392  140.4113   53.2325             9.0  4.0  C/1948 R1 (Johnson)                                       15,  452
    CJ48T010  1947 07  5.7230  3.297816  0.999010   73.4474  121.8204  154.9008  20230225   9.0  4.0  C/1948 T1 (Wirtanen)                                      83,   64
    CJ48V010  1948 12 11.1987  0.123017  0.999953  110.9433  206.7630   23.0810  20230225   9.0  4.0  C/1948 V1 (Eclipse comet)                                 13,   33
    CJ48W010  1948 11 16.5450  1.202277  0.997267  273.4458   67.0989   87.2055  20230225   9.0  4.0  C/1948 W1 (Bester)                                        83,   64
    CJ49K010  1950 02 16.7210  2.481819  0.998803   39.4861  221.9163  130.5956  20230225   9.0  4.0  C/1949 K1 (Johnson)                                       83,   64
    CJ49N010  1949 11 27.1728  2.000249  0.998219   89.1470  310.5955  106.1768  20230225   9.0  4.0  C/1949 N1 (Bappu-Bok-Newkirk)                              9,  569
    CJ50K010  1951 02 17.9118  2.526220  0.999554  192.3415   38.9912  143.5858  20230225   9.0  4.0  C/1950 K1 (Minkowski)                                     83,   64
    CJ51C010  1951 01 30.4262  0.719063  1.000000   68.6020  311.2198   87.8968             9.0  4.0  C/1951 C1 (Pajdusakova)                                    9,  316
    CJ51G010  1951 11  6.5893  3.643014  1.000000  187.4692   31.5516   18.6387             5.5  4.0  C/1951 G1 (Groeneveld)                                   MPEC 2023-F18
    CJ51G020  1950 09  6.9959  3.605854  0.999401  109.5834  355.4029  170.6691  20230225   6.0  4.0  C/1951 G2 (Groeneveld-Palomar)                           MPEC 2023-J76
    CJ51P010  1952 01 13.0971  0.673179  0.999609  268.4211   76.2541  152.5327  20230225   9.0  4.0  C/1951 P1 (Wilson-Harrington)                             83,   64
    DJ52B010  2022 07 24.0308  1.155106  0.624934    5.0094  116.4179   11.1682  20230225   9.0  4.0  D/1952 B1 (Harrington-Wilson)                            MPC  4601
    CJ52H010  1952 06 12.7828  1.346896  0.981349  145.0197  121.8155  112.5238  20230225   9.0  4.0  C/1952 H1 (Mrkos)                                        CCO     9
    CJ52M010  1952 08 14.8118  1.207690  0.999490   97.9133  186.7557   45.0087  20230225   9.0  4.0  C/1952 M1 (Peltier)                                      CCO     9
    CJ52Q010  1952 12 18.9092  1.617602  0.994537  191.3773  221.3003   60.1193  20230225   9.0  4.0  C/1952 Q1 (Harrington)                                    83,   64
    CJ52W010  1952 12 30.2270  0.782789  1.000211  253.8681  341.5103   95.6151  20230225   9.0  4.0  C/1952 W1 (Mrkos)                                         83,   64
    CJ53G010  1953 06 23.9251  0.953674  0.996982   84.6357  276.1718   93.9677  20230225   9.0  4.0  C/1953 G1 (Mrkos-Honda)                                   83,   64
    CJ53T010  1954 06  9.0933  1.013540  1.000883  194.7473    2.9523   51.4841  20230225   9.0  4.0  C/1953 T1 (Abell)                                         83,   64
    CJ53X010  1954 01 24.6714  0.072347  1.000000   94.0779  115.2328   13.5729             9.0  4.0  C/1953 X1 (Pajdusakova)                                   19,   82
    CJ54M010  1954 01 18.0996  2.060608  1.000000    1.4178  292.7314  136.6445  19540806   9.0  4.0  C/1954 M1 (Harrington)                                     1,  232
    CJ54M020  1954 09 27.3192  0.697244  1.000013  253.7445   75.0879   88.0149  20230225   9.0  4.0  C/1954 M2 (Kresak-Peltier)                               IANA    5
    CJ54O010  1954 04 19.3308  0.639939  1.000069  357.0845  123.0593  114.8860  20230225   9.0  4.0  C/1954 O1 (Vozarova)                                      83,   64
    CJ54O020  1955 08 19.4321  3.733995  0.998797  143.9874  265.1525  100.3292  20230225   9.0  4.0  C/1954 O2 (Baade)                                         78, 1118
    CJ54Y010  1955 11 27.6220  4.124364  1.000625   57.5160   72.8974   79.9917  20230225   9.0  4.0  C/1954 Y1 (Haro-Chavira)                                  78, 1118
    CJ55G010  1954 04 21.6239  4.506353  1.000684   73.9287  321.8053  124.4207  20230225   9.0  4.0  C/1955 G1 (Abell)                                         78, 1118
    CJ55L010  1955 04 18.2713  0.538605  0.988738   32.5998   49.5396   87.9673  20230225   9.0  4.0  C/1955 L1 (Mrkos)                                         83,   64
    CJ55N010  1955 08 27.4531  1.422067  0.994163   13.1234  303.5572   50.7423  20230225   9.0  4.0  C/1955 N1 (Bakharev-Macfarlane-Krienke)                   17,  237
    CJ55O010  1955 08  9.1025  0.923464  1.000484  348.2513  338.6891  109.0969  20230225   9.0  4.0  C/1955 O1 (Honda)                                         83,   64
    CJ56E010  1956 04 13.6091  0.842240  1.000000   81.0015  226.7159  147.4519             9.0  4.0  C/1956 E1 (Mrkos)                                         68,  124
    CJ56F01a  1957 08 20.3045  4.551946  0.999964   13.3892  233.8395   32.9606  20230225   9.0  4.0  C/1956 F1-A (Wirtanen)                                    83,   64
    CJ56R010  1957 04 25.5083  0.334243  1.000242  310.4841  218.5741  119.2233  20230225   9.0  4.0  C/1956 R1 (Arend-Roland)                                  83,   64
    CJ57P010  1957 06 17.8019  0.365043  0.998849   40.8171   68.9297   95.3624  20230225   9.0  4.0  C/1957 P1 (Mrkos)                                         83,   64
    CJ57U010  1957 12  5.1293  0.539130  1.000000  277.6138  210.8753  156.7154             9.0  4.0  C/1957 U1 (Latyshev-Wild-Burnham)                        IAUC 1633
    CJ58D010  1958 02 18.4224  1.363751  0.997486   16.7489  150.7437   15.5649  20230225   9.0  4.0  C/1958 D1 (Burnham)                                       83,   64
    CJ58R010  1959 03  9.4091  1.574529  0.999575   99.5966  325.0126   61.5280  20230225   9.0  4.0  C/1958 R1 (Burnham-Slaughter)                             83,   64
    CJ59O010  1959 08 25.3700  1.259857  1.002708  186.4925  105.8943   12.9260  20230225   9.0  4.0  C/1959 O1 (Bester-Hoffmeister)                           286,   79
    CJ59Q010  1959 09  9.9563  1.169929  1.000731  125.9638  158.4412   48.4611  20230225   9.0  4.0  C/1959 Q1 (Alcock)                                        11,  552
    CJ59Q020  1959 09 15.8803  0.165507  1.000000  300.6059  225.7683  107.7622             9.0  4.0  C/1959 Q2 (Alcock)                                         1,  232
    CJ59X010  1959 09 28.7879  1.298065  0.996657   85.3763   99.5854   19.5133  20230225   9.0  4.0  C/1959 X1 (Mrkos)                                         83,   64
    CJ59Y010  1960 04  8.7994  0.547057  1.000174  307.9981  253.9068  159.5757  20230225   9.0  4.0  C/1959 Y1 (Burnham)                                       83,   64
    CJ60B010  1959 09 27.7274  1.170751  1.000000  273.2478   83.7794   69.5010             9.0  4.0  C/1960 B1 (Burnham)                                        2,  158
    CJ60M010  1960 01  1.1994  4.307106  1.000726   46.5298  307.5232  125.8915  20230225   9.0  4.0  C/1960 M1 (Humason)                                       78, 1118
    CJ60Y010  1961 01  1.0604  1.081063  0.989533  135.8452  176.2730  151.2396  20230225   9.0  4.0  C/1960 Y1 (Candy)                                         83,   64
    CJ61O010  1961 07 17.1755  0.051310  0.999888  277.7077  291.8745   23.8939  20230225   9.0  4.0  C/1961 O1 (Wilson-Hubbard)                                27,  605
    CJ61R010  1962 12 22.6960  2.196558  0.988482  234.1600  156.1239  153.7475  20230225   9.0  4.0  C/1961 R1 (Humason)                                       83,   64
    CJ61T010  1961 09  4.0957  0.640844  0.991832  126.2919  247.2518  155.7259  20230225   9.0  4.0  C/1961 T1 (Seki)                                          83,   64
    CJ62C010  1962 05  8.0546  0.030085  0.999995   10.7796  305.9137   71.1753  20230225   9.0  4.0  C/1962 C1 (Seki-Lines)                                    83,   64
    CJ62H010  1962 04 20.1985  0.653093  1.000000   72.1412   79.8183   72.8735             9.0  4.0  C/1962 H1 (Honda)                                         13,  432
    CJ63A010  1963 02  1.3553  0.618494  0.993447  335.7581   52.6732  160.8183  20230225   9.0  4.0  C/1963 A1 (Ikeya)                                         83,   64
    CJ63F010  1963 04 25.7829  1.591707  0.997399  146.9057   44.0922   85.7995  20230225   9.0  4.0  C/1963 F1 (Alcock)                                        19,  174
    CJ63R010  1963 09 27.7203  0.007886  0.999909  104.4852   29.3107  146.6014  20230225   9.0  4.0  C/1963 R1 (Pereyra)                                       83,   64
    CJ64L010  1964 08  2.6779  0.509263  0.995227   59.5068  311.0628  162.3902  20230225   9.0  4.0  C/1964 L1 (Tomita-Gerber-Honda)                           83,   64
    CJ64N010  1964 07 27.6463  0.873460  0.983270  291.4151  270.5118  171.9232  20230225   9.0  4.0  C/1964 N1 (Ikeya)                                         83,   64
    CJ64P010  1964 09 28.4738  1.266777  0.995610   20.5730  280.5521   68.4321  20230225   9.0  4.0  C/1964 P1 (Everhart)                                      83,   64
    CJ65S01a  1965 11 23.8117  0.010155  0.999883    7.5258   85.8201  147.4343  20230225   9.0  4.0  C/1965 S1-A (Ikeya-Seki)                                  72, 1170
    CJ65S01b  1965 11 20.4995  0.009002  0.999908    7.2465   85.4801  144.9353  20220809   9.0  4.0  C/1965 S1-B (Ikeya-Seki)                                  72, 1170
    CJ65S020  1965 10 26.1401  1.293900  1.000000  150.5239  175.6235   65.0092             9.0  4.0  C/1965 S2 (Alcock)                                       IAUC 1939
    CJ66P010  1966 11 27.0623  2.385194  0.998988  155.2455  155.0877   40.6680  20230225   9.0  4.0  C/1966 P1 (Kilston)                                       78, 1118
    CJ66P020  1966 05 20.7745  2.015553  0.997609  137.1350  166.5244   28.8812  20230225   9.0  4.0  C/1966 P2 (Barbon)                                        83,   64
    CJ66R010  1966 08  5.320   0.88188   1.00000    50.047   107.660    48.279              9.0  4.0  C/1966 R1 (Ikeya-Everhart)                                 8,  280
    CJ66T010  1966 12  7.7283  0.449812  1.000369   80.1317   75.7116    9.1427  20230225   9.0  4.0  C/1966 T1 (Rudnicki)                                      83,   64
    CJ67C010  1967 03 13.7425  0.457263  1.000000  144.3132  200.5401  106.4756             9.0  4.0  C/1967 C1 (Seki)                                           9,  318
    CJ67C020  1967 03  2.5286  1.327158  1.000000  173.2610  306.8449   99.1058             9.0  4.0  C/1967 C2 (Wild)                                           9,  318
    CJ67M010  1967 06 16.7850  0.178251  1.000000   78.9440   32.2934   56.7083             9.0  4.0  C/1967 M1 (Mitchell-Jones-Gerber)                        IAUC 2038
    CJ67Y010  1968 03 19.5957  1.629445  0.998959   70.0485  254.9128  129.0939  20230225   9.0  4.0  C/1967 Y1 (Ikeya-Seki)                                    83,   64
    CJ68H010  1968 06  2.4628  0.653082  0.995776   49.7338  232.3049  101.0060  20230225   9.0  4.0  C/1968 H1 (Tago-Honda-Yamamoto)                           41,   95
    CJ68L010  1968 06  4.5031  1.234003  1.000000  353.9761  254.7165   61.7687             9.0  4.0  C/1968 L1 (Whitaker-Thomas)                              IAUC 2086
    CJ68N010  1968 07  7.8714  1.214578  0.999679   89.1428  106.7229  143.2016  20230225   9.0  4.0  C/1968 N1 (Honda)                                         83,   64
    CJ68Q010  1968 08 20.8448  1.771085  1.000000   26.8644  319.3954   93.1695             9.0  4.0  C/1968 Q1 (Bally-Clayton)                                 19,   84
    CJ68Q020  1968 11  3.8380  1.098991  1.000000  282.8072  253.2939  127.9128             9.0  4.0  C/1968 Q2 (Honda)                                        IAUC 2121
    CJ68U010  1968 03 31.252   2.60907   1.00000   101.688   209.197   135.165              9.0  4.0  C/1968 U1 (Wild)                                         IAUC 2121
    CJ68Y010  1968 12 18.8158  3.295190  0.994458   82.0380   16.7709   45.6743  20230225   9.0  4.0  C/1968 Y1 (Thomas)                                        78, 1118
    CJ69O01a  1970 03 24.3022  1.651655  0.998467  122.7409  302.3638   86.1932  20230225   9.0  4.0  C/1969 O1-A (Kohoutek)                                    83,   64
    CJ69P010  1969 10 12.4480  0.773917  1.000000  299.0175  192.3980    8.9257             9.0  4.0  C/1969 P1 (Fujikawa)                                     IAUC 2190
    CJ69T010  1970 01  3.1883  0.435771  0.999834  266.6110  102.3318   75.9315  20230225   9.0  4.0  C/1969 T1 (Tago-Sato-Kosaka)                              83,   64
    CJ69Y010  1970 03 28.8160  0.552770  0.996100  354.2984  225.1270   88.6623  20230225   9.0  4.0  C/1969 Y1 (Bennett)                                       83,   64
    CJ70B010  1970 02 15.8053  0.065742  1.000000  266.6535   30.6057  100.1760             9.0  4.0  C/1970 B1 (Daido-Fujikawa)                               YC   1724
    CJ70K010  1970 05 14.4858  0.008879  1.000000   61.2903  337.0147  139.0714             9.0  4.0  C/1970 K1 (White-Ortiz-Bolelli)                          IAUC 2261
    CJ70N010  1970 10 24.8045  1.149190  0.999904   97.6117   23.1902  127.2007  20230225   9.0  4.0  C/1970 N1 (Abe)                                           83,   64
    CJ70U010  1970 10  1.7954  0.405499  1.000000  318.5220  293.6802   60.7849             9.0  4.0  C/1970 U1 (Suzuki-Sato-Seki)                              13,  432
    CJ71E010  1971 04 21.6879  1.292725  1.000721  152.7698  104.0308  109.9701  20230225   9.0  4.0  C/1971 E1 (Toba)                                          83,   64
    CJ71M010  1971 12  7.1537  2.887140  1.000000   43.9014  267.7772   97.1995             4.0  4.0  C/1971 M1 (Edwards)                                      MPEC 2023-FE8
    CJ72E010  1972 04 11.6385  0.933550  0.998020  258.2399  161.6840  124.5165  20230225   9.0  4.0  C/1972 E1 (Bradfield)                                    MPC  4601
    CJ72F010  1971 01 20.2481  3.320438  0.996271  129.4804   25.5626  175.6234  20230225   9.0  4.0  C/1972 F1 (Gehrels)                                       83,   64
    CJ72L010  1972 12  1.5205  4.263677  1.003147   56.5707  225.2660   78.8368  20230225   9.0  4.0  C/1972 L1 (Sandage)                                       83,   64
    CJ72U010  1973 01 18.7512  2.122447  0.999844  333.8787   42.7324  142.0859  20230225   9.0  4.0  C/1972 U1 (Kojima)                                        83,   64
    CJ72X010  1972 11 15.2102  4.907464  0.998083  267.4131  314.4998  112.7810  20230225   9.0  4.0  C/1972 X1 (Araya)                                         83,   64
    CJ73A010  1972 10 18.5301  2.457730  0.999231  346.3527  176.3812  138.1276  20230225   9.0  4.0  C/1973 A1 (Heck-Sause)                                    83,   64
    CJ73D010  1973 05 16.7211  1.349660  0.997094   73.9233  163.7855  121.1556  20230225   9.0  4.0  C/1973 D1 (Kohoutek)                                      83,   64
    CJ73E010  1974 01 27.8177  0.139578  0.999951   37.5992  258.6390   14.0740  20230225   9.0  4.0  C/1973 E1 (Kohoutek)                                      83,   64
    CJ73H010  1973 02  1.0264  2.455811  0.971221  123.6000   58.0751   48.3372  20230225   9.0  4.0  C/1973 H1 (Huchra)                                       CCO     9
    CJ73N010  1973 12  6.6185  4.759990  0.998182   72.2995  279.2514  137.4197  20230225   9.0  4.0  C/1973 N1 (Sandage)                                      MPC  4601
    CJ73W010  1973 07  5.9587  3.874264  1.000148  221.4897  244.7067  108.3835  20230225   9.0  4.0  C/1973 W1 (Gibson)                                       MPC  4540
    CJ74C010  1974 02 15.2112  0.498615  0.999537  332.4037  144.8439   60.1948  20230225   9.0  4.0  C/1974 C1 (Bradfield)                                     83,   64
    CJ74F010  1975 08 28.7771  3.037314  0.998869  261.9563   11.6191   50.1044  20230225   9.0  4.0  C/1974 F1 (Lovas)                                        MPC  4602
    CJ74O010  1974 04 25.4450  1.433361  0.978426  176.7192  165.5598  173.2845  20230225   9.0  4.0  C/1974 O1 (Cesco)                                        CCO     9
    CJ74V010  1974 08 28.6155  5.919581  0.996745  151.5303  225.7957   60.9946  20230225   9.0  4.0  C/1974 V1 (van den Bergh)                                 83,   64
    CJ74V020  1974 12  1.5228  0.864646  1.000000  324.9673   51.3485  134.8269             9.0  4.0  C/1974 V2 (Bennett)                                       19,   54
    CJ75E010  1975 04  1.4305  1.182311  1.000963  262.9606  159.3085   55.9092  20230225   9.0  4.0  C/1975 E1 (Bradfield)                                     83,   64
    CJ75N010  1975 08 30.1090  0.394459  0.999938  115.8850  297.7439   80.6041  20230225   9.0  4.0  C/1975 N1 (Kobayashi-Berger-Milon)                       CCO     6
    CJ75T010  1975 11 19.2665  1.646085  0.997370  246.7406  278.4569   91.4146  20230225   9.0  4.0  C/1975 T1 (Mori-Sato-Fujikawa)                            83,   64
    CJ75T020  1975 09 22.9667  0.824757  0.985582  151.4747  216.1002  118.8573  20230225   9.0  4.0  C/1975 T2 (Suzuki-Saigusa-Mori)                           83,   64
    CJ75V01a  1976 01 18.0585  0.198669  0.999969  358.2406  119.2099   41.8899  20230225   9.0  4.0  C/1975 V1-A (West)                                        83,   64
    CJ75V020  1976 01 14.2694  0.230285  0.999767  358.3703  271.1391   71.2360  20230225   9.0  4.0  C/1975 V2 (Bradfield)                                     83,   64
    CJ75X010  1975 11 29.6074  0.868881  1.001170  215.7622  281.2783   93.4816  20230225   9.0  4.0  C/1975 X1 (Sato)                                          83,   64
    CJ76D010  1976 01 24.4373  0.847348  0.993787  312.0212  162.1779   46.4686  20230225   9.0  4.0  C/1976 D1 (Bradfield)                                    MPC  4602
    CJ76D020  1975 01 24.2806  6.862192  1.000197  193.5280   22.9194  111.5445  20230225   9.0  4.0  C/1976 D2 (Schuster)                                     CCO     6
    CJ76E010  1976 02 25.060   0.67832   1.00000   221.767    70.203   147.778              9.0  4.0  C/1976 E1 (Bradfield)                                     26,   79
    CJ76J010  1976 11 19.5005  1.598560  0.999415  193.3441   81.4838   38.7070  20230225   9.0  4.0  C/1976 J1 (Harlan)                                        83,   64
    CJ76U010  1976 08  1.2498  5.740545  0.998953  118.4148  286.1781   86.6610  20230225   9.0  4.0  C/1976 U1 (Lovas)                                        MPC  4602
    DJ77C010  2021 07 27.5269  2.799577  0.268551   25.2296   80.2928    3.1985  20230225   9.0  4.0  D/1977 C1 (Skiff-Kosai)                                  MPC 11152
    CJ77D010  1976 10 16.7572  5.668758  0.999057  145.7670  338.6843   64.4227  20230225   9.0  4.0  C/1977 D1 (Lovas)                                        MPC  5128
    CJ77H010  1977 06 30.9728  1.117568  1.000000  249.3565   20.1385   43.1952             9.0  4.0  C/1977 H1 (Helin)                                        IAUC 3085
    CJ77R010  1977 11 29.3473  0.965364  0.998830  163.8478  181.5918   49.6965  20230225   9.0  4.0  C/1977 R1 (Kohler)                                       CCO     6
    CJ77V010  1977 06 23.1127  3.615753  0.997917  317.5190    4.6862  168.5748  20230225   9.0  4.0  C/1977 V1 (Tsuchinshan)                                  CCO     6
    CJ78A010  1977 07 23.4399  5.639752  1.001293  343.6865  212.0791  116.6865  20230225   9.0  4.0  C/1978 A1 (West)                                         NK    387
    CJ78C010  1978 03 17.6906  0.436585  1.000000   48.7048  260.4980   51.0863             9.0  4.0  C/1978 C1 (Bradfield)                                    IAUC 3233
    CJ78G020  1978 09 20.0120  6.228833  1.001447  229.5267   72.1868  153.0552  20230225   9.0  4.0  C/1978 G2 (McNaught-Tritton)                             MPC 22571
    CJ78H010  1978 10 28.0694  1.181802  1.001310  232.4963  348.4274   42.7495  20230225   9.0  4.0  C/1978 H1 (Meier)                                        CCO     6
    DJ78R010  2023 04 17.6629  1.280919  0.629433  307.1854   66.4935    4.9451  20230225   9.0  4.0  D/1978 R1 (Haneda-Campos)                                NK    779
    CJ78R030  1978 07 14.6555  1.767946  0.999395  224.7725  290.6048  130.3818  20230225   9.0  4.0  C/1978 R3 (Machholz)                                     MPC  6518
    CJ78T010  1978 09 24.5812  0.377290  0.998425  207.9285   41.2239   65.9356  20230225   9.0  4.0  C/1978 T1 (Seargent)                                     NK    359
    CJ78T030  1978 09 29.0881  0.431870  1.000000  240.4503  358.4191  138.2649             9.0  4.0  C/1978 T3 (Bradfield)                                    MPC  4605
    CJ79M010  1979 06 30.4635  0.394375  0.999912   46.6373  162.8953  134.6590  20230225   9.0  4.0  C/1979 M1 (Bradfield)                                    MPC  5031
    CJ79M030  1979 07 21.6989  4.761317  1.001688   10.3892  293.1405   92.3577  20230225   9.0  4.0  C/1979 M3 (Torres)                                       MPC  5639
    CJ79Q010  1979 08 30.949   0.00480   1.00000    67.668   344.997   141.456              9.0  4.0  C/1979 Q1 (SOLWIND)                                       98, 2306
    CJ79S010  1979 10 19.8704  1.378051  0.973364  111.7689  298.1157   67.0663  20230225   9.0  4.0  C/1979 S1 (Meier)                                        NK    385
    CJ79Y010  1980 01  2.1607  0.519591  0.988206  257.2304  103.2206  148.6989  20230225   9.0  4.0  C/1979 Y1 (Bradfield)                                    NK    442
    CJ80E010  1982 03  1.3321  3.444255  1.055853  135.4946  114.4897    1.6627  20230225   9.0  4.0  C/1980 E1 (Bowell)                                       MPC 11501
    CJ80L010  1980 04 15.2622  2.663527  1.000569  335.5110  279.5071   73.2357  20230225   9.0  4.0  C/1980 L1 (Torres)                                       NK    443
    CJ80O010  1980 06 22.4493  0.522744  1.000000  337.7695  160.6356   49.0681             9.0  4.0  C/1980 O1 (Cernis-Petrauskas)                            MPC 20480
    CJ80R010  1981 02 27.1958  2.171985  1.001137  297.8951  233.6198  128.9229  20230225   9.0  4.0  C/1980 R1 (Russell)                                      MPC  8386
    CJ80V010  1980 11 30.7281  1.537463  0.993869   88.0592   26.4119  101.6652  20230225   9.0  4.0  C/1980 V1 (Meier)                                        MPC  6518
    CJ80Y010  1980 12  1.6272  0.244300  0.999511  358.1220  115.3502  137.9257  20230225   9.0  4.0  C/1980 Y1 (Bradfield)                                    MPC  6519
    CJ80Y020  1981 01 29.3673  1.620084  0.998323  104.9736  332.9005   82.8937  20230225   9.0  4.0  C/1980 Y2 (Panther)                                      MPC  6519
    CJ81B010  1981 01 27.100   0.00792   1.00000    65.428   342.107   140.676              9.0  4.0  C/1981 B1 (SOLWIND)                                       98, 2306
    CJ81G010  1981 08 21.7870  4.729045  1.000457  310.3569  177.2365  115.3179  20230225   9.0  4.0  C/1981 G1 (Elias)                                        MPC  8051
    CJ81H010  1981 08 16.3422  2.400076  0.998537  189.7261   24.4795  160.4145  20230225   9.0  4.0  C/1981 H1 (Bus)                                          MPC  6945
    CJ81M010  1981 03 27.1890  2.387501  0.999373  181.8294  143.8420  107.7221  20230225   9.0  4.0  C/1981 M1 (Gonzalez)                                     MPC  6889
    CJ81O010  1981 07 20.336   0.00612   1.00000    68.428   345.957   141.706              9.0  4.0  C/1981 O1 (SOLWIND)                                       98, 2306
    CJ81V010  1981 11  4.531   0.00450   1.00000    77.680   357.569   143.847              9.0  4.0  C/1981 V1 (SOLWIND)                                       98, 2306
    CJ81W010  1981 11 20.60    0.0048    1.0000     97.36     24.63    135.48               9.0  4.0  C/1981 W1 (SOLWIND)                                      IAUC 8566
    CJ82M010  1982 09  8.6003  0.644387  0.999539   33.5601  326.8385   85.8132  20230225   9.0  4.0  C/1982 M1 (Austin)                                       MPC  8051
    CJ83H010  1983 05 26.7608  1.005280  0.989506  192.8368   49.1805   72.4746  20230225   9.0  4.0  C/1983 H1 (IRAS-Araki-Alcock)                            MPC  8272
    CJ83J010  1983 04 14.7580  0.495824  0.999688   83.3663   82.8747   96.9245  20230225   9.0  4.0  C/1983 J1 (Sugano-Saigusa-Fujikawa)                      MPC  8052
    CJ83J020  1983 01 19.0304  1.416483  1.000000  227.0805  119.6342  152.1911             9.0  4.0  C/1983 J2 (IRAS)                                         MPC  8052
    CJ83N010  1983 05  8.3307  2.445667  0.999635  266.0578  172.4849  139.1762  20230225   9.0  4.0  C/1983 N1 (IRAS)                                         MPC 13842
    CJ83N020  1983 07  7.88    0.0049    1.0000     81.43    359.55    142.23               9.0  4.0  C/1983 N2 (SOLWIND)                                      IAUC 8573
    CJ83O010  1983 06 30.3048  3.355043  1.000536  186.2886  209.4645  135.0452  20230225   9.0  4.0  C/1983 O1 (Cernis)                                       MPC 26374
    CJ83O020  1983 12  1.6295  2.256266  0.999372  334.1626  201.8203  120.4172  20230225   9.0  4.0  C/1983 O2 (IRAS)                                         MPC  9304
    CJ83R010  1983 11  6.0012  3.417945  0.999446  176.1754  164.5759  137.9650  20230225   9.0  4.0  C/1983 R1 (Shoemaker)                                    MPC 13842
    CJ83S020  1983 09 25.188   0.00753   1.00000    78.581   358.679   143.987              9.0  4.0  C/1983 S2 (SOLWIND)                                       98, 2306
    CJ84A010  1983 12 12.0455  1.374255  0.949669  219.3042  356.3827   51.3152  20230225   9.0  4.0  C/1984 A1 (Bradfield)                                    MPC  9025
    CJ84K010  1985 09 17.1435  2.654958  0.998262  235.0673   49.4025  116.2515  20230225   9.0  4.0  C/1984 K1 (Shoemaker)                                    MPC 24368
    CJ84N010  1984 08  9.2710  0.270888  0.999565  353.3228  172.0632  163.5648  20230225   9.0  4.0  C/1984 N1 (Austin)                                       MPC  9425
    CJ84O020  1984 07 28.555   0.01541   1.00000    56.666   330.436   136.386              9.0  4.0  C/1984 O2 (SOLWIND)                                       98, 2306
    CJ84Q010  1984 08 23.21    0.0049    1.0000     81.04    355.72    144.14               9.0  4.0  C/1984 Q1 (SOLWIND)                                      IAUC 8573
    CJ84R010  1984 09 17.42    0.1051    1.0000     78.74    152.84     36.92               9.0  4.0  C/1984 R1 (SOLWIND)                                      IAUC 8583
    CJ84S010  1984 10 13.9486  0.856856  1.000000  128.0082   11.7104  145.6146             9.0  4.0  C/1984 S1 (Meier)                                        MPC  9212
    CJ84U010  1984 08 13.3526  5.491771  0.990671  182.7143  238.0721  179.2136  20230225   9.0  4.0  C/1984 U1 (Shoemaker)                                    MPC 20121
    CJ84U020  1984 12  8.7462  1.206289  0.971115  229.0196  223.6449   14.0083  20230225   9.0  4.0  C/1984 U2 (Shoemaker)                                    MPC 11624
    CJ84V010  1984 12 16.0086  0.895487  0.999321   81.9080  332.2904   66.2770  20230225   9.0  4.0  C/1984 V1 (Levy-Rudenko)                                 MPC  9685
    CJ84W020  1985 08 30.5563  4.056747  0.999970  255.6068  250.2966   89.4978  20230225   9.0  4.0  C/1984 W2 (Hartley)                                      MPC 13596
    CJ85K010  1985 06 28.7387  0.106252  1.000000  274.5004  195.4353   16.2766             9.0  4.0  C/1985 K1 (Machholz)                                     MPC 12009
    CJ85R010  1985 12  3.8523  0.693631  0.999805   86.6843  359.7607   80.6438  20230225   9.0  4.0  C/1985 R1 (Hartley-Good)                                 MPC 11510
    CJ85T010  1985 12  1.7971  1.353990  0.982874   53.4545   53.5214  139.3954  20230225   9.0  4.0  C/1985 T1 (Thiele)                                       MPC 11510
    CJ86E010  1986 03 25.1344  3.524126  0.944917  123.4975  294.9974  159.8079  20230225   9.0  4.0  C/1986 E1 (Shoemaker)                                    MPC 12307
    CJ86N010  1986 04 27.5519  2.702333  0.998505  157.8125  134.3543  115.2529  20230225   9.0  4.0  C/1986 N1 (Churyumov-Solodovnikov)                       MPC 16377
    CJ86P01a  1987 05  4.8490  1.195027  0.999309  238.2893  111.8988  147.4046  20230225   9.0  4.0  C/1986 P1-A (Wilson)                                     MPC 17939
    CJ86P01b  1987 05 10.9676  1.185714  0.999781  238.5351  112.0440  147.3923  20220809   9.0  4.0  C/1986 P1-B (Wilson)                                     116,   46
    CJ86V010  1987 02 18.0881  1.769750  0.999648   70.7263   75.1509  160.6415  20230225   9.0  4.0  C/1986 V1 (Sorrells)                                     MPC 20481
    CJ87A010  1986 12 11.7581  0.939272  1.000216   95.5098   18.2705   97.0693  20230225   9.0  4.0  C/1987 A1 (Levy)                                         MPC 12124
    CJ87B010  1987 03 11.8136  0.912926  0.995355  200.8241  176.2810  172.4085  20230225   9.0  4.0  C/1987 B1 (Nishikawa-Takamizawa-Tago)                    MPC 12009
    CJ87B020  1987 01 13.8131  0.390606  0.994712  194.9934   97.8479   41.2252  20230225   9.0  4.0  C/1987 B2 (Terasako)                                     MPC 12200
    CJ87F010  1987 04 13.4675  3.632361  0.999815  329.3731  194.9946  123.8820  20230225   9.0  4.0  C/1987 F1 (Torres)                                       MPC 16377
    CJ87H010  1986 11 20.1597  5.511086  1.001251   17.0661  268.3507  132.4768  20230225   9.0  4.0  C/1987 H1 (Shoemaker)                                    MPC 16377
    CJ87P010  1987 11 26.5360  0.835988  0.993905   73.0959  268.4528   34.0955  20230225   9.0  4.0  C/1987 P1 (Bradfield)                                    MPC 14903
    CJ87Q010  1987 10  1.6001  0.572892  1.000200  143.6222  299.1296  114.3879  20230225   9.0  4.0  C/1987 Q1 (Rudenko)                                      MPC 17939
    CJ87T010  1987 09  9.1716  0.515185  1.000000   13.1872  143.7254   62.5345             9.0  4.0  C/1987 T1 (Levy)                                         MPC 12575
    CJ87T020  1987 10  6.069   0.00538   1.00000    80.591     1.159   144.256              9.0  4.0  C/1987 T2 (SMM)                                           98, 2306
    CJ87U030  1987 12 25.6848  0.852812  0.998138   17.4051  261.3512   97.0378  20230225   9.0  4.0  C/1987 U3 (McNaught)                                     MPC 87062
    CJ87U040  1987 10 18.026   0.00627   1.00000    82.632     3.660   144.466              9.0  4.0  C/1987 U4 (SMM)                                           98, 2306
    CJ87W010  1988 01 10.1038  0.199510  1.000000  329.2939  226.5275   41.6193             9.0  4.0  C/1987 W1 (Ichimura)                                     MPC 12710
    CJ87W020  1988 02 10.3159  1.709445  0.999925  233.9787  250.9781  118.0142  20230225   9.0  4.0  C/1987 W2 (Furuyama)                                     MPC 26374
    CJ87W030  1988 01 18.6454  3.312731  1.001238  194.5185  198.2368   77.3299  20230225   9.0  4.0  C/1987 W3 (Jensen-Shoemaker)                             MPC 17939
    CJ88A010  1988 03 17.7021  0.846921  0.996317   57.3272   32.2204   74.2607  20230225   9.0  4.0  C/1988 A1 (Liller)                                       MPC 13459
    CJ88B010  1987 03 24.4687  4.974359  1.000500  123.8275  325.6103   80.6303  20230225   9.0  4.0  C/1988 B1 (Shoemaker)                                    MPC 16377
    CJ88C010  1987 12 26.7884  1.930534  1.000000  346.8345  147.5202   93.1570             9.0  4.0  C/1988 C1 (Maury-Phinney)                                MPC 13042
    CJ88F010  1987 12  1.7195  1.211703  0.997211  327.0378  288.3399   63.0582  20230225   9.0  4.0  C/1988 F1 (Levy)                                         MPC 15379
    CJ88J010  1988 02 15.9111  1.212281  0.997278  327.0436  288.3428   63.0535  20230225   9.0  4.0  C/1988 J1 (Shoemaker-Holt)                               MPC 15379
    CJ88L010  1989 06 27.9493  2.469774  0.999846  232.0361  115.4467   97.9813  20230225   9.0  4.0  C/1988 L1 (Shoemaker-Holt-Rodriquez)                     MPC 17791
    CJ88M010  1988 06 27.783   0.00516   1.00000    85.882     7.660   144.706              9.0  4.0  C/1988 M1 (SMM)                                           98, 2306
    CJ88P010  1988 09 17.5682  0.164558  1.000000  349.0366  167.7281   40.1990             9.0  4.0  C/1988 P1 (Machholz)                                     MPC 13591
    CJ88Q010  1988 08 21.819   0.00591   1.00000    82.252     3.200   144.436              9.0  4.0  C/1988 Q1 (SMM)                                           98, 2306
    CJ88T010  1988 10 12.071   0.00513   1.00000    88.083    10.351   144.786              9.0  4.0  C/1988 T1 (SMM)                                           98, 2306
    CJ88U010  1988 10 24.864   0.00579   1.00000    86.142     7.981   144.716              9.0  4.0  C/1988 U1 (SMM)                                           98, 2306
    CJ88W010  1988 11 18.368   0.00590   1.00000    91.084    14.021   144.796              9.0  4.0  C/1988 W1 (SMM)                                           98, 2306
    CJ88Y010  1988 12 11.6530  0.427818  1.000000   88.1228  315.5225   71.0077             9.0  4.0  C/1988 Y1 (Yanaka)                                       MPC 14322
    CJ89A010  1988 10  9.3289  1.909280  0.998652  351.4618  157.4344   51.8898  20230225   9.0  4.0  C/1989 A1 (Yanaka)                                       MPC 16204
    CJ89A030  1988 12  5.2437  0.420271  0.977708  194.7353   28.4357   83.0672             9.0  4.0  C/1989 A3 (Bradfield)                                    MPC 14322
    CJ89A050  1989 02 10.1367  2.622899  0.994970   19.1525  137.1514   95.9706  20230225   9.0  4.0  C/1989 A5 (Shoemaker)                                    MPC 72848
    CJ89A060  1988 11  2.0870  2.207834  1.000000   18.8355   74.3147   25.5050             9.0  4.0  C/1989 A6 (Shoemaker)                                    MPC 14460
    CJ89L010  1989 06  2.577   0.00557   1.00000    84.722     6.240   144.636              9.0  4.0  C/1989 L1 (SMM)                                           98, 2306
    CJ89N030  1989 07  8.771   0.00462   1.00000    91.804    14.902   144.786              9.0  4.0  C/1989 N3 (SMM)                                           98, 2306
    CJ89Q010  1989 11  1.6220  0.612171  0.999907  150.0251  275.6414   89.9631  20230225   9.0  4.0  C/1989 Q1 (Okazaki-Levy-Rudenko)                         MPC 16378
    CJ89R010  1989 08 20.2910  1.324502  1.000000  154.9103  128.6096  128.1341             9.0  4.0  C/1989 R1 (Helin-Roman)                                  MPC 16001
    CJ89S010  1989 09 28.855   0.00476   1.00000    87.499     9.636   144.768              9.0  4.0  C/1989 S1 (SMM)                                          IAUC 4884
    CJ89T010  1989 12  6.4154  1.027775  0.989744   67.2634    9.4051   46.7393  20230225   9.0  4.0  C/1989 T1 (Helin-Roman-Alu)                              MPC 20308
    CJ89W010  1989 12 14.7221  0.299952  1.000020  205.3653  345.2550   86.1537  20230225   9.0  4.0  C/1989 W1 (Aarseth-Brewington)                           MPC 30631
    CJ89X010  1990 03 20.0578  0.363560  1.000099   62.0717   75.9521   59.2537  20230225   9.0  4.0  C/1989 X1 (Austin)                                       MPC 17400
    CJ89Y010  1990 04 12.1986  1.515143  0.998985  137.1055  280.1918   59.2767  20230225   9.0  4.0  C/1989 Y1 (Skorichenko-George)                           MPC 85334
    CJ89Y020  1989 11  7.6939  1.975817  1.000000  191.7410  293.8975  160.3369             9.0  4.0  C/1989 Y2 (McKenzie-Russell)                             MPC 17595
    CJ90E010  1990 03 17.3263  1.068339  1.000000  100.6214  348.4448   48.1425             9.0  4.0  C/1990 E1 (Cernis-Kiuchi-Nakamura)                       MPC 16551
    CJ90K010  1990 11 12.0958  0.910705  1.000880  242.5319  139.6403  131.7333  20230913   5.0  4.0  C/1990 K1 (Levy)                                         MPEC 2024-NE4
    CJ90M010  1991 03  9.9476  2.671820  1.001114   18.2048  233.3208  132.4250  20230225   9.0  4.0  C/1990 M1 (McNaught-Hughes)                              MPC 18255
    CJ90N010  1990 09 23.8387  1.053227  0.995193  180.8637  330.9580  143.2125  20230225   9.0  4.0  C/1990 N1 (Tsuchiya-Kiuchi)                              MPC 17595
    CJ91A020  1990 11 29.3866  1.399950  0.989499  337.1396  115.7577   70.7207  20230225   9.0  4.0  C/1991 A2 (Arai)                                         MPC 18081
    CJ91B010  1991 12 15.4951  2.290243  0.992978   74.7100  144.6198   76.7614  20230225   9.0  4.0  C/1991 B1 (Shoemaker-Levy)                               MPC 21758
    CJ91C030  1990 10 21.9169  4.737158  0.993534  320.8036  162.1113  113.6002  20230225   9.0  4.0  C/1991 C3 (McNaught-Russell)                             MPC 20308
    CJ91F020  1992 01 18.6768  1.505781  1.000224  271.0133   10.9837   94.8952  20230225   9.0  4.0  C/1991 F2 (Helin-Lawrence)                               NK    576
    CJ91L030  2042 10 23.9409  0.968371  0.929839   41.2301  329.8001   19.2777  20230225   9.0  4.0  C/1991 L3 (Levy)                                         MPC 21758
    CJ91L040  1992 02 24.5706  4.893004  1.001528   30.9740  253.7449   49.1653  20230225   9.0  4.0  C/1991 L4 (Helin-Alu)                                    NK    577
    CJ91Q010  1992 05 18.0240  3.159145  0.994664  256.9108  120.7029   90.6893  20230225   9.0  4.0  C/1991 Q1 (McNaught-Russell)                             MPC 22196
    CJ91R010  1990 10 28.3492  7.058390  0.998233  149.8862  149.3006  104.5686  20230225   9.0  4.0  C/1991 R1 (McNaught-Russell)                             MPC 23847
    CJ91T020  1992 07 26.9340  0.856570  0.999789  145.7728   49.8223  113.1864  20230225   9.0  4.0  C/1991 T2 (Shoemaker-Levy)                               MPC 20602
    CJ91X020  1992 03 23.3519  0.217544  1.000158  307.8306  288.2887   95.8030  20230225   9.0  4.0  C/1991 X2 (Mueller)                                      MPC 19818
    CJ91Y010  1992 01 15.2634  0.631343  0.999210  197.7727  254.7607   50.4754  20230225   9.0  4.0  C/1991 Y1 (Zanotta-Brewington)                           MPC 20774
    CJ92A010  1992 06 12.3630  3.047340  0.999871  240.1221  288.5514   39.1859  20230225   9.0  4.0  C/1992 A1 (Helin-Alu)                                    MPC 22196
    CJ92B010  1992 03 19.5392  0.500157  1.000000   15.3368  275.3503   20.2378             9.0  4.0  C/1992 B1 (Bradfield)                                    MPC 19818
    CJ92F010  1992 05  6.3819  1.237132  0.995971   64.9668  300.9379   79.6382  20230225   9.0  4.0  C/1992 F1 (Tanaka-Machholz)                              MPC 21758
    CJ92J010  1993 09  6.7359  2.958032  0.998319   82.8957  202.9024  123.9984  20230225   9.0  4.0  C/1992 J1 (Spacewatch)                                   MPC 25313
    CJ92J020  1992 05 25.7939  0.592305  1.000000  299.7170  159.9981  158.5644             9.0  4.0  C/1992 J2 (Bradfield)                                    MPC 20481
    CJ92N010  1992 07 10.8186  0.819198  1.000000  162.6392  235.1287   57.6407             9.0  4.0  C/1992 N1 (Machholz)                                     NK    581
    CJ92Q020  1993 03 10.5172  2.055772  0.965327  269.0074  195.2665  107.1701  20230225   9.0  4.0  C/1992 Q2 (Helin-Lawrence)                               MPC 23479
    CJ92U010  1993 03  9.1322  2.330323  0.998562   55.3721   55.1145   66.4212  20230225   9.0  4.0  C/1992 U1 (Shoemaker)                                    MPC 23480
    CJ92W010  1992 10 30.7108  0.640719  0.991744  309.9260  139.0849  114.8840  20230225   9.0  4.0  C/1992 W1 (Ohshita)                                      MPC 21533
    CJ93A010  1994 01  1.1227  1.976222  1.000900  130.7176  144.3652  124.9768  20230225   9.0  4.0  C/1993 A1 (Mueller)                                      MPC 23649
    CJ93F010  1992 07 13.4185  5.915312  1.001418   62.1064   77.4031   54.0843  20230225   9.0  4.0  C/1993 F1 (Mueller)                                      MPC 25407
    DJ93F02a  1994 08 21.2360  4.763050  9.999999   43.4849  206.6404  160.1037  20220809   9.0  4.0  D/1993 F2-A (Shoemaker-Levy)                             MPC 23764
    DJ93F02b  1994 06 29.0436  5.429115  9.999999  352.9799  226.0989  170.8824  20220809   9.0  4.0  D/1993 F2-B (Shoemaker-Levy)                             MPC 23764
    DJ93F02c  1994 05 22.7279  5.375714  7.326287  349.1061  225.5723   52.0178  20220809   9.0  4.0  D/1993 F2-C (Shoemaker-Levy)                             MPC 23764
    DJ93F02d  2023 11 13.5166  2.818080  0.331470  223.7881  160.7250   40.9257  20230225   9.0  4.0  D/1993 F2-D (Shoemaker-Levy)                             MPC 23764
    DJ93F02e  1994 03 15.6920  5.367827  1.893414  347.6238  223.4297   25.9892  20220809   9.0  4.0  D/1993 F2-E (Shoemaker-Levy)                             MPC 23764
    DJ93F02f  1994 07 16.1833  5.477088  9.999999  359.1764  226.5049  189.6574  20220809   9.0  4.0  D/1993 F2-F (Shoemaker-Levy)                             MPC 23765
    DJ93F02g  1994 05 18.6505  5.370594  6.474840  348.7158  225.6105   50.9478  20220809   9.0  4.0  D/1993 F2-G (Shoemaker-Levy)                             MPC 23765
    DJ93F02h  1994 09 10.3996  4.769813  9.999999   44.6370  207.5875   50.9082  20220809   9.0  4.0  D/1993 F2-H (Shoemaker-Levy)                             MPC 23765
    DJ93F02k  1994 04 24.2375  5.425756  2.168669  350.5573  225.2838   44.8401  20220809   9.0  4.0  D/1993 F2-K (Shoemaker-Levy)                             MPC 23765
    DJ93F02l  1994 07 27.3070  5.217581  9.999999   19.4524  227.9456   40.8326  20220809   9.0  4.0  D/1993 F2-L (Shoemaker-Levy)                             MPC 23765
    DJ93F02n  1994 04 24.5583  5.426044  2.131706  350.5524  225.3500   44.7209  20220809   9.0  4.0  D/1993 F2-N (Shoemaker-Levy)                             MPC 23765
    DJ93F02p  1994 03 13.9876  5.341894  2.026325  347.3849  222.6430   19.8853  20220809   9.0  4.0  D/1993 F2-P (Shoemaker-Levy)                             MPC 23765
    DJ93F02q  1994 08 23.4526  4.833286  9.999999   43.8301  205.1418  159.9055  20220809   9.0  4.0  D/1993 F2-Q (Shoemaker-Levy)                             MPC 23765
    DJ93F02r  1994 06  3.7463  5.353152  9.999999  348.2250  226.0622  157.8622  20220809   9.0  4.0  D/1993 F2-R (Shoemaker-Levy)                             MPC 23765
    DJ93F02s  1994 03 14.6397  5.347981  1.971745  347.5037  222.7718   20.3200  20220809   9.0  4.0  D/1993 F2-S (Shoemaker-Levy)                             MPC 23765
    DJ93F02t  1995 02 20.7411  4.367060  3.519897   45.6374  220.2232   29.8339  20220809   9.0  4.0  D/1993 F2-T (Shoemaker-Levy)                             MPC 23766
    DJ93F02u  1994 07 30.7653  5.117178  9.999999   23.1936  228.7892   52.1331  20220809   9.0  4.0  D/1993 F2-U (Shoemaker-Levy)                             MPC 23766
    DJ93F02v  1994 06 15.3675  5.364755  9.999999  348.9616  226.2887  163.2700  20220809   9.0  4.0  D/1993 F2-V (Shoemaker-Levy)                             MPC 23766
    DJ93F02w  1994 05 13.2718  5.352154  5.617543  347.6047  225.8810   50.0216  20220809   9.0  4.0  D/1993 F2-W (Shoemaker-Levy)                             MPC 23766
    CJ93K010  1994 02  1.2242  4.869218  0.997859  232.5803   30.2348   67.3830  20230225   9.0  4.0  C/1993 K1 (Shoemaker-Levy)                               MPC 73460
    CJ93Q010  1994 03 23.6924  0.980220  1.000156  261.2859  194.6963  105.6879  20230225   9.0  4.0  C/1993 Q1 (Mueller)                                      MPC 73460
    CJ93Y010  1994 03 13.2493  0.877949  0.992534  353.2764  166.5682   51.0139  20230225   9.0  4.0  C/1993 Y1 (McNaught-Russell)                             MPC 23956
    CJ94E010  1993 12  3.6407  1.768532  0.967921   99.4384    5.8568  145.3114  20230225   9.0  4.0  C/1994 E1 (Mueller)                                      MPC 23649
    CJ94E020  1994 05 18.0536  1.136425  0.996393   57.0474  166.0292  130.6533  20230225   9.0  4.0  C/1994 E2 (Shoemaker-Levy)                               MPC 25182
    CJ94G01a  1994 06  1.4771  1.357495  0.999227   61.5971  307.1118  133.1699  20230225   9.0  4.0  C/1994 G1-A (Takamizawa-Levy)                            MPC 25407
    CJ94G01b  1994 05 22.4816  1.361154  1.000000   61.7077  306.8277  132.8584             9.0  4.0  C/1994 G1-B (Takamizawa-Levy)                            CCO    12
    CJ94J020  1994 07  7.6519  1.938958  0.995917  192.0730   51.2505  135.6687  20230225   8.5  2.4  C/1994 J2 (Takamizawa)                                   MPC 28272
    CJ94N010  1994 07  9.2235  1.157093  0.999677  123.2873  158.1701   94.4374  20230225   9.0  4.0  C/1994 N1 (Nakamura-Nishimura-Machholz)                  MPC 25313
    CJ94T010  1994 10  2.4326  1.804259  0.998751  142.3891  249.6694  101.7231  20230225   9.0  4.0  C/1994 T1 (Machholz)                                     MPC 24881
    CJ95O010  1997 03 30.9401  0.885806  0.994994  130.1744  282.7414   89.2565  20230225  -2.0  4.0  C/1995 O1 (Hale-Bopp)                                    MPEC 2022-S20
    CJ95Q010  1995 09  4.0499  0.425732  0.997816  331.7218  178.9697  146.8757  20230225   9.0  4.0  C/1995 Q1 (Bradfield)                                    MPC 26723
    CJ95Q020  1995 07 21.4830  1.933123  0.965967  314.0350  300.7176  168.0475  20230225   9.0  4.0  C/1995 Q2 (Hartley-Drinkwater)                           MPC 25932
    CJ95Y010  1996 02 22.7281  1.068841  0.999457   46.6733  195.2978   53.5306  20230225  10.0  4.0  C/1995 Y1 (Hyakutake)                                    MPC 28272
    CJ96A020  1996 01 14.55    0.0054    1.0000     82.03      6.86    141.76               9.0  4.0  C/1996 A2 (SOHO)                                         MPC 43160
    CJ96B010  1996 01 22.6704  1.453766  0.989854  150.9404  345.8809   51.5985  20230225   6.0  8.0  C/1996 B1 (Szczepanski)                                  MPC 27690
    CJ96B020  1996 04 23.1634  0.230137  0.999861  129.3713  186.5577  125.3099  20230225  10.0  4.0  C/1996 B2 (Hyakutake)                                    MPC 27287
    CJ96B030  1996 01 28.60    0.0069    1.0000     65.71    347.94    144.11               9.0  4.0  C/1996 B3 (SOHO)                                         MPC 34420
    CJ96B040  1996 01 21.93    0.0050    1.0000     87.18      8.00    143.34               9.0  4.0  C/1996 B4 (SOHO)                                         MPC 43603
    CJ96B050  1996 01 29.91    0.0050    1.0000     75.73    356.60    144.43               9.0  4.0  C/1996 B5 (SOHO)                                         MPC 43758
    CJ96D010  1996 02 19.29    0.0069    1.0000     71.66    353.75    143.70               9.0  4.0  C/1996 D1 (SOHO)                                         MPC 35204
    CJ96E010  1996 07 16.6104  1.351969  0.999457   80.7690  149.2659  114.2316  20230225  10.0  4.0  C/1996 E1 (NEAT)                                         MPC 28557
    CJ96E020  1996 03 11.13    0.0055    1.0000     89.77      6.11    143.84               9.0  4.0  C/1996 E2 (SOHO)                                         MPC 41156
    CJ96F020  1996 03 25.60    0.0051    1.0000     83.45      3.57    144.43               9.0  4.0  C/1996 F2 (SOHO)                                         MPC 35204
    CJ96H010  1996 04 30.47    0.0052    1.0000     82.80      2.99    144.43               9.0  4.0  C/1996 H1 (SOHO)                                         MPC 39790
    CJ96J01a  1997 01  9.7158  1.297472  1.000271   14.6752  278.1960   22.6655  20230225   8.5  4.0  C/1996 J1-A (Evans-Drinkwater)                           MPC 30428
    CJ96J01b  1997 01  9.7458  1.297185  0.999607   14.6964  278.1903   22.6670  20230225   6.5  4.0  C/1996 J1-B (Evans-Drinkwater)                           MPC 33450
    CJ96L010  1996 06 11.39    0.0050    1.0000     90.23     12.92    143.84               9.0  4.0  C/1996 L1 (SOHO)                                         MPC 42547
    CJ96L020  1996 06 14.35    0.0053    1.0000     57.28    333.67    143.19               9.0  4.0  C/1996 L2 (SOHO)                                         MPC 52513
    CJ96M010  1996 06 18.97    0.0054    1.0000     82.69      3.29    144.50               9.0  4.0  C/1996 M1 (SOHO)                                         MPC 41156
    CJ96M020  1996 06 27.10    0.0050    1.0000     90.60     12.91    143.42               9.0  4.0  C/1996 M2 (SOHO)                                         MPC 35204
    CJ96M030  1996 06 21.15    0.0065    1.0000     79.79    355.33    136.59               9.0  4.0  C/1996 M3 (SOHO)                                         MPC 52513
    CJ96N010  1996 08 11.6070  0.924694  0.999727   43.8314  234.8129   51.7973  20230225   9.5  6.0  C/1996 N1 (Brewington)                                   MPC 28557
    CJ96N030  1996 07  3.84    0.0351    1.0000     57.17     73.16     72.12               9.0  4.0  C/1996 N3 (SOHO)                                         MPC 54164
    CJ96O010  1996 07 22.17    0.0061    1.0000     70.53    351.95    143.96               9.0  4.0  C/1996 O1 (SOHO)                                         MPC 34733
    CJ96O020  1996 07 24.46    0.0076    1.0000     68.35    349.92    146.02               9.0  4.0  C/1996 O2 (SOHO)                                         MPC 34125
    CJ96O030  1996 07 26.02    0.0067    1.0000     68.34    348.73    146.22               9.0  4.0  C/1996 O3 (SOHO)                                         MPC 34125
    CJ96O040  1996 07 28.27    0.0070    1.0000     69.38    350.31    144.43               9.0  4.0  C/1996 O4 (SOHO)                                         MPC 34125
    CJ96P020  1996 03  9.5597  2.013950  0.998601  188.7539  101.3983   29.2130  20230225   6.0  4.0  C/1996 P2 (Russell-Watson)                               MPC 30632
    CJ96Q010  1996 11  3.5281  0.839820  0.998843   57.4087   31.4013   73.3578  19961113  18.0  4.0  C/1996 Q1 (Tabur)                                        MPEC 2020-L06
    CJ96Q020  1996 08 22.21    0.0052    1.0000     83.94      4.70    144.40               9.0  4.0  C/1996 Q2 (SOHO)                                         MPC 33856
    CJ96Q030  1996 08 30.92    0.0051    1.0000     84.59      5.11    144.18               9.0  4.0  C/1996 Q3 (SOHO)                                         MPC 35204
    CJ96R010  1996 08 15.9012  1.930591  0.985295  139.2606  149.4126  145.9603  20230225   9.0  4.0  C/1996 R1 (Hergenrother-Spahr)                           MPC 28557
    PJ96R020  2026 06 14.7342  2.586972  0.314606  333.3680   40.0583    2.6002  20230225  11.5  4.0  P/1996 R2 (Lagerkvist)                                   NK   1615
    CJ96R030  1995 07 20.284   5.20687   1.00000   130.138   172.710    39.303             16.5  4.0  C/1996 R3 (Lagerkvist)                                   MPC 50914
    CJ96R040  1996 09 15.21    0.0055    1.0000     77.06    356.23    144.11               9.0  4.0  C/1996 R4 (SOHO)                                         MPC 43758
    CJ96R050  1996 09  4.47    0.0053    1.0000     78.60    358.52    144.30               9.0  4.0  C/1996 R5 (SOHO)                                         MPC 56795
    CJ96S030  1996 09 23.62    0.0059    1.0000     75.07    357.32    143.90               9.0  4.0  C/1996 S3 (SOHO)                                         MPC 35204
    CJ96V010  1996 11  8.92    0.0078    1.0000     85.31     12.30    141.98               9.0  4.0  C/1996 V1 (SOHO)                                         MPC 44030
    CJ96V020  1996 11 11.78    0.0488    1.0000     11.84     89.36     33.41               9.0  4.0  C/1996 V2 (SOHO)                                         MPC 53949
    CJ96X010  1996 12 12.18    0.0060    1.0000     84.87      7.51    144.01               9.0  4.0  C/1996 X1 (SOHO)                                         MPC 35204
    CJ96X020  1996 12 12.89    0.0054    1.0000     81.13      1.99    143.39               9.0  4.0  C/1996 X2 (SOHO)                                         MPC 40668
    CJ96X030  2025 11  6.9457  0.048134  0.985061   54.1525   48.1760   13.1570  20230225   9.0  4.0  C/1996 X3 (SOHO)                                         MPEC 2009-J14
    CJ96X040  1996 12  6.28    0.0492    1.0000     51.86     50.79     13.70               9.0  4.0  C/1996 X4 (SOHO)                                         MPC 55977
    CJ96X050  1996 12  6.32    0.0490    1.0000     51.17     51.28     13.78               9.0  4.0  C/1996 X5 (SOHO)                                         MPC 55977
    CJ96Y010  1996 12 23.26    0.0055    1.0000     84.42      5.48    144.24               9.0  4.0  C/1996 Y1 (SOHO)                                         MPC 34420
    CJ96Y020  1996 12 30.65    0.0056    1.0000     83.86      5.34    143.95               9.0  4.0  C/1996 Y2 (SOHO)                                         MPC 44503
    CJ97A010  1997 06 14.7565  3.117070  1.000322   39.9684  135.7460  144.7374  20230225  11.0  4.0  C/1997 A1 (NEAT)                                         MPC 73460
    CJ97B020  1997 01 26.94    0.0070    1.0000     70.41    352.68    144.82               9.0  4.0  C/1997 B2 (SOHO)                                         MPC 34420
    CJ97B030  1997 01 22.70    0.0071    1.0000     72.67    354.29    145.11               9.0  4.0  C/1997 B3 (SOHO)                                         MPC 42105
    CJ97B040  1997 01 21.75    0.0573    1.0000    272.40     56.20    132.78               9.0  4.0  C/1997 B4 (SOHO)                                         MPC 53949
    CJ97B050  1997 01 29.51    0.0512    1.0000     23.98     78.00     25.10               9.0  4.0  C/1997 B5 (SOHO)                                         MPC 55977
    CJ97B060  1997 01 29.60    0.0501    1.0000     23.13     76.41     24.95               9.0  4.0  C/1997 B6 (SOHO)                                         MPC 55977
    CJ97B06A  1999 11 16.2608  3.482906  0.999086  286.3664  317.2199   72.5352  20230225  10.0  2.0  C/1997 BA6 (Spacewatch)                                  MPC 73460
    CJ97B070  1997 01 29.64    0.0490    1.0000     22.39     74.98     24.78               9.0  4.0  C/1997 B7 (SOHO)                                         MPC 55977
    CJ97C020  1997 02  3.65    0.0048    1.0000    100.89     20.98    140.12               9.0  4.0  C/1997 C2 (SOHO)                                         MPC 71681
    CJ97D010  1997 10  5.2024  2.210909  1.000110  184.9535  279.2840  141.7422  20230225   7.5  4.0  C/1997 D1 (Mueller)                                      MPC 30957
    CJ97E020  1997 03  5.96    0.0050    1.0000     81.36    359.18    143.38               9.0  4.0  C/1997 E2 (SOHO)                                         MPC 53649
    CJ97G020  1998 04 24.5427  3.090556  0.992370  240.0050   55.6596   69.5585  20230225   8.5  4.0  C/1997 G2 (Montani)                                      MPC 31347
    CJ97G030  1997 04  4.43    0.0050    1.0000     78.19    359.49    143.18               9.0  4.0  C/1997 G3 (SOHO)                                         MPC 41156
    CJ97G040  1997 04  5.79    0.0050    1.0000     79.49    358.58    144.08               9.0  4.0  C/1997 G4 (SOHO)                                         MPC 41156
    CJ97G050  1997 04  6.16    0.0049    1.0000     80.43    358.56    143.82               9.0  4.0  C/1997 G5 (SOHO)                                         MPC 41156
    CJ97G060  1997 04 11.55    0.0050    1.0000     79.54    358.15    144.27               9.0  4.0  C/1997 G6 (SOHO)                                         MPC 41156
    CJ97G070  1997 04  8.96    0.0351    1.0000     55.36     73.94     70.33               9.0  4.0  C/1997 G7 (SOHO)                                         MPC 44860
    CJ97H020  1997 05  3.16    0.1361    1.0000    201.47    225.82     18.32               9.0  4.0  C/1997 H2 (SOHO)                                         MPC 39790
    CJ97H030  1997 04 26.69    0.0083    1.0000     60.24    335.99    138.71               9.0  4.0  C/1997 H3 (SOHO)                                         MPC 41156
    CJ97H040  1997 04 21.35    0.0356    1.0000     57.53     72.33     73.13               9.0  4.0  C/1997 H4 (SOHO)                                         MPC 45180
    CJ97H050  1997 04 29.26    0.0371    1.0000     56.95     69.13     79.18               9.0  4.0  C/1997 H5 (SOHO)                                         MPC 45180
    CJ97J010  1997 05 13.7532  2.256748  0.989610   98.6330  277.1688  122.9986  20230225   7.5  4.0  C/1997 J1 (Mueller)                                      MPC 48379
    CJ97J020  1998 03  5.6074  3.058594  1.000229  122.6095  148.2880   91.2684  20220121   3.5  4.0  C/1997 J2 (Meunier-Dupouy)                               MPEC 2022-C56
    CJ97J030  1997 05 10.74    0.0085    1.0000     60.73    334.41    146.83               9.0  4.0  C/1997 J3 (SOHO)                                         MPC 41157
    CJ97J040  1997 05 10.83    0.0094    1.0000     89.37     23.14    138.93               9.0  4.0  C/1997 J4 (SOHO)                                         MPC 41157
    CJ97J050  1997 05  3.36    0.0077    1.0000     57.56    331.00    138.67               9.0  4.0  C/1997 J5 (SOHO)                                         MPC 54164
    CJ97K010  1997 06  1.57    0.0058    1.0000     80.84      1.54    143.58               9.0  4.0  C/1997 K1 (SOHO)                                         MPC 34420
    CJ97K020  1997 06 26.16    1.5463    1.0000    246.10    173.87    127.94               9.0  4.0  C/1997 K2                                                MPC 37025
    CJ97K030  1997 05 26.34    0.0077    1.0000     83.71      4.71    144.45               9.0  4.0  C/1997 K3 (SOHO)                                         MPC 41157
    CJ97K040  1997 06  1.24    0.0056    1.0000     89.31     12.54    142.75               9.0  4.0  C/1997 K4 (SOHO)                                         MPC 41157
    CJ97K050  1997 05 20.6     0.009     1.000      67.6     346.2     137.6                9.0  4.0  C/1997 K5 (SOHO)                                         MPC 41157
    CJ97K060  1997 05 31.53    0.0057    1.0000     86.63      8.82    143.19               9.0  4.0  C/1997 K6 (SOHO)                                         MPC 41157
    CJ97K070  1997 06  1.24    0.0089    1.0000     72.09    356.14    139.41               9.0  4.0  C/1997 K7 (SOHO)                                         MPC 43018
    CJ97L010  1996 11 11.0853  4.959592  0.996270  346.5094  233.4085   72.8949  20230225   6.5  4.0  C/1997 L1 (Zhu-Balam)                                    MPC 35205
    CJ97L020  1997 06 10.86    0.0381    1.0000     57.30     72.62     71.69               9.0  4.0  C/1997 L2 (SOHO)                                         MPC 35205
    CJ97L030  1997 06 13.82    0.0082    1.0000     60.48    335.94    138.69               9.0  4.0  C/1997 L3 (SOHO)                                         MPC 35205
    CJ97L040  1997 06 15.88    0.0051    1.0000     78.08    358.09    143.96               9.0  4.0  C/1997 L4 (SOHO)                                         MPC 35205
    CJ97L050  1997 06 12.54    0.0080    1.0000     76.37    356.96    146.13               9.0  4.0  C/1997 L5 (SOHO)                                         MPC 41157
    CJ97M010  1997 06 30.90    0.0086    1.0000     58.50    334.34    138.64               9.0  4.0  C/1997 M1 (SOHO)                                         MPC 35205
    CJ97M030  1997 06 28.93    0.0056    1.0000     73.08    354.23    146.10               9.0  4.0  C/1997 M3 (SOHO)                                         MPC 41157
    CJ97M040  1997 06 18.07    0.0063    1.0000     51.70    331.22    145.98               9.0  4.0  C/1997 M4 (SOHO)                                         MPC 41157
    CJ97M050  1997 06 20.00    0.0059    1.0000     71.88    351.32    127.42               9.0  4.0  C/1997 M5 (SOHO)                                         MPC 42547
    CJ97N010  1997 08 15.4787  0.395697  1.000134  344.1853  147.6112   85.9634             9.0  4.0  C/1997 N1 (Tabur)                                        MPC 30429
    CJ97N030  1997 07  4.94    0.0059    1.0000     80.45      2.61    142.75               9.0  4.0  C/1997 N3 (SOHO)                                         MPC 41157
    CJ97O010  1997 07 14.5682  1.394145  0.983267  336.3842  231.5225  115.6086  20230225   8.0  4.0  C/1997 O1 (Tilbrook)                                     MPC 31205
    CJ97O020  1997 07 25.48    0.0356    1.0000     57.03     73.07     71.92               9.0  4.0  C/1997 O2 (SOHO)                                         MPC 45961
    CJ97O030  1997 08  1.50    0.0053    1.0000     97.86     16.19    141.45               9.0  4.0  C/1997 O3 (SOHO)                                         MPC 56795
    CJ97P010  1997 08  5.81    0.0055    1.0000     84.44      5.46    144.35               9.0  4.0  C/1997 P1 (SOHO)                                         MPC 35205
    CJ97P020  1997 09  8.3754  4.243720  1.011083   24.6137  302.2800   14.6731  20230225  10.0  4.0  C/1997 P2 (Spacewatch)                                   MPC 30738
    CJ97P030  1997 08  8.42    0.0067    1.0000     67.79    340.57    139.35               9.0  4.0  C/1997 P3 (SOHO)                                         MPC 35205
    CJ97P040  1997 08  8.88    0.0096    1.0000     67.33    355.21    145.97               9.0  4.0  C/1997 P4 (SOHO)                                         MPC 53949
    CJ97P050  1997 08  9.32    0.0051    1.0000     78.98    352.30    141.36               9.0  4.0  C/1997 P5 (SOHO)                                         MPC 53949
    CJ97Q010  1997 09  1.39    0.0078    1.0000     73.48    356.40    144.13               9.0  4.0  C/1997 Q1 (SOHO)                                         MPC 33856
    CJ97Q020  1997 08 24.11    0.0048    1.0000     88.38      9.41    144.16               9.0  4.0  C/1997 Q2 (SOHO)                                         MPC 34125
    CJ97R010  1997 09  8.88    0.0063    1.0000     76.18    356.27    144.03               9.0  4.0  C/1997 R1 (SOHO)                                         MPC 33856
    CJ97R020  1997 09 15.69    0.0054    1.0000     76.57    358.49    144.01               9.0  4.0  C/1997 R2 (SOHO)                                         MPC 33856
    CJ97R030  1997 09 17.02    0.0054    1.0000     81.89      4.00    144.45               9.0  4.0  C/1997 R3 (SOHO)                                         MPC 33856
    CJ97S010  1997 09 30.82    0.0074    1.0000     76.06    359.58    144.01               9.0  4.0  C/1997 S1 (SOHO)                                         MPC 35205
    CJ97S020  1997 09 26.45    0.0078    1.0000     68.85    358.73    143.81               9.0  4.0  C/1997 S2 (SOHO)                                         MPC 35205
    CJ97S030  1997 09 24.74    0.0053    1.0000     85.44      2.78    146.05               9.0  4.0  C/1997 S3 (SOHO)                                         MPC 42105
    CJ97S040  1997 09 29.49    0.0073    1.0000    155.80    124.16     41.53               9.0  4.0  C/1997 S4 (SOHO)                                         MPC 67412
    CJ97S050  1997 09 20.21    0.0058    1.0000     83.48      6.57    143.79               9.0  4.0  C/1997 S5 (SOHO)                                         MPC 53949
    CJ97S060  1997 09 21.15    0.0051    1.0000     64.33      1.30    144.01               9.0  4.0  C/1997 S6 (SOHO)                                         MPC 70810
    CJ97T010  1997 12  2.6733  1.399233  0.998357   96.5013   54.1816  128.1702  20230225   8.0  4.0  C/1997 T1 (Utsunomiya)                                   MPEC 2023-J76
    CJ97T020  1997 10  4.31    0.0044    1.0000     84.24      3.76    144.58               9.0  4.0  C/1997 T2 (SOHO)                                         MPC 35205
    CJ97T040  1997 10  6.88    0.0058    1.0000     87.64      4.35    144.63               9.0  4.0  C/1997 T4 (SOHO)                                         MPC 35205
    CJ97T050  1997 10  7.98    0.0051    1.0000     78.80    359.77    143.67               9.0  4.0  C/1997 T5 (SOHO)                                         MPC 35206
    CJ97T060  1997 10  2.30    0.0050    1.0000     85.14      4.75    144.40               9.0  4.0  C/1997 T6 (SOHO)                                         MPC 41524
    CJ97T070  1997 10  8.65    0.0051    1.0000     84.40      4.16    144.64               9.0  4.0  C/1997 T7 (SOHO)                                         MPC 41524
    CJ97T080  1997 10  9.03    0.0052    1.0000     81.49      3.31    142.27               9.0  4.0  C/1997 T8 (SOHO)                                         MPC 41714
    CJ97T090  1997 10  2.3985  0.001436  1.000000   46.8867  203.8364   42.3064             9.0  4.0  C/1997 T9 (SOHO)                                         MPC 84616
    CJ97U010  1997 10 29.04    0.0052    1.0000     48.51    317.55    130.65               9.0  4.0  C/1997 U1 (SOHO)                                         MPC 33856
    CJ97U020  1997 10 17.52    0.0051    1.0000     80.59    359.00    143.79               9.0  4.0  C/1997 U2 (SOHO)                                         MPC 41714
    CJ97U030  1997 10 20.59    0.0052    1.0000     85.93      7.91    144.43               9.0  4.0  C/1997 U3 (SOHO)                                         MPC 41715
    CJ97U040  1997 10 22.28    0.0050    1.0000     81.89    358.73    145.62               9.0  4.0  C/1997 U4 (SOHO)                                         MPC 41715
    CJ97U050  1997 10 27.20    0.0051    1.0000     82.31      2.87    142.93               9.0  4.0  C/1997 U5 (SOHO)                                         MPC 41715
    CJ97U060  1997 10 27.21    0.0051    1.0000     82.32      2.12    143.65               9.0  4.0  C/1997 U6 (SOHO)                                         MPC 41715
    CJ97U070  1997 10 28.02    0.0051    1.0000     84.90      6.94    144.23               9.0  4.0  C/1997 U7 (SOHO)                                         MPC 41715
    CJ97U080  1997 10 19.98    0.0310    1.0000     58.10     71.15     71.91               9.0  4.0  C/1997 U8 (SOHO)                                         MPC 46099
    CJ97U090  1997 10 23.17    0.0402    1.0000     64.63     68.23     77.41               9.0  4.0  C/1997 U9 (SOHO)                                         MPC 46099
    CJ97V020  1997 11  9.55    0.0067    1.0000     83.91      6.11    143.89               9.0  4.0  C/1997 V2 (SOHO)                                         MPC 35206
    CJ97V030  1997 11  2.19    0.0075    1.0000     49.66    323.19    136.47               9.0  4.0  C/1997 V3 (SOHO)                                         MPC 41715
    CJ97V040  1997 11  3.94    0.0050    1.0000     83.34      3.37    144.10               9.0  4.0  C/1997 V4 (SOHO)                                         MPC 41715
    CJ97V050  1997 11  8.90    0.0085    1.0000     65.49    342.67    138.34               9.0  4.0  C/1997 V5 (SOHO)                                         MPC 41715
    CJ97V060  1997 11  9.22    0.0054    1.0000     77.78    356.55    144.37               9.0  4.0  C/1997 V6 (SOHO)                                         MPC 41715
    CJ97V070  1997 11  3.31    0.0216    1.0000    202.65    158.78    137.40               9.0  4.0  C/1997 V7 (SOHO)                                         MPC 53949
    CJ97V080  1997 11  7.08    0.0080    1.0000     56.05    331.90    134.40               9.0  4.0  C/1997 V8 (SOHO)                                         MPC 56795
    CJ97V090  1997 11 14.05    0.0611    1.0000    316.92    219.17     93.76               9.0  4.0  C/1997 V9 (SOHO)                                         MPC 56795
    CJ97W010  1997 11 23.42    0.0055    1.0000     83.23      4.09    144.52               9.0  4.0  C/1997 W1 (SOHO)                                         MPC 35206
    CJ97W020  1997 11 20.04    0.0050    1.0000     92.18     12.75    142.35               9.0  4.0  C/1997 W2 (SOHO)                                         MPC 33856
    CJ97W030  1997 11 25.22    0.0073    1.0000     94.71     22.77    138.77               9.0  4.0  C/1997 W3 (SOHO)                                         MPC 43018
    CJ97X010  1997 12  2.95    0.0051    1.0000     78.84    359.01    143.91               9.0  4.0  C/1997 X1 (SOHO)                                         MPC 35206
    CJ97X030  1997 12  3.39    0.0055    1.0000     79.38      0.23    144.57               9.0  4.0  C/1997 X3 (SOHO)                                         MPC 41715
    CJ97X040  1997 12  3.46    0.0054    1.0000     84.87      6.09    142.93               9.0  4.0  C/1997 X4 (SOHO)                                         MPC 41715
    CJ97X050  1997 12  6.74    0.0058    1.0000     72.81    355.15    145.46               9.0  4.0  C/1997 X5 (SOHO)                                         MPC 41715
    CJ97X060  1997 12 10.76    0.0066    1.0000     71.61    351.41    146.21               9.0  4.0  C/1997 X6 (SOHO)                                         MPC 41715
    CJ97X070  1997 12 15.54    0.0346    1.0000     57.11     72.82     72.62               9.0  4.0  C/1997 X7 (SOHO)                                         MPC 56795
    CJ97Y010  1997 12 21.20    0.0054    1.0000     82.34      3.55    141.83               9.0  4.0  C/1997 Y1 (SOHO)                                         MPC 41715
    CJ97Y020  1997 12 21.72    0.0054    1.0000     88.36      9.52    143.32               9.0  4.0  C/1997 Y2 (SOHO)                                         MPC 41716
    CJ97Y030  1997 12 23.21    0.0066    1.0000     67.17    348.04    146.84               9.0  4.0  C/1997 Y3 (SOHO)                                         MPC 41716
    CJ98A010  1998 01 13.25    0.0054    1.0000     86.01      7.13    144.12               9.0  4.0  C/1998 A1 (SOHO)                                         MPC 35206
    CJ98A020  1998 01  3.73    0.0410    1.0000     26.31     80.78     27.93               9.0  4.0  C/1998 A2 (SOHO)                                         MPC 45180
    CJ98A030  1998 01  9.30    0.0419    1.0000     22.97     80.73     27.35               9.0  4.0  C/1998 A3 (SOHO)                                         MPC 45180
    CJ98A040  1998 01 10.79    0.0431    1.0000     21.35     81.03     26.87               9.0  4.0  C/1998 A4 (SOHO)                                         MPC 45334
    CJ98B020  1998 01 26.15    0.0049    1.0000     83.58    359.53    142.62               9.0  4.0  C/1998 B2 (SOHO)                                         MPC 41896
    CJ98D010  1998 02 27.69    0.0050    1.0000     80.77     11.92    147.94               9.0  4.0  C/1998 D1 (SOHO)                                         MPC 70810
    CJ98E010  1998 03  3.69    0.0053    1.0000     94.92      9.27    142.71               9.0  4.0  C/1998 E1 (SOHO)                                         MPC 35206
    CJ98F010  1998 03 22.43    0.0095    1.0000     60.14    339.82    138.61               9.0  4.0  C/1998 F1 (SOHO)                                         MPC 33857
    CJ98F020  1998 03 28.18    0.0050    1.0000     71.30    351.17    146.06               9.0  4.0  C/1998 F2 (SOHO)                                         MPC 41157
    CJ98G020  1998 04  2.41    0.0049    1.0000     79.41    354.60    146.08               9.0  4.0  C/1998 G2 (SOHO)                                         MPC 33857
    CJ98G030  1998 04 12.38    0.0354    1.0000    288.02    322.50     53.86               9.0  4.0  C/1998 G3 (SOHO)                                         MPC 41157
    CJ98G040  1998 04 11.46    0.0092    1.0000     62.75    338.58    139.59               9.0  4.0  C/1998 G4 (SOHO)                                         MPC 33857
    CJ98G050  1998 04  6.71    0.0050    1.0000     78.29    359.89    144.40               9.0  4.0  C/1998 G5 (SOHO)                                         MPC 41157
    CJ98G060  1998 04  7.14    0.0053    1.0000     85.24      7.71    144.82               9.0  4.0  C/1998 G6 (SOHO)                                         MPC 41157
    CJ98G070  1998 04  7.89    0.0079    1.0000     76.17    356.63    143.52               9.0  4.0  C/1998 G7 (SOHO)                                         MPC 41158
    CJ98G080  1998 04  9.97    0.0050    1.0000     86.48      7.24    144.96               9.0  4.0  C/1998 G8 (SOHO)                                         MPC 41158
    CJ98G090  1998 04 12.04    0.0370    1.0000     66.29     67.91     84.26               9.0  4.0  C/1998 G9 (SOHO)                                         MPC 56795
    CJ98H010  1998 04 19.6068  1.507814  0.997108    1.4356  221.9610  104.9171  20200531  10.0  4.0  C/1998 H1 (Stonehouse)                                   MPEC 2020-L06
    CJ98H020  1998 04 30.78    0.0067    1.0000     85.93      9.67    143.75               9.0  4.0  C/1998 H2 (SOHO)                                         MPC 33857
    CJ98H030  1998 04 26.87    0.0054    1.0000     77.47    357.63    144.16               9.0  4.0  C/1998 H3 (SOHO)                                         MPC 41158
    CJ98H040  1998 04 28.31    0.0050    1.0000     79.69    359.69    143.82               9.0  4.0  C/1998 H4 (SOHO)                                         MPC 41158
    CJ98H050  1998 04 20.58    0.0049    1.0000     86.37      5.76    143.95               9.0  4.0  C/1998 H5 (SOHO)                                         MPC 45180
    CJ98H060  1998 04 20.61    0.0050    1.0000     79.40      1.02    142.82               9.0  4.0  C/1998 H6 (SOHO)                                         MPC 45180
    CJ98J010  1998 05  8.6168  0.153214  1.000000  110.5409  351.6687   62.9296             8.0  4.0  C/1998 J1 (SOHO)                                         MPC 32168
    CJ98J020  1998 05 11.68    0.0055    1.0000     83.49      4.29    144.66               9.0  4.0  C/1998 J2 (SOHO)                                         MPC 33857
    CJ98J030  1998 05  5.06    0.0058    1.0000     80.49      3.11    143.30               9.0  4.0  C/1998 J3 (SOHO)                                         MPC 40986
    CJ98J040  1998 05  6.64    0.0049    1.0000     82.65      1.54    145.25               9.0  4.0  C/1998 J4 (SOHO)                                         MPC 40986
    CJ98J050  1998 05 12.58    0.0052    1.0000     76.60    354.37    145.65               9.0  4.0  C/1998 J5 (SOHO)                                         MPC 56953
    CJ98K010  1998 08 11.8031  3.469007  0.944759  165.3427   18.4282   35.4582  20230225   7.5  4.0  C/1998 K1 (Mueller)                                      MPC 33451
    CJ98K020  1998 09  8.4278  2.337607  0.997715  221.5189   68.7200   64.3299  20230225   8.5  4.0  C/1998 K2 (LINEAR)                                       MPC 37025
    CJ98K030  1998 03  7.2366  3.546758  1.000000   47.8419  307.9572  160.2062            10.0  4.0  C/1998 K3 (LINEAR)                                       MPC 32169
    CJ98K050  1998 07 31.0197  0.945801  0.985494   99.7751  210.4416    9.8852  20230225  12.0  4.0  C/1998 K5 (LINEAR)                                       MPC 33857
    CJ98K070  1998 05 17.65    0.0058    1.0000     85.49      7.20    144.18               9.0  4.0  C/1998 K7 (SOHO)                                         MPC 33650
    CJ98K080  1998 05 20.21    0.0064    1.0000     87.90     11.73    143.22               9.0  4.0  C/1998 K8 (SOHO)                                         MPC 33857
    CJ98K090  1998 05 29.06    0.0056    1.0000     83.49      4.51    144.55               9.0  4.0  C/1998 K9 (SOHO)                                         MPC 33650
    CJ98K100  1998 06  1.88    0.0058    1.0000     80.16      0.71    143.96               9.0  4.0  C/1998 K10 (SOHO)                                        MPC 33650
    CJ98K110  1998 06  2.05    0.0050    1.0000     83.82      5.18    144.49               9.0  4.0  C/1998 K11 (SOHO)                                        MPC 33650
    CJ98K120  1998 05 21.39    0.0063    1.0000     86.47     11.94    141.26               9.0  4.0  C/1998 K12 (SOHO)                                        MPC 40986
    CJ98K130  1998 05 22.23    0.0090    1.0000     60.40    334.35    146.44               9.0  4.0  C/1998 K13 (SOHO)                                        MPC 40986
    CJ98K140  1998 05 26.83    0.0051    1.0000     79.22    359.45    143.91               9.0  4.0  C/1998 K14 (SOHO)                                        MPC 40986
    CJ98K150  1998 05 29.11    0.0078    1.0000     85.71      7.41    143.85               9.0  4.0  C/1998 K15 (SOHO)                                        MPC 40986
    CJ98K160  1998 05 29.81    0.0058    1.0000     88.79     13.52    140.86               9.0  4.0  C/1998 K16 (SOHO)                                        MPC 40986
    CJ98K170  1998 05 31.55    0.0087    1.0000     83.98      3.12    140.04               9.0  4.0  C/1998 K17 (SOHO)                                        MPC 40986
    CJ98L010  1998 06 11.49    0.0075    1.0000     52.34    325.48    133.45               9.0  4.0  C/1998 L1 (SOHO)                                         MPC 33650
    CJ98L020  1998 06  4.01    0.0052    1.0000     97.59     22.49    139.09               9.0  4.0  C/1998 L2 (SOHO)                                         MPC 40986
    CJ98L030  1998 06  4.53    0.0050    1.0000     85.20      6.05    143.11               9.0  4.0  C/1998 L3 (SOHO)                                         MPC 40986
    CJ98L040  1998 06  5.42    0.0052    1.0000     85.37      6.36    144.71               9.0  4.0  C/1998 L4 (SOHO)                                         MPC 40986
    CJ98L050  1998 06  5.86    0.0055    1.0000     77.54    357.10    145.89               9.0  4.0  C/1998 L5 (SOHO)                                         MPC 40987
    CJ98L060  1998 06  6.27    0.0057    1.0000     87.29      9.30    143.65               9.0  4.0  C/1998 L6 (SOHO)                                         MPC 40987
    CJ98L070  1998 06  6.95    0.0084    1.0000     49.14    321.10    132.50               9.0  4.0  C/1998 L7 (SOHO)                                         MPC 40987
    CJ98L080  1998 06  8.76    0.0071    1.0000     59.36    337.13    144.44               9.0  4.0  C/1998 L8 (SOHO)                                         MPC 40987
    CJ98L090  1998 06 12.68    0.0048    1.0000     81.86      2.97    143.95               9.0  4.0  C/1998 L9 (SOHO)                                         MPC 40987
    CJ98L100  1998 06  2.72    0.0079    1.0000     67.21    341.53    139.50               9.0  4.0  C/1998 L10 (SOHO)                                        MPC 56795
    CJ98M010  1998 10 29.8051  3.152914  0.991697   19.6073  256.0432   20.3704  20230225   8.0  4.0  C/1998 M1 (LINEAR)                                       MPC 73461
    CJ98M020  1998 08 21.0999  2.738001  0.995590   37.2490  260.8712   60.1969  20230225   9.0  4.0  C/1998 M2 (LINEAR)                                       MPC 35553
    CJ98M030  1998 07 19.2883  5.804865  1.000255   20.9217  255.5240  113.3490  20230225   6.5  4.0  C/1998 M3 (Larsen)                                       MPC 34733
    CJ98M040  1997 12 10.4240  2.601692  1.000000  106.3635   92.9151  154.5807             9.5  4.0  C/1998 M4 (LINEAR)                                       MPC 32410
    CJ98M050  1999 01 26.1307  1.726494  0.995539  100.9740  334.0988   82.4765  20230225   6.0  4.0  C/1998 M5 (LINEAR)                                       MPC 48379
    CJ98M060  1998 10  4.5387  6.031802  0.996777    9.2324  306.5230   91.7634  20230225   7.0  4.0  C/1998 M6 (Montani)                                      MPC 33188
    CJ98M070  1998 06 17.23    0.0054    1.0000     63.51    341.17    144.54               9.0  4.0  C/1998 M7 (SOHO)                                         MPC 33857
    CJ98M080  1998 06 19.84    0.0055    1.0000     67.94    347.41    146.26               9.0  4.0  C/1998 M8 (SOHO)                                         MPC 40987
    CJ98M090  1998 06 22.08    0.0061    1.0000     69.49    350.68    147.31               9.0  4.0  C/1998 M9 (SOHO)                                         MPC 40987
    CJ98M100  1998 06 24.03    0.0064    1.0000     81.47      2.73    144.24               9.0  4.0  C/1998 M10 (SOHO)                                        MPC 40987
    CJ98P010  1998 10 24.3262  1.139229  0.998781  295.0970  157.3215  145.7674  20230225   7.5  4.0  C/1998 P1 (Williams)                                     MPC 34420
    CJ98Q010  1998 07  7.6100  1.574113  0.993393  135.2988  158.7906   32.3837  20230225  14.0  4.0  C/1998 Q1 (LINEAR)                                       MPC 35206
    CJ98T010  1999 06 25.3874  1.508212  0.998144  226.8242  153.7423  170.3084  20230225   8.0  4.0  C/1998 T1 (LINEAR)                                       MPC 40668
    CJ98T020  1998 10 15.56    0.0049    1.0000     81.01    359.05    144.22               9.0  4.0  C/1998 T2 (SOHO)                                         MPC 56795
    CJ98U010  1998 04 28.8953  3.944997  0.994566  124.5069  210.0870  156.5415  20230225   9.5  4.0  C/1998 U1 (LINEAR)                                       MPC 33650
    CJ98U050  1998 12  8.3065  1.258399  0.987701   51.4553   66.8798  131.9223  20230225   8.0  4.0  C/1998 U5 (LINEAR)                                       MPC 35206
    CJ98U060  1998 10 29.65    0.0054    1.0000     80.63      3.67    143.74               9.0  4.0  C/1998 U6 (SOHO)                                         MPC 42105
    CJ98U070  1998 10 27.66    0.0067    1.0000     48.66    316.22    131.34               9.0  4.0  C/1998 U7 (SOHO)                                         MPC 54164
    CJ98V010  1998 11  4.91    0.0049    1.0000     80.75      0.80    143.89               9.0  4.0  C/1998 V1 (SOHO)                                         MPC 40822
    CJ98V020  1998 11  7.68    0.0053    1.0000     78.92    358.30    144.73               9.0  4.0  C/1998 V2 (SOHO)                                         MPC 41896
    CJ98V030  1998 11  7.70    0.0055    1.0000     76.95    351.18    147.39               9.0  4.0  C/1998 V3 (SOHO)                                         MPC 41897
    CJ98V040  1998 11  9.52    0.0050    1.0000     86.57      7.78    144.64               9.0  4.0  C/1998 V4 (SOHO)                                         MPC 42105
    CJ98V050  1998 11  2.97    0.0067    1.0000     31.07    315.60    143.04               9.0  4.0  C/1998 V5 (SOHO)                                         MPC 42105
    CJ98V060  1998 11  3.01    0.0079    1.0000     61.40    347.96    148.56               9.0  4.0  C/1998 V6 (SOHO)                                         MPC 42105
    CJ98V070  1998 11  7.56    0.0048    1.0000     71.42    348.36    145.20               9.0  4.0  C/1998 V7 (SOHO)                                         MPC 42664
    CJ98V080  1998 11  3.41    0.0363    1.0000     57.46     72.88     72.01               9.0  4.0  C/1998 V8 (SOHO)                                         MPC 45653
    CJ98V090  1998 11  8.64    0.0072    1.0000     57.07    327.81    144.90               9.0  4.0  C/1998 V9 (SOHO)                                         MPC 45961
    PJ98V24S  2027 09  6.3752  3.423678  0.243334  244.6051  159.0864    5.0283  20230225  13.0  2.0  P/1998 VS24 (LINEAR)                                     MPC 75703
    CJ98W030  1998 10  7.5455  4.853912  0.999183    6.8796  124.0524  128.9935  20230225   6.0  4.0  C/1998 W3 (LINEAR)                                       MPC 36212
    CJ98W040  1998 11 24.58    0.0057    1.0000     80.83    359.98    145.14               9.0  4.0  C/1998 W4 (SOHO)                                         MPC 41897
    CJ98W050  1998 11 25.18    0.0082    1.0000     89.63     12.86    142.26               9.0  4.0  C/1998 W5 (SOHO)                                         MPC 41897
    CJ98W060  1998 11 25.99    0.0064    1.0000     86.21      8.43    143.37               9.0  4.0  C/1998 W6 (SOHO)                                         MPC 42105
    CJ98W070  1998 11 28.24    0.0362    1.0000     56.89     73.21     72.12               9.0  4.0  C/1998 W7 (SOHO)                                         MPC 45653
    CJ98W080  1998 11 30.42    0.0052    1.0000     80.74      1.75    144.11               9.0  4.0  C/1998 W8 (SOHO)                                         MPC 56795
    CJ98X030  1998 12  5.95    0.0053    1.0000     75.96    355.68    147.15               9.0  4.0  C/1998 X3 (SOHO)                                         MPC 41716
    CJ98X040  1998 12  8.25    0.0057    1.0000     83.14      8.47    142.65               9.0  4.0  C/1998 X4 (SOHO)                                         MPC 41716
    CJ98X050  1998 12  9.58    0.0057    1.0000     76.64    356.25    144.99               9.0  4.0  C/1998 X5 (SOHO)                                         MPC 41716
    CJ98X060  1998 12 10.10    0.0060    1.0000     70.54    351.42    145.03               9.0  4.0  C/1998 X6 (SOHO)                                         MPC 41716
    CJ98X070  1998 12 10.30    0.0058    1.0000     79.14    359.36    143.98               9.0  4.0  C/1998 X7 (SOHO)                                         MPC 41716
    CJ98X080  1998 12 12.34    0.0055    1.0000     89.85     13.18    142.86               9.0  4.0  C/1998 X8 (SOHO)                                         MPC 41716
    CJ98X090  1998 12 14.64    0.0053    1.0000     75.70    354.66    144.96               9.0  4.0  C/1998 X9 (SOHO)                                         MPC 41897
    CJ98X100  1998 12 14.65    0.0050    1.0000     62.62    340.33    145.56               9.0  4.0  C/1998 X10 (SOHO)                                        MPC 41897
    CJ98X110  1998 12  9.18    0.0049    1.0000     91.40     13.51    140.90               9.0  4.0  C/1998 X11 (SOHO)                                        MPC 42105
    CJ98X120  1998 12  7.40    0.0048    1.0000     74.90    354.81    144.89               9.0  4.0  C/1998 X12 (SOHO)                                        MPC 45653
    CJ98Y010  1998 11 10.6932  1.732680  0.924734  339.6879   99.0319   28.0425  20230225  14.0  4.0  C/1998 Y1 (LINEAR)                                       MPC 35207
    CJ99A010  1999 01 14.8301  0.744152  0.995904  233.0049  259.1111   89.5242  20230225  12.0  4.0  C/1999 A1 (Tilbrook)                                     MPC 33858
    CJ99C010  1999 02  7.86    0.0062    1.0000     81.72      3.63    144.81               9.0  4.0  C/1999 C1 (SOHO)                                         MPC 34126
    CJ99C020  1999 02  6.73    0.0068    1.0000     72.41    354.19    144.16               9.0  4.0  C/1999 C2 (SOHO)                                         MPC 40668
    CJ99D020  1999 02 28.36    0.0051    1.0000     79.82      0.54    144.45               9.0  4.0  C/1999 D2 (SOHO)                                         MPC 71682
    CJ99D030  1999 02 28.65    0.0053    1.0000     43.28    334.96    138.80               9.0  4.0  C/1999 D3 (SOHO)                                         MPC 71682
    CJ99E010  1999 01 16.0059  3.911262  0.760508  329.6190  128.0288   46.7775  20230225   6.5  4.0  C/1999 E1 (Li)                                           MPC 39021
    CJ99E020  1999 03  3.72    0.0051    1.0000     82.50      4.27    145.42               9.0  4.0  C/1999 E2 (SOHO)                                         MPC 39021
    CJ99F010  2002 02 15.0766  5.775748  1.000481  255.2218   19.8204   91.6393  20230225   9.5  2.0  C/1999 F1 (Catalina)                                     MPC 73461
    CJ99F020  1998 08  9.9217  4.776385  0.998676  352.5617  210.4441   56.2142  20230225   5.0  4.0  C/1999 F2 (Dalcanton)                                    MPC 39021
    CJ99F030  1999 03 17.38    0.0363    1.0000     57.90     72.36     73.31               9.0  4.0  C/1999 F3 (SOHO)                                         MPC 45334
    CJ99F040  1999 03 16.9753  0.015678  1.000000   62.1403    6.2608  144.4296             9.0  4.0  C/1999 F4 (SOHO)                                         MPC 84616
    CJ99G020  1999 04 13.73    0.0049    1.0000     82.65    358.79    145.01               9.0  4.0  C/1999 G2 (SOHO)                                         MPC 34421
    CJ99G030  1999 04  2.40    0.0092    1.0000     73.82      2.98    144.09               9.0  4.0  C/1999 G3 (SOHO)                                         MPC 40987
    CJ99G040  1999 04  3.85    0.0073    1.0000     75.85      1.74    145.06               9.0  4.0  C/1999 G4 (SOHO)                                         MPC 40987
    CJ99G050  1999 04 11.62    0.0062    1.0000     77.96      2.66    143.42               9.0  4.0  C/1999 G5 (SOHO)                                         MPC 40987
    CJ99H010  1999 07 17.8835  0.682359  0.999851   40.1096  162.2810  148.9600  20200531   7.0  4.0  C/1999 H1 (Lee)                                          MPEC 2020-L06
    CJ99H020  1999 04 19.62    0.0051    1.0000     83.70      3.33    145.38               9.0  4.0  C/1999 H2 (SOHO)                                         MPC 34421
    CJ99H030  1999 08 23.3610  3.491620  1.000521  101.9520  333.1704  116.1000  20230225   5.0  4.0  C/1999 H3 (LINEAR)                                       MPC 45181
    CJ99H040  1999 04 27.86    0.0055    1.0000     85.20      6.35    144.45               9.0  4.0  C/1999 H4 (SOHO)                                         MPC 34421
    CJ99H050  1999 04 24.86    0.0051    1.0000     85.47      5.51    144.57               9.0  4.0  C/1999 H5 (SOHO)                                         MPC 40987
    CJ99H060  1999 04 29.14    0.0062    1.0000     79.75      1.33    144.92               9.0  4.0  C/1999 H6 (SOHO)                                         MPC 40987
    CJ99H070  1999 04 20.84    0.0082    1.0000     79.79      6.99    142.60               9.0  4.0  C/1999 H7 (SOHO)                                         MPC 40987
    CJ99H080  1999 04 20.30    0.0050    1.0000     84.26      3.73    145.23               9.0  4.0  C/1999 H8 (SOHO)                                         MPC 45181
    CJ99H090  1999 04 26.58    0.0072    1.0000     57.74    330.00    139.46               9.0  4.0  C/1999 H9 (SOHO)                                         MPC 45181
    CJ99J010  1999 05  8.49    0.0062    1.0000     83.51      7.70    142.66               9.0  4.0  C/1999 J1 (SOHO)                                         MPC 34734
    CJ99J020  2000 04  6.7543  7.088329  1.000846  127.0295   50.3348   86.4155  20250505   2.0  4.0  C/1999 J2 (Skiff)                                        MPC186628
    CJ99J030  1999 09 15.1247  0.958026  0.999124  161.6766  228.6940  102.0272  20230225  12.0  4.0  C/1999 J3 (LINEAR)                                       MPC 36212
    CJ99J040  1999 11 17.6088  3.780400  1.000000   95.1591  264.4841  118.9108            11.5  2.0  C/1999 J4 (LINEAR)                                       MPC 34734
    PJ99J060  2020 12 30.9194  0.044587  0.985251   25.9212   77.3391   23.2328  20230225   9.0  4.0  P/1999 J6 (SOHO)                                         MPEC 2010-J28
    CJ99J070  1999 05  5.78    0.0070    1.0000     86.23     11.90    143.00               9.0  4.0  C/1999 J7 (SOHO)                                         MPC 40822
    CJ99J080  1999 05  8.13    0.0056    1.0000     84.11      7.60    141.95               9.0  4.0  C/1999 J8 (SOHO)                                         MPC 40822
    CJ99J090  1999 05  9.61    0.0050    1.0000     79.96      0.53    143.92               9.0  4.0  C/1999 J9 (SOHO)                                         MPC 40822
    CJ99J100  1999 05 11.44    0.0072    1.0000     85.40     10.20    142.38               9.0  4.0  C/1999 J10 (SOHO)                                        MPC 40822
    CJ99J110  1999 05 14.93    0.0051    1.0000     83.78      4.02    144.48               9.0  4.0  C/1999 J11 (SOHO)                                        MPC 40822
    CJ99J120  1999 05  3.47    0.0051    1.0000     79.31    352.92    147.21               9.0  4.0  C/1999 J12 (SOHO)                                        MPC 40988
    CJ99J130  1999 05 14.39    0.0052    1.0000     72.50    351.72    146.78               9.0  4.0  C/1999 J13 (SOHO)                                        MPC 45181
    CJ99K010  1999 05 21.37    0.0051    1.0000     83.51      5.49    143.78               9.0  4.0  C/1999 K1 (SOHO)                                         MPC 34735
    CJ99K020  1999 04  9.4337  5.338566  0.963543    4.6638  300.2256   82.3833  20230225   6.0  4.0  C/1999 K2 (Ferris)                                       MPC 35553
    CJ99K030  1999 02 25.2076  1.971395  0.990689  341.3626  266.8752   92.3322  20230225  12.0  4.0  C/1999 K3 (LINEAR)                                       MPC 35207
    CJ99K040  1999 05 16.337   1.44831   1.00000     8.833   241.637   121.310             18.5  4.0  C/1999 K4 (LINEAR)                                       MPC 34735
    CJ99K050  2000 07 14.5472  3.248155  0.999425  241.3987  106.4542   89.6704  20230225   6.0  4.0  C/1999 K5 (LINEAR)                                       MPC 44503
    CJ99K060  1999 08  3.4038  2.260565  0.994299   57.0696  245.3202   46.1144  20230225  11.0  4.0  C/1999 K6 (LINEAR)                                       MPC 36653
    CJ99K070  1999 02 25.0472  2.324238  1.000000  104.7378   50.3130  135.1698            13.0  4.0  C/1999 K7 (LINEAR)                                       MPC 35207
    CJ99K080  2000 05  2.7269  4.167530  0.998746  164.5967  195.0419   52.8966  20230225   5.0  4.0  C/1999 K8 (LINEAR)                                       MPC 96864
    CJ99K090  1999 05 24.48    0.0065    1.0000     84.91      8.45    142.66               9.0  4.0  C/1999 K9 (SOHO)                                         MPC 34735
    CJ99K100  1999 06  1.35    0.0055    1.0000     84.21      5.29    144.89               9.0  4.0  C/1999 K10 (SOHO)                                        MPC 34735
    CJ99K110  1999 05 20.32    0.0050    1.0000     84.85      7.16    143.07               9.0  4.0  C/1999 K11 (SOHO)                                        MPC 40822
    CJ99K120  1999 05 23.97    0.0065    1.0000     39.88    311.54    145.92               9.0  4.0  C/1999 K12 (SOHO)                                        MPC 40822
    CJ99K130  1999 05 24.67    0.0075    1.0000     52.37    323.08    138.40               9.0  4.0  C/1999 K13 (SOHO)                                        MPC 40822
    CJ99K140  1999 05 28.46    0.0064    1.0000     86.73      9.08    143.36               9.0  4.0  C/1999 K14 (SOHO)                                        MPC 40822
    CJ99K150  1999 05 29.24    0.0051    1.0000     78.55    358.08    144.79               9.0  4.0  C/1999 K15 (SOHO)                                        MPC 40823
    CJ99K160  1999 05 26.64    0.0339    1.0000     56.71     72.64     71.73               9.0  4.0  C/1999 K16 (SOHO)                                        MPC 45181
    CJ99K170  1999 05 28.22    0.0062    1.0000     88.28     12.31    141.74               9.0  4.0  C/1999 K17 (SOHO)                                        MPC 45181
    CJ99L010  1999 06  5.89    0.0053    1.0000     80.66      1.10    143.91               9.0  4.0  C/1999 L1 (SOHO)                                         MPC 34735
    CJ99L020  1999 08  7.9908  1.931823  0.994298  178.9352   94.1865   44.0391  20230225  13.0  4.0  C/1999 L2 (LINEAR)                                       MPC 35208
    CJ99L030  2000 01  6.7696  1.936604  0.974943  353.7086  140.8474  165.9499  20230225  10.0  4.0  C/1999 L3 (LINEAR)                                       MPC 37478
    CJ99L040  1999 06  2.02    0.0078    1.0000     70.86    348.49    137.95               9.0  4.0  C/1999 L4 (SOHO)                                         MPC 34736
    CJ99L050  1999 06 11.58    0.0077    1.0000     85.28      6.76    144.42               9.0  4.0  C/1999 L5 (SOHO)                                         MPC 39021
    CJ99L060  1999 06  1.70    0.0050    1.0000     57.85    332.27    145.65               9.0  4.0  C/1999 L6 (SOHO)                                         MPC 40988
    CJ99L070  1999 06  3.68    0.0076    1.0000     79.99      0.20    146.01               9.0  4.0  C/1999 L7 (SOHO)                                         MPC 40988
    CJ99L080  1999 06  6.71    0.0054    1.0000     60.79    337.71    145.44               9.0  4.0  C/1999 L8 (SOHO)                                         MPC 40988
    CJ99L090  1999 06  9.44    0.0380    1.0000     57.93     70.16     70.73               9.0  4.0  C/1999 L9 (SOHO)                                         MPC 45181
    CJ99M010  1999 06 16.92    0.0055    1.0000     86.30      7.64    144.21               9.0  4.0  C/1999 M1 (SOHO)                                         MPC 35208
    CJ99M020  1999 06 27.71    0.0049    1.0000     85.74      6.91    144.33               9.0  4.0  C/1999 M2 (SOHO)                                         MPC 35208
    CJ99M030  1999 06 30.70    0.0441    1.0000     68.03     36.33     12.35               9.0  4.0  C/1999 M3 (SOHO)                                         MPC 45181
    CJ99M040  1999 06 24.64    0.0081    1.0000     67.44    344.88    141.90               9.0  4.0  C/1999 M4 (SOHO)                                         MPC 47049
    CJ99N010  1999 07  1.68    0.0052    1.0000     91.95     13.70    142.78               9.0  4.0  C/1999 N1 (SOHO)                                         MPC 35208
    CJ99N020  1999 07 28.5080  0.779701  0.996802  358.0021  254.7313  111.5359  20230225   9.5  4.0  C/1999 N2 (Lynn)                                         MPC 35814
    CJ99N030  1999 07 10.37    0.0055    1.0000     85.58      7.02    144.43               9.0  4.0  C/1999 N3 (SOHO)                                         MPC 35208
    CJ99N040  2000 05 23.5825  5.556622  1.001235   90.8358  346.1611  157.0627  20230225   6.0  4.0  C/1999 N4 (LINEAR)                                       MPC 73461
    CJ99N050  1999 07 11.24    0.0496    1.0000     27.20     82.49     27.08               9.0  4.0  C/1999 N5 (SOHO)                                         MPC 45181
    CJ99N060  1999 07 12.30    0.0435    1.0000     63.97     32.50     12.15               9.0  4.0  C/1999 N6 (SOHO)                                         MPC 45181
    CJ99O010  1999 08  1.11    0.0051    1.0000     78.96    359.34    144.42               9.0  4.0  C/1999 O1 (SOHO)                                         MPC 38307
    CJ99O020  1999 07 22.56    0.0079    1.0000     62.39    338.37    139.26               9.0  4.0  C/1999 O2 (SOHO)                                         MPC 39021
    CJ99O030  1999 08  1.36    0.0052    1.0000     89.76     10.06    143.44               9.0  4.0  C/1999 O3 (SOHO)                                         MPC 39021
    CJ99O040  1999 07 18.80    0.0586    1.0000    104.04    107.87    133.32               9.0  4.0  C/1999 O4 (SOHO)                                         MPC 47291
    CJ99O050  1999 07 26.75    0.0048    1.0000     72.01    350.77    146.95               9.0  4.0  C/1999 O5 (SOHO)                                         MPC 71682
    CJ99P020  1999 08  6.17    0.0084    1.0000     82.37      4.43    144.76               9.0  4.0  C/1999 P2 (SOHO)                                         MPC 38307
    CJ99P030  1999 08  4.05    0.0063    1.0000     84.02      5.59    144.16               9.0  4.0  C/1999 P3 (SOHO)                                         MPC 38307
    CJ99P040  1999 08 10.13    0.0050    1.0000     89.07     10.74    144.33               9.0  4.0  C/1999 P4 (SOHO)                                         MPC 39021
    CJ99P050  1999 08 12.99    0.0063    1.0000     72.99    355.21    144.69               9.0  4.0  C/1999 P5 (SOHO)                                         MPC 39021
    CJ99P060  1999 08  5.10    0.0494    1.0000     21.49     82.01     26.57               9.0  4.0  C/1999 P6 (SOHO)                                         MPC 45181
    CJ99P070  1999 08 13.16    0.0372    1.0000     57.64     73.00     71.32               9.0  4.0  C/1999 P7 (SOHO)                                         MPC 45181
    CJ99P080  1999 08 14.99    0.0494    1.0000     21.28     81.85     26.56               9.0  4.0  C/1999 P8 (SOHO)                                         MPC 45182
    CJ99P090  1999 08 15.03    0.0493    1.0000     21.51     81.74     26.55               9.0  4.0  C/1999 P9 (SOHO)                                         MPC 45182
    CJ99Q010  1999 08 24.46    0.0053    1.0000     96.26     15.74    142.16               9.0  4.0  C/1999 Q1 (SOHO)                                         MPC 39021
    CJ99Q020  1999 08 25.10    0.0050    1.0000     79.36      0.48    144.55               9.0  4.0  C/1999 Q2 (SOHO)                                         MPC 39022
    CJ99Q030  1999 08 31.73    0.0052    1.0000     86.52      7.55    144.42               9.0  4.0  C/1999 Q3 (SOHO)                                         MPC 39022
    CJ99Q040  1999 08 25.85    0.0050    1.0000     90.51     10.99    143.22               9.0  4.0  C/1999 Q4 (SOHO)                                         MPC 71682
    CJ99R030  1999 09  6.08    0.0053    1.0000     79.73      1.53    144.37               9.0  4.0  C/1999 R3 (SOHO)                                         MPC 39022
    CJ99R040  1999 09  6.61    0.0051    1.0000     83.00      3.17    143.91               9.0  4.0  C/1999 R4 (SOHO)                                         MPC 39022
    CJ99R050  1999 09  9.90    0.0049    1.0000     88.59      3.94    142.80               9.0  4.0  C/1999 R5 (SOHO)                                         MPC 70810
    PJ99R28O  2025 10 29.8492  1.122039  0.672531  231.2715  137.9061    7.5688  20230225  20.0  2.0  P/1999 RO28 (LONEOS)                                     NK    731
    CJ99S010  1999 09 17.87    0.0050    1.0000     80.27      1.11    144.06               9.0  4.0  C/1999 S1 (SOHO)                                         MPC 40668
    CJ99S020  1997 11 28.1714  6.489051  1.003806  223.5264   74.4400   65.7300  20230225   2.0  4.0  C/1999 S2 (McNaught-Watson)                              MPC 43758
    CJ99S030  1999 11  5.2806  1.887175  0.899231   43.9116   12.2054   71.0418  20230225  10.0  4.0  C/1999 S3 (LINEAR)                                       MPC 39022
    CJ99S040  2000 07 28.6141  0.795991  0.998999  151.4726   83.4374  149.3775  20230225   9.0  4.0  C/1999 S4 (LINEAR)                                       MPC 40988
    CJ99S050  1999 09 21.38    0.0050    1.0000     80.68      1.79    144.40               9.0  4.0  C/1999 S5 (SOHO)                                         MPC 41158
    CJ99S060  1999 09 21.82    0.0065    1.0000     89.64      8.51    143.85               9.0  4.0  C/1999 S6 (SOHO)                                         MPC 41158
    CJ99S070  1999 09 24.94    0.0051    1.0000     82.08      3.20    143.99               9.0  4.0  C/1999 S7 (SOHO)                                         MPC 39022
    CJ99S080  1999 09 20.64    0.0052    1.0000     93.28    355.60    143.86               9.0  4.0  C/1999 S8 (SOHO)                                         MPC 70810
    CJ99T010  2000 12  6.0055  1.181882  0.999966  344.8164  182.9788   79.2891  20230225   5.0  4.0  C/1999 T1 (McNaught-Hartley)                             MPC102094
    CJ99T020  2000 11 20.6695  3.065152  1.000376  104.9548   15.4383  111.2843  20230225   6.0  4.0  C/1999 T2 (LINEAR)                                       MPC 73461
    CJ99T030  2000 08 22.1412  5.370618  0.993518  211.1908  223.5265  105.0824  20230225   6.0  4.0  C/1999 T3 (LINEAR)                                       MPC 41897
    CJ99U010  1998 09 11.1962  4.072594  0.997900  290.6206   58.0130  105.7267  20230225   6.5  4.0  C/1999 U1 (Ferris)                                       MPC 41158
    CJ99U020  1999 10 25.22    0.0491    1.0000     21.90     82.02     26.94               9.0  4.0  C/1999 U2 (SOHO)                                         MPC 45334
    CJ99U040  2001 10 19.5326  4.900401  1.000919   77.2361   32.4380   52.2735  20230225   4.5  4.0  C/1999 U4 (Catalina-Skiff)                               MPC 45961
    CJ99U050  1999 11  1.40    0.0072    1.0000     54.48    331.61    132.50               9.0  4.0  C/1999 U5 (SOHO)                                         MPC 39791
    CJ99U060  1999 10 18.26    0.0055    1.0000     81.51      2.23    144.17               9.0  4.0  C/1999 U6 (SOHO)                                         MPC 41525
    CJ99U070  1999 10 27.49    0.0050    1.0000     84.10      3.57    145.54               9.0  4.0  C/1999 U7 (SOHO)                                         MPC 41525
    CJ99U080  1999 10 29.67    0.0051    1.0000     83.10      5.31    143.96               9.0  4.0  C/1999 U8 (SOHO)                                         MPC 41525
    CJ99U090  1999 10 30.61    0.0053    1.0000     82.09      4.02    142.86               9.0  4.0  C/1999 U9 (SOHO)                                         MPC 41525
    CJ99V020  1999 11  8.49    0.0049    1.0000     85.09      6.55    144.56               9.0  4.0  C/1999 V2 (SOHO)                                         MPC 41525
    CJ99V030  1999 11 15.13    0.0056    1.0000     78.36    357.22    146.24               9.0  4.0  C/1999 V3 (SOHO)                                         MPC 41525
    CJ99V040  1999 11 15.91    0.0051    1.0000     89.69     10.38    142.57               9.0  4.0  C/1999 V4 (SOHO)                                         MPC 41525
    CJ99V050  1999 11 14.68    0.0051    1.0000     73.77    358.13    141.25               9.0  4.0  C/1999 V5 (SOHO)                                         MPC 57417
    CJ99W010  1999 11 23.63    0.0088    1.0000     87.47      9.34    136.57               9.0  4.0  C/1999 W1 (SOHO)                                         MPC 39791
    CJ99W020  1999 11 26.83    0.0055    1.0000     89.65     13.36    141.45               9.0  4.0  C/1999 W2 (SOHO)                                         MPC 45334
    CJ99X020  1999 12  4.23    0.0059    1.0000     69.11    346.83    148.35               9.0  4.0  C/1999 X2 (SOHO)                                         MPC 40988
    CJ99X87S  1999 08  4.1389  2.734706  0.840423  151.0191  266.8236   14.8535  20230225  10.0  4.0  C/1999 XS87 (LINEAR)                                     MPC 39023
    PJ99XC0N  2025 12 22.8939  3.299252  0.210512  161.6993  285.2655    5.0301  20230225  13.5  2.0  P/1999 XN120 (Catalina)                                  MPC 75704
    CJ99Y010  2001 03 12.8289  3.126230  0.999001  184.1172  188.6787  135.1290  20230225   5.5  4.0  C/1999 Y1 (LINEAR)                                       MPC 43758
    CJ99Y020  1999 12 28.70    0.0483    1.0000    342.21    235.50    111.42               9.0  4.0  C/1999 Y2 (SOHO)                                         MPC 37479
    CJ99Y030  1999 12 21.88    0.0056    1.0000     85.05      6.49    144.43               9.0  4.0  C/1999 Y3 (SOHO)                                         MPC 39791
    CK00A010  2000 07 20.4940  9.682958  0.999508   14.2723  111.7079   24.6138  20251121   3.5  4.0  C/2000 A1 (Montani)                                      MPC188408
    CK00A020  2000 01 15.21    0.0061    1.0000     80.15      2.55    145.65               9.0  4.0  C/2000 A2 (SOHO)                                         MPC 41897
    CK00B010  2000 01 25.83    0.0054    1.0000     86.21      7.65    144.52               9.0  4.0  C/2000 B1 (SOHO)                                         MPC 40668
    CK00B020  1999 11  9.9344  3.776036  1.000000  154.5683  284.9897   93.6545            13.0  2.0  C/2000 B2 (LINEAR)                                       MPC 39023
    CK00B050  2000 01 18.87    0.0054    1.0000     82.17      2.86    144.21               9.0  4.0  C/2000 B5 (SOHO)                                         MPC 39791
    CK00B060  2000 01 30.21    0.0052    1.0000     84.28    359.24    140.89               9.0  4.0  C/2000 B6 (SOHO)                                         MPC 39791
    CK00B070  2000 02  1.48    0.0050    1.0000     79.36      0.45    144.63               9.0  4.0  C/2000 B7 (SOHO)                                         MPC 39791
    CK00B080  2000 01 16.85    0.0340    1.0000     54.63     75.09     70.75               9.0  4.0  C/2000 B8 (SOHO)                                         MPC 45182
    CK00C020  2000 02  3.85    0.0370    1.0000     55.44     73.71     71.35               9.0  4.0  C/2000 C2 (SOHO)                                         MPC 44860
    CK00C030  2000 02  4.58    0.0487    1.0000     23.47     81.85     24.97               9.0  4.0  C/2000 C3 (SOHO)                                         MPC 44860
    CK00C040  2000 02  5.17    0.0487    1.0000     23.05     81.95     24.97               9.0  4.0  C/2000 C4 (SOHO)                                         MPC 44860
    CK00C050  2000 02  7.89    0.0358    1.0000     54.73     65.16     72.22               9.0  4.0  C/2000 C5 (SOHO)                                         MPC 44860
    CK00C060  2000 02 10.71    0.0062    1.0000     82.41      4.47    144.78               9.0  4.0  C/2000 C6 (SOHO)                                         MPC 40669
    CK00C070  2000 02  4.47    0.0481    1.0000     22.34     81.06     24.89               9.0  4.0  C/2000 C7 (SOHO)                                         MPC 45961
    CK00C54T  2001 06 22.7477  3.167697  0.998941  273.0021   18.5186   48.9075  20230225  11.0  2.0  C/2000 CT54 (LINEAR)                                     MPC 60280
    CK00D010  2000 03  1.06    0.0051    1.0000     78.43      0.93    144.56               9.0  4.0  C/2000 D1 (SOHO)                                         MPC 40669
    CK00D020  2000 03  8.6123  2.297627  0.867110  117.6825  235.8874  156.9918            15.0  2.0  C/2000 D2 (LINEAR)                                       MPC 40669
    CK00D030  2000 02 26.65    0.0066    1.0000     68.93    339.90    139.71               9.0  4.0  C/2000 D3 (SOHO)                                         MPC 39792
    CK00D040  2000 02 24.2494  0.000178  1.000000  114.1282    2.0888  132.6440             9.0  4.0  C/2000 D4 (SOHO)                                         MPC 84616
    CK00E010  2000 03  5.55    0.0050    1.0000     89.13      9.73    144.33               9.0  4.0  C/2000 E1 (SOHO)                                         MPC 39024
    CK00F010  2000 04  1.52    0.0060    1.0000     88.92      7.52    144.40               9.0  4.0  C/2000 F1 (SOHO)                                         MPC 39792
    CK00F020  2000 03 19.79    0.0053    1.0000     70.65    337.53    139.59               9.0  4.0  C/2000 F2 (SOHO)                                         MPC 45961
    CK00F030  2000 03 28.90    0.0052    1.0000     58.02    323.69    135.93               9.0  4.0  C/2000 F3 (SOHO)                                         MPC 45961
    CK00G020  2000 02  6.1532  2.716730  0.809007  101.7505  328.3872  170.4791            11.5  4.0  C/2000 G2 (LINEAR)                                       MPC 40669
    CK00G030  2000 04 11.03    0.0072    1.0000     53.65    327.21    133.75               9.0  4.0  C/2000 G3 (SOHO)                                         MPC 47727
    CK00H010  2000 01 26.6523  3.668962  0.999666   79.0491  356.8374  118.6675  20230225   9.5  4.0  C/2000 H1 (LINEAR)                                       MPC 72848
    CK00H020  2000 04 30.19    0.0055    1.0000     82.11      2.94    144.17               9.0  4.0  C/2000 H2 (SOHO)                                         MPC 40669
    CK00H030  2000 04 17.65    0.0050    1.0000     86.03      6.32    144.57               9.0  4.0  C/2000 H3 (SOHO)                                         MPC 42106
    CK00H040  2000 04 30.91    0.0049    1.0000     87.45      8.34    144.92               9.0  4.0  C/2000 H4 (SOHO)                                         MPC 42106
    CK00H050  2000 04 30.92    0.0050    1.0000     88.09      9.18    144.80               9.0  4.0  C/2000 H5 (SOHO)                                         MPC 42106
    CK00H060  2000 04 26.44    0.0064    1.0000     67.69    337.89    145.18               9.0  4.0  C/2000 H6 (SOHO)                                         MPC 45654
    CK00H070  2000 04 29.16    0.0079    1.0000     85.98      8.17    144.20               9.0  4.0  C/2000 H7 (SOHO)                                         MPC 45654
    CK00J010  2000 05  6.6549  2.570292  0.954034  147.5116   28.8263   98.5799  20230225  15.5  2.0  C/2000 J1 (Ferris)                                       MPC 40823
    CK00J020  2000 05  8.01    0.0335    1.0000    272.21     32.19    146.61               9.0  4.0  C/2000 J2 (SOHO)                                         MPC 40669
    CK00J030  2000 05 10.47    0.0057    1.0000     85.51     10.01    142.96               9.0  4.0  C/2000 J3 (SOHO)                                         MPC 40669
    CK00J040  2000 05 15.54    0.0065    1.0000     84.92      8.91    142.56               9.0  4.0  C/2000 J4 (SOHO)                                         MPC 40670
    CK00J050  2000 05 12.15    0.0081    1.0000     64.05    341.35    138.42               9.0  4.0  C/2000 J5 (SOHO)                                         MPC 40823
    CK00J060  2000 05 11.84    0.0064    1.0000     84.61     10.21    142.38               9.0  4.0  C/2000 J6 (SOHO)                                         MPC 42106
    CK00J070  2000 05  4.74    0.0055    1.0000     81.95      4.59    143.48               9.0  4.0  C/2000 J7 (SOHO)                                         MPC 42106
    CK00J080  2000 05  6.41    0.0367    1.0000     56.91     73.65     72.50               9.0  4.0  C/2000 J8 (SOHO)                                         MPC 45654
    CK00K010  1999 12 15.8705  6.327275  1.000774   15.9991  260.1923  116.7073  20230225   4.0  4.0  C/2000 K1 (LINEAR)                                       MPC 42547
    CK00K020  2000 10 19.2104  2.442777  0.994927  107.3699  194.6714   25.5137  20230225  11.0  4.0  C/2000 K2 (LINEAR)                                       MPC 72128
    CK00K030  2000 05 20.30    0.0051    1.0000     74.99    353.01    145.47               9.0  4.0  C/2000 K3 (SOHO)                                         MPC 40823
    CK00K040  2000 05 23.02    0.0055    1.0000     81.93      2.79    145.78               9.0  4.0  C/2000 K4 (SOHO)                                         MPC 40823
    CK00K050  2000 05 26.41    0.0055    1.0000     81.87      2.78    144.24               9.0  4.0  C/2000 K5 (SOHO)                                         MPC 40824
    CK00K060  2000 05 27.52    0.0051    1.0000     84.45      6.27    143.17               9.0  4.0  C/2000 K6 (SOHO)                                         MPC 40824
    CK00K070  2000 05 19.62    0.0062    1.0000     85.53      9.68    143.07               9.0  4.0  C/2000 K7 (SOHO)                                         MPC 42106
    CK00K080  2000 05 30.21    0.0053    1.0000     76.89    358.92    144.98               9.0  4.0  C/2000 K8 (SOHO)                                         MPC 42106
    CK00L010  2000 06  3.97    0.0053    1.0000     89.94     12.66    144.03               9.0  4.0  C/2000 L1 (SOHO)                                         MPC 40824
    CK00L020  2000 06 10.30    0.0056    1.0000     83.74      4.67    143.42               9.0  4.0  C/2000 L2 (SOHO)                                         MPC 40824
    CK00L030  2000 06 10.57    0.0054    1.0000     61.59    340.31    145.41               9.0  4.0  C/2000 L3 (SOHO)                                         MPC 40824
    CK00L040  2000 06 15.03    0.0061    1.0000     84.38      4.89    142.19               9.0  4.0  C/2000 L4 (SOHO)                                         MPC 40988
    CK00L050  2000 06 16.08    0.0075    1.0000     87.54      9.05    143.99               9.0  4.0  C/2000 L5 (SOHO)                                         MPC 40989
    CK00L060  2000 06 11.60    0.0074    1.0000     31.92    309.34    141.06               9.0  4.0  C/2000 L6 (SOHO)                                         MPC 42106
    CK00M010  2000 06 18.26    0.0055    1.0000     83.93      5.22    144.96               9.0  4.0  C/2000 M1 (SOHO)                                         MPC 40989
    CK00M020  2000 06 18.66    0.0052    1.0000     90.04     12.65    144.01               9.0  4.0  C/2000 M2 (SOHO)                                         MPC 40989
    CK00M030  2000 06 19.76    0.0051    1.0000     67.80    347.41    145.25               9.0  4.0  C/2000 M3 (SOHO)                                         MPC 40989
    CK00M040  2000 06 22.56    0.0055    1.0000     63.33    343.32    145.77               9.0  4.0  C/2000 M4 (SOHO)                                         MPC 40989
    CK00M050  2000 06 24.51    0.0067    1.0000     73.57    354.90    146.53               9.0  4.0  C/2000 M5 (SOHO)                                         MPC 40989
    CK00M060  2000 06 25.90    0.0050    1.0000     81.87      2.90    145.19               9.0  4.0  C/2000 M6 (SOHO)                                         MPC 40989
    CK00M070  2000 06 27.41    0.0055    1.0000     80.82      1.59    144.40               9.0  4.0  C/2000 M7 (SOHO)                                         MPC 40989
    CK00M080  2000 06 28.38    0.0050    1.0000     93.94     15.71    142.18               9.0  4.0  C/2000 M8 (SOHO)                                         MPC 40989
    CK00M090  2000 07  1.96    0.0054    1.0000     86.17      7.63    144.53               9.0  4.0  C/2000 M9 (SOHO)                                         MPC 40989
    CK00N010  2000 07  3.25    0.0049    1.0000     81.21      1.88    144.08               9.0  4.0  C/2000 N1 (SOHO)                                         MPC 40989
    CK00N020  2000 07  8.81    0.0067    1.0000     91.63     12.38    143.83               9.0  4.0  C/2000 N2 (SOHO)                                         MPC 40989
    CK00N030  2000 07  5.07    0.0050    1.0000     86.95      7.75    145.48               9.0  4.0  C/2000 N3 (SOHO)                                         MPC 42106
    CK00N040  2000 07  4.79    0.0351    1.0000     59.61     73.89     74.50               9.0  4.0  C/2000 N4 (SOHO)                                         MPC 45654
    CK00O010  2000 01 11.9653  5.936789  0.998733   55.2239   89.0248  148.1121  20230225   6.0  4.0  C/2000 O1 (Koehn)                                        MPC 48380
    PK00O030  2016 07  1.0607  0.053210  0.982517   57.6720   44.3339   13.0482  20160621   9.0  4.0  P/2000 O3 (SOHO)                                         unp
    CK00O08F  2001 08 14.7492  2.144165  1.005895  256.0956  117.3858  152.0918  20230225   9.5  4.0  C/2000 OF8 (Spacewatch)                                  MPC 43018
    CK00P010  2000 08  7.25    0.0049    1.0000     86.44      7.24    143.41               9.0  4.0  C/2000 P1 (SOHO)                                         MPC 41159
    CK00P020  2000 08 15.47    0.0050    1.0000     84.73      4.16    143.55               9.0  4.0  C/2000 P2 (SOHO)                                         MPC 41159
    CK00P040  2000 08  2.07    0.0065    1.0000     79.07      3.73    142.78               9.0  4.0  C/2000 P4 (SOHO)                                         MPC 72848
    CK00P050  2000 08  2.08    0.0079    1.0000     69.00    352.06    145.38               9.0  4.0  C/2000 P5 (SOHO)                                         MPC 72848
    CK00Q010  2000 08 29.43    0.0568    1.0000     83.66    256.11     87.14               9.0  4.0  C/2000 Q1 (SOHO)                                         MPC 41159
    PK00R020  2025 12  1.7239  1.625392  0.531301  176.5834  160.2987   11.6868  20230225  18.0  4.0  P/2000 R2 (LINEAR)                                       NK    744
    CK00S030  2040 06  3.4547  2.632961  0.774240  298.6885   40.6685   25.0991  20230225  12.0  4.0  C/2000 S3 (LONEOS)                                       MPC 41898
    CK00S050  2000 10 26.63    0.6018    1.0000    291.48    341.63     53.82               9.0  4.0  C/2000 S5                                                MPC 45654
    CK00S060  2000 09 29.13    0.0050    1.0000     81.81      2.93    144.59               9.0  4.0  C/2000 S6 (SOHO)                                         MPC 54364
    CK00S080  2000 09 23.08    0.0048    1.0000     77.66      3.05    144.36               9.0  4.0  C/2000 S8 (SOHO)                                         MPC 72848
    CK00S090  2000 09 30.41    0.0047    1.0000     90.38      9.77    143.69               9.0  4.0  C/2000 S9 (SOHO)                                         MPC 72848
    CK00S74V  2002 04 23.3119  3.544023  1.000218   76.0372   24.4578   75.7545  20230225   5.5  4.0  C/2000 SV74 (LINEAR)                                     MPC 52163
    CK00T010  2000 10 11.46    0.0051    1.0000     81.23      2.25    144.09               9.0  4.0  C/2000 T1 (SOHO)                                         MPC 41526
    CK00T030  2000 10 11.61    0.0051    1.0000     88.67      4.77    145.22               9.0  4.0  C/2000 T3 (SOHO)                                         MPC 41526
    CK00T040  2000 10 12.54    0.0051    1.0000     87.12      7.49    144.67               9.0  4.0  C/2000 T4 (SOHO)                                         MPC 41526
    CK00T050  2000 10  7.35    0.0056    1.0000     70.98    355.75    146.54               9.0  4.0  C/2000 T5 (SOHO)                                         MPC 45961
    CK00T060  2000 10 12.68    0.0049    1.0000     55.40    317.90    141.30               9.0  4.0  C/2000 T6 (SOHO)                                         MPC 45961
    CK00U010  2000 10 21.76    0.0051    1.0000     89.30     10.96    144.25               9.0  4.0  C/2000 U1 (SOHO)                                         MPC 41526
    CK00U020  2000 10 23.41    0.0075    1.0000     86.24      7.68    144.49               9.0  4.0  C/2000 U2 (SOHO)                                         MPC 41526
    CK00U030  2000 10 24.84    0.0074    1.0000     66.93    344.74    141.43               9.0  4.0  C/2000 U3 (SOHO)                                         MPC 41526
    CK00U040  2000 10 25.45    0.0050    1.0000     85.11    359.74    146.50               9.0  4.0  C/2000 U4 (SOHO)                                         MPC 41526
    CK00U050  2000 03 22.2030  3.415129  1.005767  298.4040   65.0669   93.3422  20230225   7.0  4.0  C/2000 U5 (LINEAR)                                       MPC 43758
    CK00V010  2000 11  5.11    0.0056    1.0000     81.71      2.59    144.08               9.0  4.0  C/2000 V1 (SOHO)                                         MPC 41717
    CK00V020  2000 11  5.96    0.0070    1.0000     69.95    347.37    140.24               9.0  4.0  C/2000 V2 (SOHO)                                         MPC 41717
    CK00V030  2000 11 11.63    0.0051    1.0000     82.91      3.77    144.00               9.0  4.0  C/2000 V3 (SOHO)                                         MPC 41717
    CK00V040  2000 11 11.45    0.0503    1.0000    180.01    324.91     54.97               9.0  4.0  C/2000 V4 (SOHO)                                         MPC 54164
    CK00W010  2000 12 26.5592  0.321180  1.000000   51.5091   10.7661  160.1654            10.5  4.0  C/2000 W1 (Utsunomiya-Jones)                             MPC 42106
    CK00W01M  2002 01 12.9891  0.577500  1.000143  277.1159  238.4744   72.8013  20230225   7.5  4.0  C/2000 WM1 (LINEAR)                                      MPC 46619
    CK00W020  2000 11 16.63    0.0051    1.0000     75.32    353.04    146.40               9.0  4.0  C/2000 W2 (SOHO)                                         MPC 41898
    CK00W030  2000 11 18.68    0.0076    1.0000     86.48      8.23    144.38               9.0  4.0  C/2000 W3 (SOHO)                                         MPC 41898
    CK00W040  2000 11 20.35    0.0053    1.0000     79.61    359.32    144.52               9.0  4.0  C/2000 W4 (SOHO)                                         MPC 41898
    CK00W050  2000 11 27.69    0.0049    1.0000     84.40      5.15    145.72               9.0  4.0  C/2000 W5 (SOHO)                                         MPC 42107
    CK00X010  2000 12  3.95    0.0050    1.0000     87.16      7.00    145.96               9.0  4.0  C/2000 X1 (SOHO)                                         MPC 42107
    CK00X020  2000 12  6.49    0.0055    1.0000     90.21     12.94    143.15               9.0  4.0  C/2000 X2 (SOHO)                                         MPC 42107
    CK00X030  2000 12  6.57    0.0056    1.0000     79.03    359.30    144.49               9.0  4.0  C/2000 X3 (SOHO)                                         MPC 42107
    CK00X040  2000 12  5.75    0.0059    1.0000     38.13    314.54    141.91               9.0  4.0  C/2000 X4 (SOHO)                                         MPC 42107
    CK00X050  2000 12  7.46    0.0055    1.0000     80.32      3.76    143.18               9.0  4.0  C/2000 X5 (SOHO)                                         MPC 42107
    CK00X060  2000 12  7.80    0.0077    1.0000     68.37    346.04    138.16               9.0  4.0  C/2000 X6 (SOHO)                                         MPC 42107
    CK00X070  2000 12 11.04    0.0059    1.0000     61.09    340.27    147.79               9.0  4.0  C/2000 X7 (SOHO)                                         MPC 42107
    CK00X080  2000 12 13.21    0.0054    1.0000     98.14     23.50    140.57               9.0  4.0  C/2000 X8 (SOHO)                                         MPC 42107
    CK00X090  2000 12  3.75    0.0386    1.0000     60.08     73.96     72.66               9.0  4.0  C/2000 X9 (SOHO)                                         MPC 45961
    CK00Y010  2001 01 23.8175  7.940552  0.999158  181.3959  239.3029  138.0595  20230225  11.0  2.0  C/2000 Y1 (Tubbiolo)                                     MPC 48380
    CK00Y020  2001 03 21.8189  2.768690  0.994343  326.8214  185.8486   12.0874  20010401  11.0  4.0  C/2000 Y2 (Skiff)                                        MPEC 2015-O21
    CK00Y040  2000 12 18.08    0.0051    1.0000     52.89    324.92    132.68               9.0  4.0  C/2000 Y4 (SOHO)                                         MPC 42107
    CK00Y050  2000 12 20.05    0.0070    1.0000     38.85    315.39    142.93               9.0  4.0  C/2000 Y5 (SOHO)                                         MPC 42107
    CK00Y060  2000 12 20.84    0.0252    1.0000     88.03    229.47     87.30               9.0  4.0  C/2000 Y6 (SOHO)                                         MPC 42108
    CK00Y070  2000 12 20.84    0.0245    1.0000     89.13    228.93     89.02               9.0  4.0  C/2000 Y7 (SOHO)                                         MPC 42108
    CK00Y080  2000 12 24.14    0.0060    1.0000     79.51      3.25    145.95               9.0  4.0  C/2000 Y8 (SOHO)                                         MPC 42108
    CK00Y090  2000 12 25.45    0.0051    1.0000     66.36    343.96    147.66               9.0  4.0  C/2000 Y9 (SOHO)                                         MPC 42108
    CK01A010  2000 09 16.0909  2.379419  0.988979  107.2780  340.2349   60.1465  20230225  10.5  4.0  C/2001 A1 (LINEAR)                                       MPC 42547
    CK01A02a  2001 05 19.7828  0.809322  0.999939  296.3880  294.3003   36.4854  20230225   9.0  4.0  C/2001 A2-A (LINEAR)                                     MPC 44030
    CK01A02b  2001 05 19.7788  0.809114  0.999352  296.3754  294.2993   36.4738  20230225   9.0  4.0  C/2001 A2-B (LINEAR)                                     MPC 44030
    CK01A030  2001 01  8.65    0.0069    1.0000     90.69     12.05    143.63               9.0  4.0  C/2001 A3 (SOHO)                                         MPC 42108
    CK01A040  2001 01 14.86    0.0054    1.0000     76.03    356.82    144.69               9.0  4.0  C/2001 A4 (SOHO)                                         MPC 42108
    CK01A050  2001 01  2.02    0.0055    1.0000    119.55     48.42    122.26               9.0  4.0  C/2001 A5 (SOHO)                                         MPC 72848
    CK01B010  2000 09 25.9581  2.876406  1.000268  284.3656   49.4545  103.9060  20230225   9.0  4.0  C/2001 B1 (LINEAR)                                       MPC 43758
    CK01B020  2000 09 11.7419  5.281271  0.999213  305.0899  145.3776  150.7133  20230225   4.0  4.0  C/2001 B2 (NEAT)                                         MPC 44182
    CK01B030  2001 01 25.36    0.0077    1.0000     85.46      7.10    144.54               9.0  4.0  C/2001 B3 (SOHO)                                         MPC 42108
    CK01C010  2002 03 28.2982  5.104598  0.999888  219.9370   33.7113   68.9518  20020327   6.0  4.0  C/2001 C1 (LINEAR)                                       MPEC 2015-N31
    CK01C020  2001 02  7.92    0.0053    1.0000     86.45      8.15    144.61               9.0  4.0  C/2001 C2 (SOHO)                                         MPC 42316
    CK01C030  2001 02  4.98    0.0051    1.0000     79.54      1.02    144.59               9.0  4.0  C/2001 C3 (SOHO)                                         MPC 42316
    CK01C040  2001 02  8.43    0.0051    1.0000     57.39    328.00    134.29               9.0  4.0  C/2001 C4 (SOHO)                                         MPC 42316
    CK01C050  2001 02 13.29    0.0256    1.0000     51.27    322.52    166.26               9.0  4.0  C/2001 C5 (SOHO)                                         MPC 42316
    CK01C060  2001 02 15.02    0.0058    1.0000     65.31    340.03    139.77               9.0  4.0  C/2001 C6 (SOHO)                                         MPC 42316
    CK01C070  2001 02 11.66    0.0350    1.0000     54.23     54.75     73.68               9.0  4.0  C/2001 C7 (SOHO)                                         MPC 46333
    CK01D020  2001 02 20.2508  0.004001  1.000000   87.4156    9.0956  143.6050             9.0  4.0  C/2001 D2 (SOHO)                                         MPC 84616
    CK01E010  2001 03 15.63    0.0357    1.0000     58.28     72.24     73.37               9.0  4.0  C/2001 E1 (SOHO)                                         MPC 44504
    CK01F020  2001 03 27.26    0.0049    1.0000     87.46      8.16    144.58               9.0  4.0  C/2001 F2 (SOHO)                                         MPC 42548
    CK01G010  2001 09 26.2993  8.278782  1.000958  343.3549  204.0913   45.3165  20230225   3.5  4.0  C/2001 G1 (LONEOS)                                       MPC 45334
    CK01G020  2001 04  9.00    0.0057    1.0000     85.97      8.27    144.59               9.0  4.0  C/2001 G2 (SOHO)                                         MPC 42665
    CK01G030  2001 04 11.13    0.0079    1.0000     77.17      3.55    144.23               9.0  4.0  C/2001 G3 (SOHO)                                         MPC 42665
    CK01H010  2001 04 20.74    0.0084    1.0000     63.84    341.72    139.17               9.0  4.0  C/2001 H1 (SOHO)                                         MPC 42665
    CK01H020  2001 04 20.83    0.0072    1.0000     41.08    332.13    146.28               9.0  4.0  C/2001 H2 (SOHO)                                         MPC 42665
    CK01H030  2001 04 20.89    0.0075    1.0000     84.37     11.76    143.53               9.0  4.0  C/2001 H3 (SOHO)                                         MPC 42665
    CK01H040  2001 04 20.98    0.0067    1.0000     80.65      6.90    143.28               9.0  4.0  C/2001 H4 (SOHO)                                         MPC 42665
    PK01H050  2015 10 12.3434  2.449203  0.598208  224.7543  328.6330    8.3678  20230225  12.0  4.0  P/2001 H5 (NEAT)                                         MPC 43019
    CK01H060  2001 04 27.40    0.0058    1.0000     87.40     10.47    143.93               9.0  4.0  C/2001 H6 (SOHO)                                         MPC 42666
    CK01H070  2001 04 30.59    0.0053    1.0000     83.87      5.98    143.43               9.0  4.0  C/2001 H7 (SOHO)                                         MPC 42666
    CK01H080  2001 04 18.15    0.0065    1.0000     72.54    345.62    145.73               9.0  4.0  C/2001 H8 (SOHO)                                         MPC 45962
    CK01H50T  2003 07  1.8954  2.766815  0.996161  323.4449   42.4885  163.2312  20230225   4.5  4.0  C/2001 HT50 (LINEAR-NEAT)                                MPC 52904
    CK01J020  2001 05  5.83    0.0074    1.0000     87.54     14.97    142.82               9.0  4.0  C/2001 J2 (SOHO)                                         MPC 42856
    CK01J030  2001 05  7.07    0.0084    1.0000     58.26    332.57    138.41               9.0  4.0  C/2001 J3 (SOHO)                                         MPC 42856
    CK01J040  2001 05 10.54    0.0052    1.0000     84.73      7.06    143.05               9.0  4.0  C/2001 J4 (SOHO)                                         MPC 42856
    CK01J050  2001 05 13.54    0.0053    1.0000     91.41     13.43    141.93               9.0  4.0  C/2001 J5 (SOHO)                                         MPC 46099
    CK01K020  2001 05 20.25    0.0051    1.0000     87.21     10.77    143.11               9.0  4.0  C/2001 K2 (SOHO)                                         MPC 42856
    CK01K030  2001 04 26.0749  3.091917  0.998783    3.6730  289.7522   52.1545  20230225   8.5  4.0  C/2001 K3 (Skiff)                                        MPC 94669
    CK01K040  2001 05 22.96    0.0071    1.0000     82.86      3.06    145.97               9.0  4.0  C/2001 K4 (SOHO)                                         MPC 42857
    CK01K050  2002 10  2.8455  5.213295  1.000771   47.2495  237.4216   72.2532  20250505   4.0  4.0  C/2001 K5 (LINEAR)                                       MPC186628
    CK01K060  2001 05 23.81    0.0062    1.0000     50.79    324.74    148.11               9.0  4.0  C/2001 K6 (SOHO)                                         MPC 43019
    CK01K070  2001 05 24.01    0.0075    1.0000     86.69      8.10    143.43               9.0  4.0  C/2001 K7 (SOHO)                                         MPC 43019
    CK01K080  2001 05 30.07    0.0077    1.0000     89.04     11.75    143.33               9.0  4.0  C/2001 K8 (SOHO)                                         MPC 43019
    CK01K090  2001 05 25.43    0.0054    1.0000     88.97     12.89    141.54               9.0  4.0  C/2001 K9 (SOHO)                                         MPC 43019
    CK01K100  2001 05 19.49    0.0051    1.0000     97.97     15.02    147.11               9.0  4.0  C/2001 K10 (SOHO)                                        MPC 46099
    CK01K110  2001 05 16.84    0.0339    1.0000     57.26     73.28     72.36               9.0  4.0  C/2001 K11 (SOHO)                                        MPC 46334
    CK01L010  2001 06  3.38    0.0057    1.0000     93.91     18.23    141.65               9.0  4.0  C/2001 L1 (SOHO)                                         MPC 43019
    CK01L020  2001 06  4.60    0.0052    1.0000     48.85    323.04    145.13               9.0  4.0  C/2001 L2 (SOHO)                                         MPC 43019
    CK01L030  2001 06  5.10    0.0050    1.0000     87.82     10.15    142.67               9.0  4.0  C/2001 L3 (SOHO)                                         MPC 43019
    CK01L040  2001 06  6.09    0.0053    1.0000     69.35    347.67    146.12               9.0  4.0  C/2001 L4 (SOHO)                                         MPC 43020
    CK01L050  2001 06  6.27    0.0051    1.0000     91.02     14.76    141.06               9.0  4.0  C/2001 L5 (SOHO)                                         MPC 43020
    CK01L060  2001 06  9.27    0.0049    1.0000     54.04    330.92    145.25               9.0  4.0  C/2001 L6 (SOHO)                                         MPC 43020
    CK01L070  2001 06  9.50    0.0049    1.0000     93.81     17.76    141.86               9.0  4.0  C/2001 L7 (SOHO)                                         MPC 43020
    CK01L080  2001 06 10.53    0.0059    1.0000     98.72     24.73    137.37               9.0  4.0  C/2001 L8 (SOHO)                                         MPC 43020
    CK01L090  2001 06 14.12    0.0076    1.0000    103.33     29.69    134.64               9.0  4.0  C/2001 L9 (SOHO)                                         MPC 43020
    CK01L100  2001 06  1.46    0.0355    1.0000     57.72     72.40     71.70               9.0  4.0  C/2001 L10 (SOHO)                                        MPC 46334
    CK01L110  2001 06  8.58    0.0050    1.0000     80.75      1.06    144.49               9.0  4.0  C/2001 L11 (SOHO)                                        MPC 46334
    CK01M020  2001 06 17.09    0.0059    1.0000     83.63      4.76    144.85               9.0  4.0  C/2001 M2 (SOHO)                                         MPC 43020
    CK01M030  2001 06 17.24    0.0050    1.0000     87.22      8.66    143.08               9.0  4.0  C/2001 M3 (SOHO)                                         MPC 43020
    CK01M040  2001 06 19.46    0.0051    1.0000     79.29    359.53    144.88               9.0  4.0  C/2001 M4 (SOHO)                                         MPC 43020
    CK01M050  2001 06 20.72    0.0052    1.0000     84.16      5.25    143.84               9.0  4.0  C/2001 M5 (SOHO)                                         MPC 43020
    CK01M060  2001 06 22.42    0.0058    1.0000     72.35    352.78    145.43               9.0  4.0  C/2001 M6 (SOHO)                                         MPC 43020
    CK01M070  2001 06 26.29    0.0072    1.0000     90.57     12.44    143.14               9.0  4.0  C/2001 M7 (SOHO)                                         MPC 43020
    CK01M080  2001 06 27.53    0.0046    1.0000     80.95      1.92    144.66               9.0  4.0  C/2001 M8 (SOHO)                                         MPC 43020
    CK01M090  2001 06 27.05    0.0051    1.0000     72.49    353.22    145.62               9.0  4.0  C/2001 M9 (SOHO)                                         MPC 43020
    CK01M100  2001 06 26.6139  5.329650  0.800967    5.6936  293.8390   28.1265  20230225   8.0  4.0  C/2001 M10 (NEAT)                                        MPC 46619
    CK01M110  2001 06 27.60    0.0061    1.0000     82.95      4.48    145.09               9.0  4.0  C/2001 M11 (SOHO)                                        MPC 43160
    CK01N010  2001 07  6.30    0.0052    1.0000    114.59    302.92     95.09               9.0  4.0  C/2001 N1 (SOHO)                                         MPC 43161
    CK01N020  2002 08 20.2101  2.702563  1.000279  152.4782   53.2887  138.4727  20230225   7.5  4.0  C/2001 N2 (LINEAR)                                       MPC 45654
    CK01O010  2001 07 16.94    0.0051    1.0000     79.04      0.10    144.49               9.0  4.0  C/2001 O1 (SOHO)                                         MPC 43161
    CK01O020  1999 10  6.1559  4.851291  0.998331  281.0720  328.3861   90.6578  20230225   6.0  4.0  C/2001 O2 (NEAT)                                         MPC 89725
    CK01O030  2001 07 25.94    0.0046    1.0000     93.05     13.36    143.27               9.0  4.0  C/2001 O3 (SOHO)                                         MPC 72849
    CK01OA8G  2002 03  5.5685  1.001829  0.924444  116.3975   11.1673   80.1570  20230225  11.0  4.0  C/2001 OG108 (LONEOS)                                    MPC 45654
    CK01P010  2001 08  5.52    0.0113    1.0000     72.08    140.14     29.90               9.0  4.0  C/2001 P1 (SOHO)                                         MPC 47292
    CK01P020  2001 08 15.79    0.0050    1.0000     79.84      1.34    144.76               9.0  4.0  C/2001 P2 (SOHO)                                         MPC 47292
    CK01Q010  2001 09 21.4614  5.876910  0.965881  175.6696  139.0898   67.0771  20230225   7.0  4.0  C/2001 Q1 (NEAT)                                         MPC 47727
    CK01Q030  2001 08 26.50    0.0373    1.0000    268.11    155.03    106.63              17.5  4.0  C/2001 Q3 (SOHO)                                         MPC 43333
    CK01Q040  2004 05 15.2209  0.965019  1.000774    1.3028  210.5729   98.8802  20230225   3.5  4.0  C/2001 Q4 (NEAT)                                         MPC 52163
    CK01Q070  2001 08 21.83    0.0420    1.0000     62.51     37.92     14.01               9.0  4.0  C/2001 Q7 (SOHO)                                         MPC 67412
    CK01Q080  2001 08 24.83    0.0440    1.0000     58.67     43.44     13.56               9.0  4.0  C/2001 Q8 (SOHO)                                         MPC 67412
    CK01Q090  2001 08 16.94    0.0071    1.0000     71.96    355.98    144.77               9.0  4.0  C/2001 Q9 (SOHO)                                         MPC 54558
    CK01R020  2001 09  4.86    0.0050    1.0000     88.32      9.73    144.42               9.0  4.0  C/2001 R2 (SOHO)                                         MPC 43604
    CK01R030  2001 09  5.78    0.0057    1.0000     91.07     12.11    144.19               9.0  4.0  C/2001 R3 (SOHO)                                         MPC 43604
    CK01R040  2001 09  8.80    0.0072    1.0000     56.31    337.75    138.72               9.0  4.0  C/2001 R4 (SOHO)                                         MPC 43604
    CK01R050  2001 09 11.37    0.0069    1.0000     87.24      8.92    144.67               9.0  4.0  C/2001 R5 (SOHO)                                         MPC 43604
    CK01R070  2001 09 12.80    0.0372    1.0000     57.36     85.28     73.77               9.0  4.0  C/2001 R7 (SOHO)                                         MPC 46334
    CK01R080  2001 09  6.67    0.0437    1.0000     59.63     42.19     13.58               9.0  4.0  C/2001 R8 (SOHO)                                         MPC 46334
    CK01R090  2001 09  7.32    0.0472    1.0000     53.31     48.90     12.47               9.0  4.0  C/2001 R9 (SOHO)                                         MPC 46334
    CK01R100  2001 09  3.08    0.0050    1.0000     96.12     14.50    143.07               9.0  4.0  C/2001 R10 (SOHO)                                        MPC 72849
    CK01R14X  2003 01  6.4346  2.057418  0.999234  120.8531   14.7482   30.6407  20230225   6.5  4.0  C/2001 RX14 (LINEAR)                                     MPC 46619
    CK01S010  2001 06  2.5502  3.750046  0.931869  285.1926  330.1124  139.1357             9.0  4.0  C/2001 S1 (Skiff)                                        MPC 44031
    CK01S020  2001 09 28.96    0.0053    1.0000     81.06      2.68    144.40               9.0  4.0  C/2001 S2 (SOHO)                                         MPC 43760
    CK01S030  2001 09 29.42    0.0050    1.0000     89.55      9.39    144.46               9.0  4.0  C/2001 S3 (SOHO)                                         MPC 54558
    CK01T010  2001 10  9.17    0.0364    1.0000     57.41     72.56     72.87               9.0  4.0  C/2001 T1 (SOHO)                                         MPC 44860
    CK01T020  2001 10 13.06    0.0070    1.0000     80.74      5.30    143.82               9.0  4.0  C/2001 T2 (SOHO)                                         MPC 43760
    CK01T050  2001 10 15.77    0.0476    1.0000    179.51    327.74     55.26               9.0  4.0  C/2001 T5 (SOHO)                                         MPC 44031
    CK01T060  2001 10 15.91    0.0057    1.0000     80.61    358.68    146.71               9.0  4.0  C/2001 T6 (SOHO)                                         MPC 44031
    CK01T070  2001 10  7.18    0.0050    1.0000     91.47      7.44    144.85               9.0  4.0  C/2001 T7 (SOHO)                                         MPC 44031
    CK01U010  2001 10 16.89    0.0055    1.0000     88.10      7.79    144.36               9.0  4.0  C/2001 U1 (SOHO)                                         MPC 44031
    CK01U020  2001 10 17.72    0.0065    1.0000     80.50      7.05    142.98               9.0  4.0  C/2001 U2 (SOHO)                                         MPC 44031
    CK01U030  2001 10 17.92    0.0050    1.0000     87.65      8.62    144.58               9.0  4.0  C/2001 U3 (SOHO)                                         MPC 44032
    CK01U040  2001 10 18.32    0.0048    1.0000     82.05      2.99    144.21               9.0  4.0  C/2001 U4 (SOHO)                                         MPC 44032
    CK01U050  2001 10 19.06    0.0052    1.0000     81.84      3.70    144.11               9.0  4.0  C/2001 U5 (SOHO)                                         MPC 44032
    CK01U060  2002 07 24.3566  4.443705  0.995098   85.8946  115.1912  107.1410  20230225   7.5  4.0  C/2001 U6 (LINEAR)                                       MPC 46620
    CK01U070  2001 10 19.93    0.0061    1.0000     77.76    357.28    143.87               9.0  4.0  C/2001 U7 (SOHO)                                         MPC 44032
    CK01U080  2001 10 18.99    0.0049    1.0000     93.27      8.56    143.94               9.0  4.0  C/2001 U8 (SOHO)                                         MPC 44032
    CK01U090  2001 10 23.90    0.0050    1.0000     86.65      9.19    144.50               9.0  4.0  C/2001 U9 (SOHO)                                         MPC 44032
    CK01U100  2001 10 31.39    0.0050    1.0000     85.20      4.08    145.23               9.0  4.0  C/2001 U10 (SOHO)                                        MPC 44032
    CK01V010  2001 11  1.74    0.0075    1.0000     60.98    337.44    143.76               9.0  4.0  C/2001 V1 (SOHO)                                         MPC 44032
    CK01V020  2001 11  4.52    0.0055    1.0000     88.93     11.81    145.40               9.0  4.0  C/2001 V2 (SOHO)                                         MPC 44032
    CK01V030  2001 11 11.66    0.0053    1.0000     73.25    349.53    146.86               9.0  4.0  C/2001 V3 (SOHO)                                         MPC 44183
    CK01V040  2001 11 13.09    0.0051    1.0000     85.68      4.71    144.84               9.0  4.0  C/2001 V4 (SOHO)                                         MPC 44183
    CK01V050  2001 11 14.45    0.0053    1.0000     77.37    358.22    145.60               9.0  4.0  C/2001 V5 (SOHO)                                         MPC 44183
    CK01V060  2001 11  2.48    0.0374    1.0000     54.87     73.64     69.76               9.0  4.0  C/2001 V6 (SOHO)                                         MPC 46334
    CK01W010  2001 12 24.8981  2.399475  1.000000    6.1613   91.9408  118.6530            13.0  4.0  C/2001 W1 (LINEAR)                                       MPC 44504
    CK01W020  2001 12 23.0725  1.078689  0.939402  142.1843  113.1598  116.0353  20230225  11.0  4.0  C/2001 W2 (BATTERS)                                      MPC 46762
    CK01W030  2001 11 22.72    0.0059    1.0000     88.11     13.58    141.95               9.0  4.0  C/2001 W3 (SOHO)                                         MPC 44184
    CK01W040  2001 11 26.89    0.0056    1.0000     92.69     18.18    140.34               9.0  4.0  C/2001 W4 (SOHO)                                         MPC 44184
    CK01W050  2001 11 22.87    0.0064    1.0000     28.78    300.29    136.21               9.0  4.0  C/2001 W5 (SOHO)                                         MPC 70810
    CK01X010  2002 01  1.5656  1.681665  0.997109  202.2085  336.0943  114.8629  20230225  11.0  4.0  C/2001 X1 (LINEAR)                                       MPC 45182
    CK01X040  2001 12  2.76    0.0049    1.0000     60.24    336.54    147.82               9.0  4.0  C/2001 X4 (SOHO)                                         MPC 44504
    CK01X050  2001 12  4.90    0.0059    1.0000     97.31     23.35    138.71               9.0  4.0  C/2001 X5 (SOHO)                                         MPC 44504
    CK01X060  2001 12  6.61    0.0052    1.0000     50.77    328.76    147.01               9.0  4.0  C/2001 X6 (SOHO)                                         MPC 44504
    CK01X070  2001 12  8.42    0.0076    1.0000     73.18    353.27    147.30               9.0  4.0  C/2001 X7 (SOHO)                                         MPC 44505
    CK01X080  2001 12 12.85    0.0371    1.0000     56.15     74.35     72.28               9.0  4.0  C/2001 X8 (SOHO)                                         MPC 44505
    CK01X090  2001 12 13.17    0.0076    1.0000     29.88    309.62    142.15               9.0  4.0  C/2001 X9 (SOHO)                                         MPC 44505
    CK01X100  2001 12 15.54    0.0360    1.0000     56.74     73.79     73.46               9.0  4.0  C/2001 X10 (SOHO)                                        MPC 46334
    CK01Y020  2001 12 16.87    0.0054    1.0000     84.14      5.16    143.80               9.0  4.0  C/2001 Y2 (SOHO)                                         MPC 44505
    CK01Y030  2001 12 16.86    0.0074    1.0000     85.06      6.49    145.34               9.0  4.0  C/2001 Y3 (SOHO)                                         MPC 44505
    CK01Y040  2001 12 18.62    0.0070    1.0000     42.87    324.05    144.61               9.0  4.0  C/2001 Y4 (SOHO)                                         MPC 44505
    CK01Y050  2001 12 22.97    0.0053    1.0000     87.04      8.83    144.61               9.0  4.0  C/2001 Y5 (SOHO)                                         MPC 44505
    CK02A010  2066 03 17.6577  4.683815  0.706565   18.9209   81.0142   14.0404  20660311  12.5  2.0  C/2002 A1 (LINEAR)                                       MPEC 2015-N31
    CK02A020  2001 11  9.6511  4.679476  0.705649   19.0723   81.0042   14.0099  20230225  11.0  2.0  C/2002 A2 (LINEAR)                                       MPC 89006
    CK02A030  2002 04 16.2476  5.108668  0.967798  328.9940  136.6329   48.5160  20230225   6.5  4.0  C/2002 A3 (LINEAR)                                       MPC 89006
    CK02A040  2002 01  1.34    0.0366    1.0000     61.50     75.45     72.13               9.0  4.0  C/2002 A4 (SOHO)                                         MPC 45334
    CK02B010  2033 04 19.8422  2.288865  0.768500   75.9700   58.2787   51.0244  20230225  11.5  4.0  C/2002 B1 (LINEAR)                                       MPC 45962
    CK02B020  2002 04  6.7711  3.842966  1.000000  257.0670   54.3227  152.8720             9.0  4.0  C/2002 B2 (LINEAR)                                       MPC 45334
    CK02B030  2002 01 14.4151  6.052462  1.000000  122.9251  289.3856   73.6796             7.0  4.0  C/2002 B3 (LINEAR)                                       MPC 45183
    CK02B040  2002 01 19.93    0.0056    1.0000     83.81      8.11    146.69               9.0  4.0  C/2002 B4 (SOHO)                                         MPC 70810
    CK02C020  2002 04 10.0126  3.208358  0.997818  159.4785  242.7266  104.9944  20230225   8.5  4.0  C/2002 C2 (LINEAR)                                       MPC 46620
    CK02C030  2002 02  6.03    0.0052    1.0000     79.37    355.39    141.83               9.0  4.0  C/2002 C3 (SOHO)                                         MPC 44861
    CK02C040  2002 02 11.66    0.0054    1.0000     78.76      0.34    144.46               9.0  4.0  C/2002 C4 (SOHO)                                         MPC 44862
    CK02C10E  2034 01  3.9168  2.057061  0.789365  126.2329  147.5569  145.3779  20251121  13.0  2.0  C/2002 CE10 (LINEAR)                                     MPC188408
    CK02D010  2002 02 22.86    0.0063    1.0000     81.67    358.77    143.09               9.0  4.0  C/2002 D1 (SOHO)                                         MPC 45183
    CK02E010  2002 03  3.09    0.0056    1.0000     83.70      9.11    145.49               9.0  4.0  C/2002 E1 (SOHO)                                         MPC 45183
    CK02E020  2002 02 24.4767  1.485248  1.000815    9.2058  244.6805   92.1768  20230225   7.5  4.0  C/2002 E2 (Snyder-Murakami)                              MPC 46099
    CK02E030  2002 03 16.43    0.0052    1.0000     87.60      8.96    144.69               9.0  4.0  C/2002 E3 (SOHO)                                         MPC 45183
    PK02E57J  2018 06 17.6318  2.630261  0.592818  167.2570  330.2792    4.9807  20230913  12.5  4.0  P/2002 EJ57 (LINEAR)                                     MPEC 2023-UR6
    CK02F010  2002 04 22.8984  0.438299  0.999541  125.9001  289.0294   80.8767             8.5  4.0  C/2002 F1 (Utsunomiya)                                   MPC 45655
    CK02F020  2002 03 21.18    0.0051    1.0000     84.28      4.73    144.03               9.0  4.0  C/2002 F2 (SOHO)                                         MPC 45183
    CK02F030  2002 03 25.50    0.0050    1.0000     90.92      6.72    146.11               9.0  4.0  C/2002 F3 (SOHO)                                         MPC 45335
    CK02G010  2002 04  2.83    0.0339    1.0000    262.32    106.02    133.92               9.0  4.0  C/2002 G1 (SOHO)                                         MPC 45335
    CK02G020  2002 04  4.90    0.0050    1.0000     83.09      3.48    144.84               9.0  4.0  C/2002 G2 (SOHO)                                         MPC 45335
    CK02G030  2002 04 16.69    0.0794    1.0000    355.93    158.87     46.89               9.0  4.0  C/2002 G3 (SOHO)                                         MPC 45335
    CK02G040  2002 04  4.80    0.0052    1.0000     89.24     14.29    143.90               9.0  4.0  C/2002 G4 (SOHO)                                         MPC 45335
    CK02G050  2002 04 13.23    0.0072    1.0000     77.39      5.63    144.26               9.0  4.0  C/2002 G5 (SOHO)                                         MPC 45335
    CK02H010  2002 04 18.35    0.0074    1.0000     71.16    349.27    142.51               9.0  4.0  C/2002 H1 (SOHO)                                         MPC 45335
    CK02H020  2002 03 29.4707  1.650190  0.994178   20.5274  269.0390  110.4127  20230225  10.5  4.0  C/2002 H2 (LINEAR)                                       MPC 46100
    CK02H030  2002 04 18.09    0.0053    1.0000     87.61      4.29    145.88               9.0  4.0  C/2002 H3 (SOHO)                                         MPC 45655
    CK02H040  2002 04 18.48    0.0052    1.0000     78.94    359.38    145.42               9.0  4.0  C/2002 H4 (SOHO)                                         MPC 45655
    CK02H050  2002 04 19.38    0.0054    1.0000     43.57    307.81    137.98               9.0  4.0  C/2002 H5 (SOHO)                                         MPC 45655
    CK02H060  2002 04 26.68    0.0073    1.0000     88.00     18.23    142.42               9.0  4.0  C/2002 H6 (SOHO)                                         MPC 45655
    CK02H070  2002 04 24.36    0.0058    1.0000     87.71      5.76    145.43               9.0  4.0  C/2002 H7 (SOHO)                                         MPC 46334
    CK02H080  2002 04 20.96    0.0336    1.0000     55.83     73.71     69.34               9.0  4.0  C/2002 H8 (SOHO)                                         MPC 46334
    CK02J010  2002 05  2.13    0.0051    1.0000     81.48      0.57    145.64               9.0  4.0  C/2002 J1 (SOHO)                                         MPC 45655
    CK02J020  2002 05  3.91    0.0052    1.0000     91.51     15.62    143.53               9.0  4.0  C/2002 J2 (SOHO)                                         MPC 45655
    CK02J030  2002 05 15.02    0.0074    1.0000     61.72    337.34    139.42               9.0  4.0  C/2002 J3 (SOHO)                                         MPC 45962
    CK02J040  2003 09 25.2242  3.678479  1.001530  231.0806   70.7655   46.2148  20250505   5.5  4.0  C/2002 J4 (NEAT)                                         MPC186628
    CK02J050  2003 09 26.2878  5.735742  1.001202   74.9728  314.1607  117.3608  20230225  11.0  2.0  C/2002 J5 (LINEAR)                                       MPC 51367
    CK02J060  2002 05 15.13    0.0050    1.0000     88.16     11.71    143.35               9.0  4.0  C/2002 J6 (SOHO)                                         MPC 45962
    CK02J070  2002 05 16.40    0.0055    1.0000     85.52      8.35    143.53               9.0  4.0  C/2002 J7 (SOHO)                                         MPC 45962
    CK02J080  2002 05 13.67    0.0078    1.0000     63.39    340.02    140.93               9.0  4.0  C/2002 J8 (SOHO)                                         MPC 45962
    CK02K010  2002 06 16.8348  3.276242  0.999795    4.7304  280.5389   89.7541  20230225  10.0  4.0  C/2002 K1 (NEAT)                                         MPEC 2015-N31
    CK02K020  2002 01  6.3768  5.291506  0.991718   26.8843  294.5241  130.9642  20230225  12.0  2.0  C/2002 K2 (LINEAR)                                       MPEC 2015-N31
    CK02K030  2002 05 19.11    0.0053    1.0000     90.41     13.19    142.51               9.0  4.0  C/2002 K3 (SOHO)                                         MPC 45963
    CK02K040  2075 01 16.9506  2.766781  0.841740   24.3830  308.0018   94.0588  20750123  10.5  4.0  C/2002 K4 (NEAT)                                         MPEC 2015-N31
    CK02K050  2002 05 24.06    0.0050    1.0000     92.69     15.52    143.68               9.0  4.0  C/2002 K5 (SOHO)                                         MPC 45963
    CK02K060  2002 05 25.17    0.0079    1.0000     65.22    341.98    139.90               9.0  4.0  C/2002 K6 (SOHO)                                         MPC 45963
    CK02K070  2002 05 25.90    0.0050    1.0000     89.88     12.54    144.52               9.0  4.0  C/2002 K7 (SOHO)                                         MPC 45963
    CK02K080  2002 05 26.07    0.0050    1.0000     91.17     15.75    141.85               9.0  4.0  C/2002 K8 (SOHO)                                         MPC 46335
    CK02K090  2002 05 26.44    0.0056    1.0000     91.51     15.08    143.26               9.0  4.0  C/2002 K9 (SOHO)                                         MPC 46335
    CK02K100  2002 05 31.44    0.0053    1.0000     92.21     17.22    141.09               9.0  4.0  C/2002 K10 (SOHO)                                        MPC 46335
    CK02K110  2002 05 27.08    0.0050    1.0000     86.59      9.39    143.35               9.0  4.0  C/2002 K11 (SOHO)                                        MPC 52513
    CK02L010  2002 06  6.03    0.0050    1.0000     93.80     17.21    143.44               9.0  4.0  C/2002 L1 (SOHO)                                         MPC 45963
    CK02L020  2002 06  6.64    0.0050    1.0000     67.74    345.87    147.52               9.0  4.0  C/2002 L2 (SOHO)                                         MPC 45963
    CK02L030  2002 06  7.62    0.0072    1.0000     90.70     12.96    143.32               9.0  4.0  C/2002 L3 (SOHO)                                         MPC 45963
    CK02L040  2002 06  7.71    0.0048    1.0000     91.07     13.56    144.37               9.0  4.0  C/2002 L4 (SOHO)                                         MPC 45963
    CK02L050  2002 06 11.82    0.0060    1.0000     51.00    329.14    145.52               9.0  4.0  C/2002 L5 (SOHO)                                         MPC 45963
    CK02L060  2002 06  8.70    0.0059    1.0000     80.51      0.46    143.30               9.0  4.0  C/2002 L6 (SOHO)                                         MPC 45963
    CK02L070  2002 06 14.16    0.0051    1.0000     67.22    346.92    145.89               9.0  4.0  C/2002 L7 (SOHO)                                         MPC 45963
    CK02L080  2002 06 15.75    0.0051    1.0000     71.19    350.37    146.04               9.0  4.0  C/2002 L8 (SOHO)                                         MPC 45964
    CK02L090  2004 04 14.5525  7.045566  1.001408  231.5287  110.4919   68.4638  20230225   8.5  2.0  C/2002 L9 (NEAT)                                         MPEC 2015-N31
    CK02M010  2002 06 21.13    0.0052    1.0000     85.64      7.31    144.96               9.0  4.0  C/2002 M1 (SOHO)                                         MPC 46100
    CK02M020  2002 06 18.64    0.0075    1.0000     62.81    339.00    139.55               9.0  4.0  C/2002 M2 (SOHO)                                         MPC 46100
    CK02M030  2002 06 24.15    0.0065    1.0000     63.47    344.39    146.35               9.0  4.0  C/2002 M3 (SOHO)                                         MPC 46100
    CK02M040  2002 06 27.43    0.0064    1.0000     53.69    335.55    145.41               9.0  4.0  C/2002 M4 (SOHO)                                         MPC 46100
    CK02M050  2002 06 28.43    0.0051    1.0000     84.90      7.18    145.65               9.0  4.0  C/2002 M5 (SOHO)                                         MPC 46100
    CK02M060  2002 06 29.24    0.0049    1.0000     93.28     15.24    142.86               9.0  4.0  C/2002 M6 (SOHO)                                         MPC 46101
    CK02M070  2002 06 29.25    0.0049    1.0000     92.13     14.18    143.30               9.0  4.0  C/2002 M7 (SOHO)                                         MPC 46101
    CK02M080  2002 06 16.83    0.0057    1.0000     89.69      8.17    134.08               9.0  4.0  C/2002 M8 (SOHO)                                         MPC 46335
    CK02N010  2002 07  9.01    0.0053    1.0000    100.02     19.83    136.62               9.0  4.0  C/2002 N1 (SOHO)                                         MPC 46335
    CK02N020  2002 07 11.91    0.0490    1.0000     54.78     52.93     13.80               9.0  4.0  C/2002 N2 (SOHO)                                         MPC 46620
    CK02O010  2002 07 17.82    0.0052    1.0000     80.05      0.95    144.77               9.0  4.0  C/2002 O1 (SOHO)                                         MPC 46335
    CK02O020  2002 07 17.94    0.0049    1.0000     89.46     11.84    144.72               9.0  4.0  C/2002 O2 (SOHO)                                         MPC 46335
    CK02O030  2002 07 17.59    0.0048    1.0000     82.01      3.81    144.38               9.0  4.0  C/2002 O3 (SOHO)                                         MPC 46335
    CK02O040  2002 10  2.9056  0.752294  1.000255  105.1453  321.9622   73.3381  20230225   9.5  4.0  C/2002 O4 (Hoenig)                                       MPEC 2021-W31
    CK02O060  2002 09  9.4491  0.494649  0.998608   78.7480  330.9520   58.6247            10.0  4.0  C/2002 O6 (SWAN)                                         MPC 46620
    CK02O070  2003 09 20.4760  0.895350  1.000317  251.8702   12.0034   97.9269  20230225   6.5  4.0  C/2002 O7 (LINEAR)                                       MPC 47292
    CK02P010  2001 11 25.2462  6.584347  0.986913  348.2277  310.4880   34.6317  20230225   6.0  4.0  C/2002 P1 (NEAT)                                         MPC 89007
    CK02P020  2002 08 11.40    0.0049    1.0000     85.75      6.38    143.87               9.0  4.0  C/2002 P2 (SOHO)                                         MPC 46336
    CK02P030  2002 08 12.66    0.0359    1.0000     56.57     75.81     73.84               9.0  4.0  C/2002 P3 (SOHO)                                         MPC 46336
    CK02Q020  2002 08 18.2561  1.306193  1.000000  125.7442  154.1483   96.8991            16.0  4.0  C/2002 Q2 (LINEAR)                                       MPC 46620
    CK02Q030  2002 08 19.0896  1.306216  1.000000  125.7615  154.1513   96.8953            18.0  4.0  C/2002 Q3 (LINEAR)                                       MPC 46621
    CK02Q050  2002 11 23.1695  1.257737  1.001444  134.2703   34.7789  149.1318  20230225   9.0  4.0  C/2002 Q5 (LINEAR)                                       MPC 47727
    CK02Q060  2002 08 23.66    0.0101    1.0000     85.02     54.76     87.27               9.0  4.0  C/2002 Q6 (SOHO)                                         MPC 67413
    CK02Q070  2002 08 25.03    0.0049    1.0000     89.26     11.70    144.80               9.0  4.0  C/2002 Q7 (SOHO)                                         MPC 46621
    CK02Q080  2002 08 25.92    0.0500    1.0000     50.98     53.12     13.29               9.0  4.0  C/2002 Q8 (SOHO)                                         MPC 67413
    CK02Q090  2002 08 19.40    0.0301    1.0000    203.30     21.81     21.95               9.0  4.0  C/2002 Q9 (SOHO)                                         MPC 67413
    CK02Q100  2002 08 27.50    0.0484    1.0000     51.02     50.99     13.54               9.0  4.0  C/2002 Q10 (SOHO)                                        MPC 46621
    CK02Q110  2002 08 30.17    0.0052    1.0000     79.71    359.80    145.38               9.0  4.0  C/2002 Q11 (SOHO)                                        MPC 46621
    CK02Q120  2002 08 19.14    0.0050    1.0000     82.08      3.57    144.02               9.0  4.0  C/2002 Q12 (SOHO)                                        MPC 46621
    CK02Q130  2002 08 27.72    0.0054    1.0000     80.71      2.15    144.31               9.0  4.0  C/2002 Q13 (SOHO)                                        MPC 46621
    CK02Q140  2002 08 30.17    0.0077    1.0000     80.63    359.96    145.34               9.0  4.0  C/2002 Q14 (SOHO)                                        MPC 46621
    CK02R010  2002 09  2.53    0.0492    1.0000     33.67     70.43     22.19               9.0  4.0  C/2002 R1 (SOHO)                                         MPC 46621
    CK02R030  2003 05 30.2184  3.918623  1.000109   45.2183   54.4035  161.2114  20230225   8.0  4.0  C/2002 R3 (LONEOS)                                       MPC 47292
    CK02R040  2002 09  3.30    0.0486    1.0000     22.15     79.85     28.72               9.0  4.0  C/2002 R4 (SOHO)                                         MPC 67413
    CK02R050  2002 09  5.78    0.0472    1.0000     45.38     13.40     14.06               9.0  4.0  C/2002 R5 (SOHO)                                         MPC 46763
    CK02R060  2002 09 14.07    0.0051    1.0000     77.38      5.94    144.64               9.0  4.0  C/2002 R6 (SOHO)                                         MPC 46763
    CK02R070  2002 09 14.32    0.0052    1.0000     88.52     12.27    144.72               9.0  4.0  C/2002 R7 (SOHO)                                         MPC 46763
    CK02R080  2002 09 15.74    0.0343    1.0000     63.49     59.71     75.95               9.0  4.0  C/2002 R8 (SOHO)                                         MPC 46763
    CK02S020  2002 09 19.11    0.0053    1.0000     81.07      3.76    144.31               9.0  4.0  C/2002 S2 (SOHO)                                         MPC 46763
    CK02S030  2002 09 18.17    0.0062    1.0000     83.66      8.25    145.05               9.0  4.0  C/2002 S3 (SOHO)                                         MPC 46763
    CK02S040  2002 09 18.21    0.0484    1.0000     50.98     50.81     13.51               9.0  4.0  C/2002 S4 (SOHO)                                         MPC 46763
    CK02S050  2002 09 19.32    0.0478    1.0000     52.23     49.82     13.77               9.0  4.0  C/2002 S5 (SOHO)                                         MPC 67413
    CK02S060  2002 09 21.09    0.0050    1.0000     87.71      7.28    146.22               9.0  4.0  C/2002 S6 (SOHO)                                         MPC 46763
    CK02S070  2025 11  6.8881  0.048135  0.985061   54.1525   48.1760   13.1570  20230225   9.0  4.0  C/2002 S7 (SOHO)                                         MPEC 2009-J14
    CK02S080  2002 09 22.03    0.0053    1.0000     79.66      3.36    144.46               9.0  4.0  C/2002 S8 (SOHO)                                         MPC 46763
    CK02S090  2002 09 24.26    0.0049    1.0000     83.50      5.64    144.27               9.0  4.0  C/2002 S9 (SOHO)                                         MPC 46763
    CK02S100  2002 09 26.63    0.0052    1.0000     81.57      4.59    144.17               9.0  4.0  C/2002 S10 (SOHO)                                        MPC 46764
    CK02S110  2002 09 30.33    0.0482    1.0000     51.84     50.70     13.68               9.0  4.0  C/2002 S11 (SOHO)                                        MPC 46764
    CK02T020  2002 10  4.34    0.0369    1.0000     57.79     70.73     70.94               9.0  4.0  C/2002 T2 (SOHO)                                         MPC 46764
    CK02T030  2002 10  9.39    0.0077    1.0000     82.88     11.38    144.21               9.0  4.0  C/2002 T3 (SOHO)                                         MPC 46764
    CK02T070  2004 04 26.0538  0.635493  1.000658  158.5464   95.5383  160.4801  20230225   4.0  4.0  C/2002 T7 (LINEAR)                                       MPC 52164
    CK02U010  2002 10 16.72    0.0059    1.0000     89.53      6.96    145.90               9.0  4.0  C/2002 U1 (SOHO)                                         MPC 46764
    CK02U020  2002 12 21.5424  1.220784  0.999069   95.6693   39.3891   59.4696  20230225  13.0  4.0  C/2002 U2 (LINEAR)                                       MPC 47727
    CK02U030  2002 10 17.71    0.0053    1.0000     84.44      7.95    143.12               9.0  4.0  C/2002 U3 (SOHO)                                         MPC 47050
    CK02U040  2002 10 23.24    0.0051    1.0000     87.34      9.72    144.67               9.0  4.0  C/2002 U4 (SOHO)                                         MPC 47292
    CK02U050  2002 10 28.54    0.0050    1.0000     88.17     11.48    144.31               9.0  4.0  C/2002 U5 (SOHO)                                         MPC 47293
    CK02U060  2002 10 28.26    0.0359    1.0000     56.77     74.62     73.06               9.0  4.0  C/2002 U6 (SOHO)                                         MPC 47293
    CK02U070  2002 10 31.17    0.0051    1.0000     80.55      2.71    145.16               9.0  4.0  C/2002 U7 (SOHO)                                         MPC 47293
    CK02U080  2002 10 31.69    0.0051    1.0000     83.36      4.42    143.97               9.0  4.0  C/2002 U8 (SOHO)                                         MPC 47293
    CK02U090  2002 10 31.79    0.0050    1.0000     86.26     10.22    144.17               9.0  4.0  C/2002 U9 (SOHO)                                         MPC 47293
    CK02V010  2003 02 20.6851  0.107616  0.999917  152.6304   64.8604   80.7141  20230225   8.0  4.0  C/2002 V1 (NEAT)                                         MPC 89007
    CK02V020  2003 05  4.0370  6.782955  0.996083  314.1410   19.9862  166.7534  20230225   6.0  4.0  C/2002 V2 (LINEAR)                                       MPC 82312
    CK02V030  2002 11  9.69    0.0051    1.0000     87.03      9.49    144.48               9.0  4.0  C/2002 V3 (SOHO)                                         MPC 47728
    CK02V040  2002 11  9.71    0.0357    1.0000     56.33     74.75     72.50               9.0  4.0  C/2002 V4 (SOHO)                                         MPC 47728
    CK02V050  2002 11 12.42    0.0506    1.0000     19.13     86.61     34.24               9.0  4.0  C/2002 V5 (SOHO)                                         MPC 47728
    CK02V060  2002 11 13.88    0.0077    1.0000     57.93    331.90    138.73               9.0  4.0  C/2002 V6 (SOHO)                                         MPC 48380
    CK02V070  2002 11 16.23    0.0052    1.0000     86.62      8.80    143.67               9.0  4.0  C/2002 V7 (SOHO)                                         MPC 48380
    CK02V94Q  2006 02  6.6485  6.796646  0.966907  100.0369   35.0166   70.5157  20060125   9.5  2.0  C/2002 VQ94 (LINEAR)                                     MPC 75007
    CK02W010  2002 11 16.94    0.0069    1.0000     48.93    320.24    138.86               9.0  4.0  C/2002 W1 (SOHO)                                         MPC 48380
    CK02W020  2002 11 18.23    0.0072    1.0000     88.69     11.08    144.15               9.0  4.0  C/2002 W2 (SOHO)                                         MPC 48380
    CK02W030  2002 11 19.11    0.0051    1.0000     88.62     12.58    142.31               9.0  4.0  C/2002 W3 (SOHO)                                         MPC 48380
    CK02W040  2002 11 19.92    0.0051    1.0000     88.32     12.68    144.06               9.0  4.0  C/2002 W4 (SOHO)                                         MPC 48380
    CK02W050  2002 11 20.96    0.0049    1.0000     85.91      8.42    143.67               9.0  4.0  C/2002 W5 (SOHO)                                         MPC 48380
    CK02W060  2002 11 20.72    0.0051    1.0000     89.07     13.31    141.93               9.0  4.0  C/2002 W6 (SOHO)                                         MPC 48380
    CK02W070  2002 11 22.29    0.0076    1.0000     53.52    327.04    139.69               9.0  4.0  C/2002 W7 (SOHO)                                         MPC 48381
    CK02W080  2002 11 23.12    0.0073    1.0000     63.01    339.16    139.37               9.0  4.0  C/2002 W8 (SOHO)                                         MPC 48381
    CK02W090  2002 11 23.69    0.0051    1.0000     84.98      6.73    144.03               9.0  4.0  C/2002 W9 (SOHO)                                         MPC 50460
    CK02W100  2002 11 24.80    0.0055    1.0000     92.75     18.30    141.11               9.0  4.0  C/2002 W10 (SOHO)                                        MPC 50460
    CK02W110  2002 11 25.47    0.0053    1.0000     90.40     13.74    143.17               9.0  4.0  C/2002 W11 (SOHO)                                        MPC 50460
    CK02W120  2002 11 28.99    0.0049    1.0000     83.42      4.32    144.49               9.0  4.0  C/2002 W12 (SOHO)                                        MPC 50460
    CK02W130  2002 11 28.33    0.0050    1.0000     87.37      9.07    143.49               9.0  4.0  C/2002 W13 (SOHO)                                        MPC 50460
    CK02W140  2002 11 29.09    0.0050    1.0000     87.12      9.30    143.16               9.0  4.0  C/2002 W14 (SOHO)                                        MPC 50460
    CK02W150  2002 11 29.53    0.0070    1.0000     88.01      9.26    145.16               9.0  4.0  C/2002 W15 (SOHO)                                        MPC 50460
    CK02W160  2002 11 29.57    0.0085    1.0000     73.78    357.85    136.41               9.0  4.0  C/2002 W16 (SOHO)                                        MPC 50460
    CK02W170  2002 11 29.72    0.0056    1.0000     99.11     26.89    138.52               9.0  4.0  C/2002 W17 (SOHO)                                        MPC 50460
    CK02X010  2003 07  4.4035  2.468317  0.996582  207.1744  281.9108  164.0754  20230225   8.0  4.0  C/2002 X1 (LINEAR)                                       MPC 50914
    CK02X030  2002 12  4.56    0.0052    1.0000     87.85     13.32    141.67               9.0  4.0  C/2002 X3 (SOHO)                                         MPC 47293
    CK02X040  2002 12  4.67    0.0052    1.0000     91.88     17.23    141.31               9.0  4.0  C/2002 X4 (SOHO)                                         MPC 47293
    CK02X050  2003 02  5.5888  0.198055  1.000106  187.7736  119.1089   95.0789  20230225   8.5  4.0  C/2002 X5 (Kudo-Fujikawa)                                MPC 48097
    CK02X060  2002 12  2.43    0.0346    1.0000     57.43     74.75     72.55               9.0  4.0  C/2002 X6 (SOHO)                                         MPC 47728
    CK02X070  2002 12  1.71    0.0052    1.0000     97.20     24.10    137.42               9.0  4.0  C/2002 X7 (SOHO)                                         MPC 50914
    CK02X080  2002 12  5.58    0.0049    1.0000     39.67    314.04    142.08               9.0  4.0  C/2002 X8 (SOHO)                                         MPC 50914
    CK02X090  2002 12  5.62    0.0082    1.0000     54.29    331.62    139.82               9.0  4.0  C/2002 X9 (SOHO)                                         MPC 50914
    CK02X100  2002 12  5.93    0.0050    1.0000     84.26      7.94    143.16               9.0  4.0  C/2002 X10 (SOHO)                                        MPC 50914
    CK02X110  2002 12  9.38    0.0050    1.0000     91.10     13.86    143.40               9.0  4.0  C/2002 X11 (SOHO)                                        MPC 50915
    CK02X120  2002 12 10.00    0.0051    1.0000     99.76     25.65    139.96               9.0  4.0  C/2002 X12 (SOHO)                                        MPC 50915
    CK02X130  2002 12  3.54    0.0050    1.0000     34.61    305.70    137.25               9.0  4.0  C/2002 X13 (SOHO)                                        MPC 50915
    CK02X140  2002 12 12.30    0.0042    1.0000     83.49      4.59    144.59               9.0  4.0  C/2002 X14 (SOHO)                                        MPC 50915
    CK02X150  2002 12 14.10    0.0048    1.0000    104.95     33.03    133.28               9.0  4.0  C/2002 X15 (SOHO)                                        MPC 50915
    CK02X160  2002 12 11.01    0.0051    1.0000     77.80      0.57    145.02               9.0  4.0  C/2002 X16 (SOHO)                                        MPC 50915
    CK02Y010  2003 04 10.1633  0.724954  0.996788  128.7394  165.2423  103.9680  20230225   6.5  4.0  C/2002 Y1 (Juels-Holvorcem)                              MPC 48381
    CK02Y020  2002 12 19.78    0.0400    1.0000     57.48     74.51     73.52               9.0  4.0  C/2002 Y2 (SOHO)                                         MPC 47728
    CK02Y030  2002 12 18.94    0.0049    1.0000     74.99    356.64    146.92               9.0  4.0  C/2002 Y3 (SOHO)                                         MPC 50915
    CK02Y040  2002 12 26.50    0.0055    1.0000     71.96    353.20    147.76               9.0  4.0  C/2002 Y4 (SOHO)                                         MPC 50915
    CK03A020  2003 11  4.5033 11.358636  0.997835  346.4480  154.5128    8.0701  20250505   3.5  4.0  C/2003 A2 (Gleason)                                      MPC186628
    CK03A030  2003 01  7.27    0.0055    1.0000     76.40    350.46    140.05               9.0  4.0  C/2003 A3 (SOHO)                                         MPC 50915
    CK03A040  2003 01 16.45    0.0071    1.0000     87.65      9.57    144.57               9.0  4.0  C/2003 A4 (SOHO)                                         MPC 50915
    CK03A050  2003 01 16.05    0.0048    1.0000     89.76     12.29    144.84               9.0  4.0  C/2003 A5 (SOHO)                                         MPC 50915
    CK03B010  2003 01 17.08    0.0355    1.0000     56.25     74.15     73.36               9.0  4.0  C/2003 B1 (SOHO)                                         MPC 47729
    CK03B020  2003 01 19.37    0.0049    1.0000     86.68      7.39    144.97               9.0  4.0  C/2003 B2 (SOHO)                                         MPC 50915
    CK03B030  2003 01 23.29    0.0051    1.0000     80.30      3.77    144.73               9.0  4.0  C/2003 B3 (SOHO)                                         MPC 58538
    CK03C010  2003 02  4.48    0.0049    1.0000     74.03    347.03    140.05               9.0  4.0  C/2003 C1 (SOHO)                                         MPC 50915
    CK03C020  2003 02  9.93    0.0047    1.0000     89.57     11.52    144.47               9.0  4.0  C/2003 C2 (SOHO)                                         MPC 50915
    CK03C030  2003 02 11.20    0.0050    1.0000     88.56      8.91    142.05               9.0  4.0  C/2003 C3 (SOHO)                                         MPC 50916
    CK03C040  2003 02 14.57    0.0051    1.0000     86.95      8.77    145.05               9.0  4.0  C/2003 C4 (SOHO)                                         MPC 50916
    CK03C050  2003 02 17.04    0.0049    1.0000     80.73      1.84    144.42               9.0  4.0  C/2003 C5 (SOHO)                                         MPC 50916
    CK03C060  2003 02  8.75    0.0051    1.0000     69.69    351.72    146.81               9.0  4.0  C/2003 C6 (SOHO)                                         MPC 58779
    CK03D010  2003 03  1.10    0.0052    1.0000     87.09      9.68    144.70               9.0  4.0  C/2003 D1 (SOHO)                                         MPC 50916
    CK03E010  2004 02  3.9411  3.282422  0.761885  104.2989  136.7999   33.4902  20230225  12.5  2.0  C/2003 E1 (NEAT)                                         MPC 51182
    CK03E020  2003 03  4.78    0.0049    1.0000     83.69      2.57    144.06               9.0  4.0  C/2003 E2 (SOHO)                                         MPC 51182
    CK03E030  2003 03 12.07    0.0051    1.0000     85.61      7.97    145.29               9.0  4.0  C/2003 E3 (SOHO)                                         MPC 51182
    CK03E040  2003 03 16.14    0.0050    1.0000     87.98      9.37    144.66               9.0  4.0  C/2003 E4 (SOHO)                                         MPC 51182
    CK03F010  2003 06 12.0723  4.064253  0.802773  121.4634   87.5199   70.2298  20230225   7.0  4.0  C/2003 F1 (LINEAR)                                       MPC 49276
    PK03F020  2019 11 11.9700  2.981938  0.541287  192.2267  359.0162   11.6147  20230225  16.5  2.0  P/2003 F2 (NEAT)                                         MPC 50354
    CK03F030  2003 03 21.29    0.0049    1.0000     88.18      9.82    144.59               9.0  4.0  C/2003 F3 (SOHO)                                         MPC 51182
    CK03F040  2003 03 25.95    0.0051    1.0000     84.78      8.50    145.06               9.0  4.0  C/2003 F4 (SOHO)                                         MPC 51182
    CK03F050  2003 03 30.80    0.0049    1.0000     88.12     10.01    144.55               9.0  4.0  C/2003 F5 (SOHO)                                         MPC 51182
    CK03G010  2003 02  3.6521  4.916295  1.001257   11.4213  246.0920   66.8558  20030210   5.0  4.0  C/2003 G1 (LINEAR)                                       MPEC 2015-O21
    CK03G020  2003 04 29.8898  1.553788  1.000000  190.6530   24.5677   96.2024            16.0  4.0  C/2003 G2 (LINEAR)                                       MPC 48921
    CK03G030  2003 04  5.30    0.0168    1.0000    174.63     87.61    169.70               9.0  4.0  C/2003 G3 (SOHO)                                         MPC 48381
    CK03G040  2003 04  2.77    0.0050    1.0000     82.80      1.78    147.49               9.0  4.0  C/2003 G4 (SOHO)                                         MPC 51182
    CK03G050  2003 04  6.84    0.0051    1.0000     83.04      4.20    144.12               9.0  4.0  C/2003 G5 (SOHO)                                         MPC 58538
    CK03H010  2004 02 26.6416  2.208833  0.999191  196.0824   19.1396  138.2959  20230225   6.5  4.0  C/2003 H1 (LINEAR)                                       MPC 51182
    CK03H020  2003 05 12.6677  2.222284  0.942334  155.4356   79.9380   74.1441  20230225  13.0  4.0  C/2003 H2 (LINEAR)                                       MPC 49277
    CK03H030  2003 04 24.1067  2.943432  1.001289    6.7932  269.4575   42.7760  20230225   9.5  4.0  C/2003 H3 (NEAT)                                         MPC 52905
    CK03H050  2003 04 27.47    0.0351    1.0000     56.64     75.17     71.35               9.0  4.0  C/2003 H5 (SOHO)                                         MPC 49277
    CK03H060  2003 04 30.55    0.0264    1.0000     80.67    243.47     27.05               9.0  4.0  C/2003 H6 (SOHO)                                         MPC 49277
    CK03H070  2003 04 30.57    0.0266    1.0000     82.57    242.66     27.90               9.0  4.0  C/2003 H7 (SOHO)                                         MPC 49277
    CK03H080  2003 04 23.38    0.0050    1.0000     86.27      8.63    144.12               9.0  4.0  C/2003 H8 (SOHO)                                         MPC 51182
    CK03H090  2003 04 25.03    0.0048    1.0000     84.60      8.35    143.76               9.0  4.0  C/2003 H9 (SOHO)                                         MPC 51182
    CK03H100  2003 04 29.36    0.0050    1.0000     83.06      5.90    143.83               9.0  4.0  C/2003 H10 (SOHO)                                        MPC 51182
    CK03H110  2003 04 29.80    0.0051    1.0000     43.23    306.78    137.20               9.0  4.0  C/2003 H11 (SOHO)                                        MPC 51182
    CK03H120  2003 05  1.28    0.0051    1.0000     85.33      5.25    144.35               9.0  4.0  C/2003 H12 (SOHO)                                        MPC 51183
    CK03J010  2003 10 11.4254  5.175389  0.991509  196.2690  122.0031   98.4080  20230225   7.0  4.0  C/2003 J1 (NEAT)                                         MPEC 2015-N31
    CK03J020  2003 05  1.61    0.0051    1.0000     84.94      7.47    143.39               9.0  4.0  C/2003 J2 (SOHO)                                         MPC 51183
    CK03J030  2003 05  6.16    0.0050    1.0000     84.58      8.48    142.82               9.0  4.0  C/2003 J3 (SOHO)                                         MPC 51183
    CK03J040  2003 05  6.33    0.0050    1.0000     89.29     12.80    144.58               9.0  4.0  C/2003 J4 (SOHO)                                         MPC 51183
    CK03J050  2003 05  8.72    0.0051    1.0000     89.21     11.87    143.94               9.0  4.0  C/2003 J5 (SOHO)                                         MPC 51183
    CK03J060  2003 05 10.21    0.0055    1.0000     90.64     16.55    143.08               9.0  4.0  C/2003 J6 (SOHO)                                         MPC 51183
    CK03J070  2003 05 15.55    0.0074    1.0000     70.61    349.09    141.86               9.0  4.0  C/2003 J7 (SOHO)                                         MPC 51183
    CK03J080  2003 05 16.61    0.0050    1.0000     82.44      3.18    144.29               9.0  4.0  C/2003 J8 (SOHO)                                         MPC 51367
    CK03J090  2003 05 16.13    0.0050    1.0000     90.62     14.40    144.18               9.0  4.0  C/2003 J9 (SOHO)                                         MPC 51367
    CK03K010  2002 12 21.5846  2.089543  0.955078  314.6471  250.0709  129.8747            12.5  4.0  C/2003 K1 (Spacewatch)                                   MPC 49277
    CK03K030  2003 06  1.252   0.13918   1.00000   108.456    79.076    39.529              9.0  4.0  C/2003 K3 (SOHO)                                         MPC 48922
    CK03K040  2004 10 14.7910  1.003170  1.000290  198.2714   18.7062  133.6319  20230225   3.5  4.0  C/2003 K4 (LINEAR)                                       MPC 52315
    CK03K050  2003 05 21.34    0.0348    1.0000     55.74     74.11     72.50               9.0  4.0  C/2003 K5 (SOHO)                                         MPC 49278
    CK03K060  2003 05 30.11    0.0372    1.0000     56.44     73.67     71.87               9.0  4.0  C/2003 K6 (SOHO)                                         MPC 49278
    CK03K070  2003 05 24.81    0.0051    1.0000     89.70     12.35    144.15               9.0  4.0  C/2003 K7 (SOHO)                                         MPC 52164
    CK03K080  2003 05 22.90    0.0076    1.0000     95.31     28.75    135.87               9.0  4.0  C/2003 K8 (SOHO)                                         MPC 51367
    CK03K090  2003 05 24.87    0.0041    1.0000     81.52      1.39    144.48               9.0  4.0  C/2003 K9 (SOHO)                                         MPC 52164
    CK03K100  2003 05 27.19    0.0050    1.0000     82.94      3.91    144.20               9.0  4.0  C/2003 K10 (SOHO)                                        MPC 51367
    CK03K110  2003 05 27.64    0.0050    1.0000     92.22     17.80    141.58               9.0  4.0  C/2003 K11 (SOHO)                                        MPC 51367
    CK03K120  2003 05 29.59    0.0091    1.0000     81.85      4.80    136.80               9.0  4.0  C/2003 K12 (SOHO)                                        MPC 51367
    CK03K130  2003 05 24.38    0.0057    1.0000     72.92    348.81    148.89               9.0  4.0  C/2003 K13 (SOHO)                                        MPC 51819
    PK03L010  2038 04 24.7283  5.167667  0.236426    0.9141  223.8941    9.2622  20380407   9.5  4.0  P/2003 L1 (Scotti)                                       unp
    CK03L020  2004 01 26.6607  2.812154  0.980880  119.3701  273.5140   82.0031  20230225  10.0  4.0  C/2003 L2 (LINEAR)                                       MPC 51183
    CK03L030  2003 06  2.96    0.0050    1.0000     94.51     18.74    142.65               9.0  4.0  C/2003 L3 (SOHO)                                         MPC 51367
    CK03L040  2003 06  6.30    0.0050    1.0000     95.86     20.72    141.93               9.0  4.0  C/2003 L4 (SOHO)                                         MPC 51368
    CK03L050  2003 06 10.60    0.0050    1.0000     82.97      3.81    144.23               9.0  4.0  C/2003 L5 (SOHO)                                         MPC 51368
    CK03L060  2003 06 10.29    0.0050    1.0000    103.35     32.28    135.18               9.0  4.0  C/2003 L6 (SOHO)                                         MPC 51368
    CK03L070  2003 06 14.53    0.0057    1.0000    107.86     37.11    133.71               9.0  4.0  C/2003 L7 (SOHO)                                         MPC 51368
    CK03L080  2003 06 16.08    0.0043    1.0000     91.79     14.55    141.60               9.0  4.0  C/2003 L8 (SOHO)                                         MPC 51819
    CK03M010  2003 06 16.62    0.0044    1.0000     79.70      0.22    144.57               9.0  4.0  C/2003 M1 (SOHO)                                         MPC 51819
    CK03M020  2003 06 18.90    0.0043    1.0000     86.95      8.57    143.54               9.0  4.0  C/2003 M2 (SOHO)                                         MPC 51819
    CK03M030  2003 06 18.39    0.0044    1.0000     96.21     20.06    141.43               9.0  4.0  C/2003 M3 (SOHO)                                         MPC 51819
    CK03M040  2003 06 18.94    0.0068    1.0000     89.00     10.56    141.94               9.0  4.0  C/2003 M4 (SOHO)                                         MPC 51819
    CK03M050  2003 06 19.96    0.0070    1.0000     64.34    340.42    139.29               9.0  4.0  C/2003 M5 (SOHO)                                         MPC 51819
    CK03M060  2003 06 20.16    0.0066    1.0000     91.42     13.06    143.20               9.0  4.0  C/2003 M6 (SOHO)                                         MPC 51819
    CK03M070  2003 06 20.89    0.0050    1.0000     65.47    344.94    145.25               9.0  4.0  C/2003 M7 (SOHO)                                         MPC 51819
    CK03M080  2003 06 22.70    0.0054    1.0000     64.96    345.29    147.58               9.0  4.0  C/2003 M8 (SOHO)                                         MPC 51820
    CK03M090  2003 06 23.51    0.0053    1.0000     76.12    358.61    146.97               9.0  4.0  C/2003 M9 (SOHO)                                         MPC 51820
    CK03M100  2003 06 23.60    0.0058    1.0000     61.51    341.76    148.86               9.0  4.0  C/2003 M10 (SOHO)                                        MPC 51820
    CK03M110  2003 06 23.77    0.0052    1.0000     60.98    341.37    145.69               9.0  4.0  C/2003 M11 (SOHO)                                        MPC 51820
    CK03M120  2003 06 23.87    0.0048    1.0000     87.16      8.42    143.12               9.0  4.0  C/2003 M12 (SOHO)                                        MPC 51820
    CK03N010  2003 07  6.12    0.0049    1.0000     85.86      7.21    144.79               9.0  4.0  C/2003 N1 (SOHO)                                         MPC 51820
    CK03N020  2003 07 13.63    0.0048    1.0000     86.25      8.40    146.13               9.0  4.0  C/2003 N2 (SOHO)                                         MPC 51820
    CK03O010  2004 03 18.9745  6.881035  1.000039   81.9042  347.7301  118.2201  20230225   6.0  4.0  C/2003 O1 (LINEAR)                                       MPC 52164
    CK03O040  2003 07 19.20    0.0053    1.0000     58.31    330.26    134.30               9.0  4.0  C/2003 O4 (SOHO)                                         MPC 51820
    CK03O050  2003 07 21.61    0.0067    1.0000     64.35    339.90    139.42               9.0  4.0  C/2003 O5 (SOHO)                                         MPC 51820
    CK03O060  2003 07 25.18    0.0050    1.0000     87.25      9.49    144.55               9.0  4.0  C/2003 O6 (SOHO)                                         MPC 51820
    CK03O070  2003 07 26.47    0.0051    1.0000     75.97    358.30    144.99               9.0  4.0  C/2003 O7 (SOHO)                                         MPC 51820
    CK03O080  2003 07 30.69    0.0052    1.0000     73.97    356.06    145.34               9.0  4.0  C/2003 O8 (SOHO)                                         MPC 51820
    CK03P010  2003 08  3.57    0.0054    1.0000     73.86    355.98    145.12               9.0  4.0  C/2003 P1 (SOHO)                                         MPC 51820
    CK03P020  2003 08  4.35    0.0053    1.0000     90.58     13.52    139.66               9.0  4.0  C/2003 P2 (SOHO)                                         MPC 51820
    CK03P030  2003 08  6.41    0.0050    1.0000     87.34      8.87    144.43               9.0  4.0  C/2003 P3 (SOHO)                                         MPC 52164
    CK03Q010  2003 08 20.99    0.0499    1.0000     37.64     85.11     26.31               9.0  4.0  C/2003 Q1 (SOHO)                                         MPC 64766
    CK03Q020  2003 08 25.09    0.0049    1.0000     87.31      9.12    144.57               9.0  4.0  C/2003 Q2 (SOHO)                                         MPC 52164
    CK03Q030  2003 08 24.79    0.0053    1.0000     85.40      7.95    144.84               9.0  4.0  C/2003 Q3 (SOHO)                                         MPC 52164
    CK03Q040  2003 08 25.77    0.0051    1.0000     86.73      9.27    144.43               9.0  4.0  C/2003 Q4 (SOHO)                                         MPC 52164
    CK03Q050  2003 08 27.75    0.0050    1.0000     86.64      8.63    144.70               9.0  4.0  C/2003 Q5 (SOHO)                                         MPC 52164
    CK03Q060  2003 08 26.50    0.0494    1.0000     25.14     83.65     25.33               9.0  4.0  C/2003 Q6 (SOHO)                                         MPC 64766
    CK03Q070  2003 08 30.39    0.0060    1.0000     90.40     11.23    144.06               9.0  4.0  C/2003 Q7 (SOHO)                                         MPC 52164
    CK03Q080  2003 08 30.04    0.0050    1.0000     86.07      8.04    144.94               9.0  4.0  C/2003 Q8 (SOHO)                                         MPC 52164
    CK03Q090  2003 08 31.56    0.0051    1.0000     81.97      3.13    144.26               9.0  4.0  C/2003 Q9 (SOHO)                                         MPC 52165
    CK03Q100  2003 08 25.66    0.0054    1.0000     91.77     11.64    144.48               9.0  4.0  C/2003 Q10 (SOHO)                                        MPC 52165
    CK03R010  2003 06 16.1982  2.109599  0.891468  302.2265  356.2786  149.1947  20230225  15.0  2.0  C/2003 R1 (LINEAR)                                       MPC 50355
    CK03R020  2003 09  5.92    0.0050    1.0000     91.87     18.95    141.91               9.0  4.0  C/2003 R2 (SOHO)                                         MPC 52165
    CK03R030  2003 09  9.61    0.0050    1.0000     86.26      8.79    144.75               9.0  4.0  C/2003 R3 (SOHO)                                         MPC 52165
    CK03R040  2003 09  6.96    0.0316    1.0000    105.04    173.06     92.36               9.0  4.0  C/2003 R4 (SOHO)                                         MPC 52165
    PK03R050  2015 09  4.0350  0.053619  0.978694   48.9597  359.6594   12.5624  20150915   9.0  4.0  P/2003 R5 (SOHO)                                         unp
    CK03S030  2003 04  2.1686  8.086986  0.999266  154.0549  226.1906  151.4879  20230225   5.5  4.0  C/2003 S3 (LINEAR)                                       MPC 50355
    CK03S04a  2004 06  4.4168  3.822803  0.902226  154.4112  224.2981   40.6584  20230225   9.0  4.0  C/2003 S4-A (LINEAR)                                     MPC 52905
    CK03S04b  2004 06  4.4236  3.822734  0.902237  154.4128  224.2987   40.6582  20230225   9.0  4.0  C/2003 S4-B (LINEAR)                                     MPC 52905
    CK03S050  2003 09 19.20    0.0050    1.0000     85.44      9.13    144.77               9.0  4.0  C/2003 S5 (SOHO)                                         MPC 52165
    CK03S060  2003 09 19.12    0.0066    1.0000     87.22     19.09    141.01               9.0  4.0  C/2003 S6 (SOHO)                                         MPC 52165
    CK03S070  2003 09 22.01    0.0049    1.0000     75.98      2.99    145.00               9.0  4.0  C/2003 S7 (SOHO)                                         MPC 52165
    CK03S080  2003 09 26.63    0.0052    1.0000     78.39      1.90    144.28               9.0  4.0  C/2003 S8 (SOHO)                                         MPC 52165
    CK03S090  2003 09 25.34    0.0154    1.0000    180.22     59.32     28.79               9.0  4.0  C/2003 S9 (SOHO)                                         MPC 52165
    CK03T020  2003 11 14.8421  1.754689  0.998755  151.8623  238.1676   87.6985  20230225  11.5  4.0  C/2003 T2 (LINEAR)                                       MPC 50460
    CK03T030  2004 05  4.3622  1.456699  0.999055   43.3038  347.3200   51.0367  20230225   5.0  4.0  C/2003 T3 (Tabur)                                        MPC 52315
    CK03T040  2005 04  7.2048  0.865397  1.000706  181.8205   94.0045   86.6855  20230225   6.0  4.0  C/2003 T4 (LINEAR)                                       MPC 53949
    CK03T050  2003 10  9.94    0.0051    1.0000     86.79      9.05    144.53               9.0  4.0  C/2003 T5 (SOHO)                                         MPC 51368
    CK03T060  2003 10 10.25    0.0071    1.0000     77.93    353.66    144.66               9.0  4.0  C/2003 T6 (SOHO)                                         MPC 51368
    CK03T070  2003 10 10.90    0.0050    1.0000     87.43      9.18    144.54               9.0  4.0  C/2003 T7 (SOHO)                                         MPC 51368
    CK03T080  2003 10  9.26    0.0050    1.0000     83.32      6.09    143.21               9.0  4.0  C/2003 T8 (SOHO)                                         MPC 52165
    CK03T090  2003 10 10.06    0.0054    1.0000     76.98    357.61    149.12               9.0  4.0  C/2003 T9 (SOHO)                                         MPC 52165
    CK03T100  2003 10 14.47    0.0049    1.0000     87.17      9.01    144.53               9.0  4.0  C/2003 T10 (SOHO)                                        MPC 52165
    CK03T110  2003 10 15.85    0.0053    1.0000     88.39      4.99    146.04               9.0  4.0  C/2003 T11 (SOHO)                                        MPC 52166
    PK03T120  2024 07  3.7395  0.594065  0.770209  219.7469  174.5948   11.0261  20230225  17.0  4.0  P/2003 T12 (SOHO)                                        MPC105235
    CK03U010  2003 10 20.3894  1.811399  0.919509  278.1461  322.5500  164.4403  20230225  14.5  4.0  C/2003 U1 (LINEAR)                                       MPC 50461
    CK03U040  2003 10 21.20    0.0357    1.0000     58.38     73.97     74.94               9.0  4.0  C/2003 U4 (SOHO)                                         MPC 52166
    CK03U050  2003 10 17.34    0.0052    1.0000     85.74      8.93    144.60               9.0  4.0  C/2003 U5 (SOHO)                                         MPC 52166
    CK03U060  2003 10 21.57    0.0050    1.0000     87.14      9.07    144.48               9.0  4.0  C/2003 U6 (SOHO)                                         MPC 52166
    CK03U070  2003 10 23.42    0.0051    1.0000     88.13     12.13    144.44               9.0  4.0  C/2003 U7 (SOHO)                                         MPC 52166
    CK03U080  2003 10 26.05    0.0050    1.0000     36.51    294.41    137.65               9.0  4.0  C/2003 U8 (SOHO)                                         MPC 52166
    CK03U090  2003 10 28.29    0.0050    1.0000     86.95     10.76    144.22               9.0  4.0  C/2003 U9 (SOHO)                                         MPC 52166
    CK03V010  2003 03 17.2466  1.747405  0.995920    8.5832   25.5275   29.0223  20230225   8.5  4.0  C/2003 V1 (LINEAR)                                       MPC 60280
    CK03V020  2003 11  2.24    0.0050    1.0000     89.43      9.93    145.16               9.0  4.0  C/2003 V2 (SOHO)                                         MPC 52166
    CK03V030  2003 11  4.36    0.0050    1.0000     87.39      9.67    144.30               9.0  4.0  C/2003 V3 (SOHO)                                         MPC 52166
    CK03V040  2003 11  5.32    0.0050    1.0000     88.06      9.22    145.14               9.0  4.0  C/2003 V4 (SOHO)                                         MPC 52166
    CK03V050  2003 11  6.82    0.0082    1.0000     58.04    332.92    136.94               9.0  4.0  C/2003 V5 (SOHO)                                         MPC 52166
    CK03V060  2003 11  9.92    0.0050    1.0000     85.78      7.73    145.14               9.0  4.0  C/2003 V6 (SOHO)                                         MPC 52166
    CK03V070  2003 11 12.23    0.0050    1.0000     76.08    357.95    144.42               9.0  4.0  C/2003 V7 (SOHO)                                         MPC 52166
    CK03V080  2003 11 14.70    0.0049    1.0000     87.59     11.75    143.31               9.0  4.0  C/2003 V8 (SOHO)                                         MPC 52167
    CK03W010  2003 11 15.5474  1.617301  0.935119  112.9156  256.5565   78.0321  20230225  14.5  4.0  C/2003 W1 (LINEAR)                                       MPC 51183
    CK03W020  2003 11 29.91    0.0314    1.0000     56.53     74.96     73.26               9.0  4.0  C/2003 W2 (SOHO)                                         MPC 52167
    CK03W030  2003 11 16.91    0.0052    1.0000     86.83     11.32    142.21               9.0  4.0  C/2003 W3 (SOHO)                                         MPC 52167
    CK03W040  2003 11 22.12    0.0052    1.0000     91.67     18.15    140.98               9.0  4.0  C/2003 W4 (SOHO)                                         MPC 52167
    CK03W050  2003 11 23.20    0.0067    1.0000     87.18      8.51    144.58               9.0  4.0  C/2003 W5 (SOHO)                                         MPC 52167
    CK03W060  2003 11 27.38    0.0048    1.0000     87.55      9.27    144.51               9.0  4.0  C/2003 W6 (SOHO)                                         MPC 52167
    CK03W070  2003 11 27.70    0.0049    1.0000     84.73      6.62    144.50               9.0  4.0  C/2003 W7 (SOHO)                                         MPC 52167
    CK03W080  2003 11 29.64    0.0050    1.0000     82.24     35.43    118.30               9.0  4.0  C/2003 W8 (SOHO)                                         MPC 52167
    CK03W42T  2006 04 10.7667  5.190927  1.002569   92.4673   48.4538   31.4107  20060415  11.5  2.0  C/2003 WT42 (LINEAR)                                     MPEC 2020-L06
    CK03X010  2003 12  1.56    0.0048    1.0000     94.22     17.90    143.28               9.0  4.0  C/2003 X1 (SOHO)                                         MPC 52167
    CK03X020  2003 12  1.98    0.0085    1.0000     90.15     17.48    134.58               9.0  4.0  C/2003 X2 (SOHO)                                         MPC 52167
    CK03X030  2003 12  2.69    0.0050    1.0000    112.58     37.30    133.82               9.0  4.0  C/2003 X3 (SOHO)                                         MPC 52167
    CK03X040  2003 12  5.03    0.0053    1.0000    101.56     29.52    136.31               9.0  4.0  C/2003 X4 (SOHO)                                         MPC 52167
    CK03X050  2003 12  5.41    0.0073    1.0000     97.12     21.99    139.87               9.0  4.0  C/2003 X5 (SOHO)                                         MPC 52167
    CK03X060  2003 12  6.75    0.0049    1.0000     49.96    325.80    145.82               9.0  4.0  C/2003 X6 (SOHO)                                         MPC 52167
    CK03X070  2003 12  8.27    0.0050    1.0000    100.04     26.19    139.81               9.0  4.0  C/2003 X7 (SOHO)                                         MPC 52168
    CK03X080  2003 12  8.68    0.0050    1.0000     96.39     20.45    141.22               9.0  4.0  C/2003 X8 (SOHO)                                         MPC 52168
    CK03X090  2003 12  8.94    0.0049    1.0000     41.99    316.87    142.28               9.0  4.0  C/2003 X9 (SOHO)                                         MPC 52168
    CK03X100  2003 12 11.53    0.0053    1.0000     50.70    328.24    147.85               9.0  4.0  C/2003 X10 (SOHO)                                        MPC 52168
    CK03X110  2003 12 14.00    0.0050    1.0000     90.33     13.35    143.45               9.0  4.0  C/2003 X11 (SOHO)                                        MPC 52168
    CK03Y010  2003 12 20.50    0.0354    1.0000     56.72     74.70     72.81               9.0  4.0  C/2003 Y1 (SOHO)                                         MPC 52168
    CK03Y020  2003 12 19.99    0.0052    1.0000     71.94    353.43    147.13               9.0  4.0  C/2003 Y2 (SOHO)                                         MPC 52168
    CK03Y030  2003 12 20.29    0.0070    1.0000     40.31    322.68    145.75               9.0  4.0  C/2003 Y3 (SOHO)                                         MPC 52168
    CK03Y040  2003 12 21.10    0.0049    1.0000     72.44    352.48    145.41               9.0  4.0  C/2003 Y4 (SOHO)                                         MPC 52168
    CK03Y050  2003 12 23.14    0.0051    1.0000     82.09      3.81    144.52               9.0  4.0  C/2003 Y5 (SOHO)                                         MPC 52168
    CK03Y060  2003 12 24.66    0.0048    1.0000     86.84      8.49    144.60               9.0  4.0  C/2003 Y6 (SOHO)                                         MPC 52168
    CK03Y070  2003 12 25.87    0.0047    1.0000     92.93     15.81    143.18               9.0  4.0  C/2003 Y7 (SOHO)                                         MPC 52168
    CK03Y080  2003 12 25.66    0.0050    1.0000     79.60      4.15    146.52               9.0  4.0  C/2003 Y8 (SOHO)                                         MPC 52315
    CK03Y090  2003 12 25.77    0.0054    1.0000     71.81    350.70    146.53               9.0  4.0  C/2003 Y9 (SOHO)                                         MPC 52315
    CK03Y100  2003 12 26.39    0.0051    1.0000     75.83    355.72    147.10               9.0  4.0  C/2003 Y10 (SOHO)                                        MPC 52315
    CK03Y110  2003 12 26.64    0.0048    1.0000     83.81      6.94    144.96               9.0  4.0  C/2003 Y11 (SOHO)                                        MPC 52315
    CK03Y120  2003 12 27.61    0.0049    1.0000     65.99    346.72    145.83               9.0  4.0  C/2003 Y12 (SOHO)                                        MPC 52315
    CK03Y130  2003 12 29.14    0.0056    1.0000     76.78    356.28    143.83               9.0  4.0  C/2003 Y13 (SOHO)                                        MPC 52315
    CK03Y140  2003 12 27.67    0.0049    1.0000     72.86    352.76    146.14               9.0  4.0  C/2003 Y14 (SOHO)                                        MPC 52315
    CK03Y150  2004 01  1.45    0.0069    1.0000     89.44     12.00    142.53               9.0  4.0  C/2003 Y15 (SOHO)                                        MPC 52315
    CK04A020  2004 01 11.63    0.0048    1.0000     86.33      8.01    144.71               9.0  4.0  C/2004 A2 (SOHO)                                         MPC 52315
    CK04A030  2004 01 16.15    0.0433    1.0000     58.54     44.75     14.75               9.0  4.0  C/2004 A3 (SOHO)                                         MPC 52315
    CK04A040  2004 01  8.64    0.0048    1.0000     60.94    333.15    134.78               9.0  4.0  C/2004 A4 (SOHO)                                         MPC 60097
    CK04B010  2006 02  5.1672  1.636225  1.001186  328.2706  272.9989  114.1193  20230225  10.5  2.0  C/2004 B1 (LINEAR)                                       MPC 57131
    CK04B020  2004 01 29.11    0.0353    1.0000     57.16     74.89     73.10               9.0  4.0  C/2004 B2 (SOHO)                                         MPC 52168
    CK04B030  2004 01 18.27    0.0515    1.0000     53.97     44.90     13.28               9.0  4.0  C/2004 B3 (SOHO)                                         MPC 52316
    CK04B040  2004 01 19.02    0.0062    1.0000     66.43    341.76    139.10               9.0  4.0  C/2004 B4 (SOHO)                                         MPC 52316
    CK04B050  2004 01 20.19    0.0051    1.0000     86.35      7.17    144.37               9.0  4.0  C/2004 B5 (SOHO)                                         MPC 52316
    CK04B060  2004 01 21.81    0.0053    1.0000     70.14    350.52    145.11               9.0  4.0  C/2004 B6 (SOHO)                                         MPC 52316
    CK04B070  2004 01 22.21    0.0054    1.0000     68.17    342.23    139.51               9.0  4.0  C/2004 B7 (SOHO)                                         MPC 52316
    CK04B080  2004 01 25.59    0.0050    1.0000     74.93    355.83    144.63               9.0  4.0  C/2004 B8 (SOHO)                                         MPC 52316
    CK04B090  2004 01 26.59    0.0051    1.0000     86.09      6.69    143.75               9.0  4.0  C/2004 B9 (SOHO)                                         MPC 52316
    CK04B100  2004 01 30.79    0.0051    1.0000     85.71      8.68    144.69               9.0  4.0  C/2004 B10 (SOHO)                                        MPC 52316
    CK04B110  2004 01 21.42    0.0066    1.0000     62.44    343.51    144.67               9.0  4.0  C/2004 B11 (SOHO)                                        MPC 60097
    CK04C010  2003 03 19.3321  4.349795  0.625803  315.9683  151.9549   28.8625            13.5  2.0  C/2004 C1 (Larsen)                                       MPC 51368
    CK04C020  2004 02  5.14    0.0325    1.0000     57.64     74.60     72.92               9.0  4.0  C/2004 C2 (SOHO)                                         MPC 52168
    CK04C030  2004 02  4.70    0.0050    1.0000     67.84    341.65    139.56               9.0  4.0  C/2004 C3 (SOHO)                                         MPC 52316
    CK04C040  2004 02  8.61    0.0052    1.0000     84.50     12.50    146.02               9.0  4.0  C/2004 C4 (SOHO)                                         MPC 52316
    CK04C050  2004 02  9.36    0.0050    1.0000     89.03      3.90    142.36               9.0  4.0  C/2004 C5 (SOHO)                                         MPC 52316
    CK04C060  2004 02 10.63    0.0051    1.0000     84.06      2.34    143.02               9.0  4.0  C/2004 C6 (SOHO)                                         MPC 52316
    CK04C070  2004 02 14.29    0.0049    1.0000     81.38      2.30    144.47               9.0  4.0  C/2004 C7 (SOHO)                                         MPC 52317
    CK04C080  2004 02 14.87    0.0050    1.0000     79.63      2.41    144.68               9.0  4.0  C/2004 C8 (SOHO)                                         MPC 52317
    CK04D010  2006 02  1.0635  4.972436  0.997496   75.4547   62.2325   45.7068  20230225  11.5  2.0  C/2004 D1 (NEAT)                                         MPC 63599
    CK04D020  2004 02 26.07    0.0051    1.0000     83.63      6.23    145.20               9.0  4.0  C/2004 D2 (SOHO)                                         MPC 52317
    CK04D030  2004 02 26.24    0.0051    1.0000     84.10      7.75    145.52               9.0  4.0  C/2004 D3 (SOHO)                                         MPC 52317
    CK04D040  2004 02 28.30    0.0050    1.0000     84.02      6.49    145.15               9.0  4.0  C/2004 D4 (SOHO)                                         MPC 52317
    CK04D61Z  2004 05 18.4318  2.028386  0.955255   44.6667  172.5954   66.2559  20230225  15.5  2.0  C/2004 DZ61 (Catalina-LINEAR)                            MPC 51368
    CK04E010  2004 03  9.84    0.0053    1.0000     76.59      2.61    146.65               9.0  4.0  C/2004 E1 (SOHO)                                         MPC 52317
    CK04E030  2004 03 15.54    0.0050    1.0000     87.36      8.67    144.21               9.0  4.0  C/2004 E3 (SOHO)                                         MPC 52317
    CK04E040  2004 03 16.60    0.0064    1.0000     80.27      7.24    144.91               9.0  4.0  C/2004 E4 (SOHO)                                         MPC 52317
    CK04E050  2004 03  1.79    0.0050    1.0000     85.45      1.67    142.71               9.0  4.0  C/2004 E5 (SOHO)                                         MPC 60921
    CK04F020  2003 12 22.9176  1.465395  0.990207  317.6171  248.6831  104.9130  20230225  16.0  2.0  C/2004 F2 (LINEAR)                                       MPC 52169
    CK04F040  2004 04 13.8799  0.178485  0.999266  332.7559  223.7072   62.1388  20230225  10.0  4.0  C/2004 F4 (Bradfield)                                    MPC 52317
    CK04F050  2004 03 18.25    0.0050    1.0000     77.20      0.35    144.50               9.0  4.0  C/2004 F5 (SOHO)                                         MPC 52317
    CK04F060  2004 03 23.83    0.0060    1.0000     77.55      3.47    144.37               9.0  4.0  C/2004 F6 (SOHO)                                         MPC 52317
    CK04F070  2004 03 26.55    0.0050    1.0000     84.66      8.10    142.89               9.0  4.0  C/2004 F7 (SOHO)                                         MPC 52317
    PK04FE0Y  2027 02 23.7663  4.017232  0.191587  254.2269  327.2714    2.1619  20230225  12.5  2.0  P/2004 FY140 (LINEAR)                                    MPEC 2022-YN2
    CK04G010  2004 06  4.7913  1.202466  1.000000  110.4895  228.3763  114.4898            15.5  2.0  C/2004 G1 (LINEAR)                                       MPC 52169
    CK04G020  2004 04 10.12    0.0383    1.0000     56.95     74.01     72.62               9.0  4.0  C/2004 G2 (SOHO)                                         MPC 51821
    CK04G030  2004 04  3.60    0.0076    1.0000     65.49    338.33    141.37               9.0  4.0  C/2004 G3 (SOHO)                                         MPC 52317
    CK04G040  2004 04  4.86    0.0064    1.0000     82.74      8.45    144.51               9.0  4.0  C/2004 G4 (SOHO)                                         MPC 52318
    CK04G050  2004 04 11.12    0.0052    1.0000     85.01      8.43    144.29               9.0  4.0  C/2004 G5 (SOHO)                                         MPC 52318
    CK04G060  2004 04 12.16    0.0051    1.0000     84.69      7.31    144.91               9.0  4.0  C/2004 G6 (SOHO)                                         MPC 52318
    CK04G070  2004 04 14.23    0.0051    1.0000     81.11      3.21    144.19               9.0  4.0  C/2004 G7 (SOHO)                                         MPC 52318
    CK04G080  2004 04 14.32    0.0050    1.0000     85.85      8.21    144.42               9.0  4.0  C/2004 G8 (SOHO)                                         MPC 52318
    CK04G090  2004 04 16.01    0.0052    1.0000     86.18      8.85    144.22               9.0  4.0  C/2004 G9 (SOHO)                                         MPC 52318
    CK04H010  2004 01 14.999   2.07570   1.00000   290.249   120.014   140.746             15.0  2.0  C/2004 H1 (LINEAR)                                       MPC 51821
    CK04H040  2004 04 16.86    0.0343    1.0000     58.70     74.62     67.87               9.0  4.0  C/2004 H4 (SOHO)                                         MPC 52169
    CK04H050  2004 04 30.71    0.0335    1.0000     53.93     76.03     68.62               9.0  4.0  C/2004 H5 (SOHO)                                         MPC 52169
    CK04H060  2004 05  4.5815  0.792398  1.000076  269.2316  316.6919  107.3248  20230225   7.5  4.0  C/2004 H6 (SWAN)                                         MPC 52318
    CK04H070  2004 04 19.23    0.0052    1.0000     89.47     10.51    144.22               9.0  4.0  C/2004 H7 (SOHO)                                         MPC 52318
    CK04H080  2004 04 19.46    0.0049    1.0000     82.66      1.38    145.03               9.0  4.0  C/2004 H8 (SOHO)                                         MPC 52318
    CK04H090  2004 04 19.55    0.0051    1.0000     70.28    339.72    146.39               9.0  4.0  C/2004 H9 (SOHO)                                         MPC 52318
    CK04H100  2004 04 30.55    0.0051    1.0000     64.27    334.44    145.04               9.0  4.0  C/2004 H10 (SOHO)                                        MPC 52319
    CK04H60V  2003 12 12.7823  3.099234  0.935822  148.0545   45.0739   92.4424  20220121  13.0  4.0  C/2004 HV60 (Spacewatch)                                 MPEC 2022-D36
    CK04J010  2004 05  3.17    0.0053    1.0000     80.67      4.60    143.97               9.0  4.0  C/2004 J1 (SOHO)                                         MPC 52319
    CK04J020  2004 05  5.03    0.0053    1.0000     80.24      1.73    146.87               9.0  4.0  C/2004 J2 (SOHO)                                         MPC 52319
    CK04J030  2004 05  5.06    0.0050    1.0000     82.57      6.14    143.24               9.0  4.0  C/2004 J3 (SOHO)                                         MPC 52319
    CK04J040  2004 05  5.32    0.0417    1.0000     69.22     34.30     12.35               9.0  4.0  C/2004 J4 (SOHO)                                         MPC 52319
    CK04J050  2004 05  6.55    0.0049    1.0000     81.28    356.93    146.53               9.0  4.0  C/2004 J5 (SOHO)                                         MPC 52319
    CK04J060  2004 05  7.58    0.0053    1.0000     84.67      6.26    144.23               9.0  4.0  C/2004 J6 (SOHO)                                         MPC 52319
    CK04J070  2004 05  9.12    0.0051    1.0000     79.98    356.13    146.68               9.0  4.0  C/2004 J7 (SOHO)                                         MPC 52319
    CK04J080  2004 05 12.13    0.0048    1.0000     86.79      8.23    144.55               9.0  4.0  C/2004 J8 (SOHO)                                         MPC 52319
    CK04J090  2004 05 11.16    0.0054    1.0000     89.20     16.14    140.88               9.0  4.0  C/2004 J9 (SOHO)                                         MPC 52319
    CK04J100  2004 05 12.33    0.0055    1.0000     89.77     14.05    143.00               9.0  4.0  C/2004 J10 (SOHO)                                        MPC 52319
    CK04J110  2004 05 13.21    0.0050    1.0000     89.99     13.61    144.08               9.0  4.0  C/2004 J11 (SOHO)                                        MPC 52319
    CK04J120  2004 05 12.91    0.0398    1.0000     71.79     33.74     12.68               9.0  4.0  C/2004 J12 (SOHO)                                        MPC 52320
    CK04J130  2004 05 13.85    0.0441    1.0000     64.48     36.12     12.47               9.0  4.0  C/2004 J13 (SOHO)                                        MPC 52320
    CK04J140  2004 05 14.61    0.0048    1.0000     88.92     10.45    144.07               9.0  4.0  C/2004 J14 (SOHO)                                        MPC 52320
    CK04J150  2004 05 14.74    0.0438    1.0000     67.24     34.56     12.28               9.0  4.0  C/2004 J15 (SOHO)                                        MPC 52320
    CK04J160  2004 05 14.96    0.0314    1.0000     69.24     34.39     14.63               9.0  4.0  C/2004 J16 (SOHO)                                        MPC 52320
    CK04J170  2004 05 15.55    0.0356    1.0000     72.09     35.60     13.79               9.0  4.0  C/2004 J17 (SOHO)                                        MPC 52320
    CK04J180  2004 05 15.68    0.0461    1.0000     65.28     34.23     11.89               9.0  4.0  C/2004 J18 (SOHO)                                        MPC 52320
    CK04J190  2004 05 15.05    0.0050    1.0000     80.42      3.16    144.99               9.0  4.0  C/2004 J19 (SOHO)                                        MPC 52320
    CK04J200  2004 05 13.77    0.0419    1.0000     65.37     35.86     12.76               9.0  4.0  C/2004 J20 (SOHO)                                        MPC 59874
    CK04K010  2005 07 10.1176  3.388845  0.998854   97.8277  327.1359  153.8192  20230225   7.0  4.0  C/2004 K1 (Catalina)                                     MPC 56169
    CK04K030  2004 06 30.4547  1.103364  0.981074   60.4899  275.5378  111.9286            19.0  4.0  C/2004 K3 (LINEAR)                                       MPC 52320
    CK04K040  2004 05 18.85    0.0052    1.0000     88.44     11.22    144.01               9.0  4.0  C/2004 K4 (SOHO)                                         MPC 52320
    CK04K050  2004 05 20.60    0.0051    1.0000     86.94     11.45    142.11               9.0  4.0  C/2004 K5 (SOHO)                                         MPC 52320
    CK04K060  2004 05 22.16    0.0050    1.0000     87.07     11.05    142.22               9.0  4.0  C/2004 K6 (SOHO)                                         MPC 52320
    CK04K070  2004 05 23.53    0.0050    1.0000     97.75     23.35    137.71               9.0  4.0  C/2004 K7 (SOHO)                                         MPC 52321
    CK04K080  2004 05 24.65    0.0067    1.0000     39.83    317.62    140.04               9.0  4.0  C/2004 K8 (SOHO)                                         MPC 52321
    CK04K090  2004 05 25.28    0.0049    1.0000     96.73     18.25    140.60               9.0  4.0  C/2004 K9 (SOHO)                                         MPC 52321
    CK04K100  2004 05 25.72    0.0049    1.0000     83.93      5.46    143.85               9.0  4.0  C/2004 K10 (SOHO)                                        MPC 52321
    CK04K110  2004 05 28.17    0.0048    1.0000     87.82      9.39    144.20               9.0  4.0  C/2004 K11 (SOHO)                                        MPC 52321
    CK04K120  2004 05 31.19    0.0049    1.0000     87.99     10.28    143.93               9.0  4.0  C/2004 K12 (SOHO)                                        MPC 52321
    CK04L010  2005 04  4.3594  2.010564  0.997479  243.1124   65.9488  159.2499  20230225  10.0  4.0  C/2004 L1 (LINEAR)                                       MPC 53949
    CK04L020  2005 11 23.9397  3.757983  0.996798  257.1450   99.2704   62.4630  20230225   7.0  4.0  C/2004 L2 (LINEAR)                                       MPC 54823
    CK04L030  2004 06  5.62    0.0050    1.0000    109.81     37.61    133.49               9.0  4.0  C/2004 L3 (SOHO)                                         MPC 52514
    CK04L040  2004 06  8.42    0.0056    1.0000    102.10     32.40    135.88               9.0  4.0  C/2004 L4 (SOHO)                                         MPC 52514
    CK04L050  2004 06  8.65    0.0050    1.0000     89.25     12.36    142.30               9.0  4.0  C/2004 L5 (SOHO)                                         MPC 52514
    CK04L060  2004 06  9.99    0.0049    1.0000     98.23     25.12    137.60               9.0  4.0  C/2004 L6 (SOHO)                                         MPC 52514
    CK04L070  2004 06 10.19    0.0075    1.0000     55.81    330.47    138.77               9.0  4.0  C/2004 L7 (SOHO)                                         MPC 52514
    CK04L080  2004 06 11.07    0.0049    1.0000     77.92    355.13    132.59               9.0  4.0  C/2004 L8 (SOHO)                                         MPC 52514
    CK04L090  2004 06 11.48    0.0051    1.0000     96.17     22.25    141.15               9.0  4.0  C/2004 L9 (SOHO)                                         MPC 52514
    CK04L100  2004 06 14.10    0.0431    1.0000     69.72     35.76     12.54               9.0  4.0  C/2004 L10 (SOHO)                                        MPC 52514
    CK04L110  2004 06 15.71    0.0080    1.0000     62.25    343.04    147.71               9.0  4.0  C/2004 L11 (SOHO)                                        MPC 52514
    CK04M010  2004 06 18.52    0.0049    1.0000     79.46      0.01    145.93               9.0  4.0  C/2004 M1 (SOHO)                                         MPC 52514
    CK04M020  2004 06 25.71    0.0049    1.0000     67.27    346.57    144.72               9.0  4.0  C/2004 M2 (SOHO)                                         MPC 52515
    CK04M030  2004 06 26.76    0.0078    1.0000     38.05    320.26    142.55               9.0  4.0  C/2004 M3 (SOHO)                                         MPC 52515
    CK04M040  2004 06 27.40    0.0049    1.0000     84.49      6.04    144.68               9.0  4.0  C/2004 M4 (SOHO)                                         MPC 52515
    CK04M050  2004 06 27.90    0.0051    1.0000     62.65    341.83    145.12               9.0  4.0  C/2004 M5 (SOHO)                                         MPC 52515
    CK04M060  2004 06 27.91    0.0050    1.0000     64.99    344.20    144.70               9.0  4.0  C/2004 M6 (SOHO)                                         MPC 52515
    CK04M070  2004 06 28.24    0.0052    1.0000     85.53      6.15    144.26               9.0  4.0  C/2004 M7 (SOHO)                                         MPC 52515
    CK04N010  2004 07  1.64    0.0050    1.0000     79.79      0.49    145.83               9.0  4.0  C/2004 N1 (SOHO)                                         MPC 52515
    CK04N020  2004 07  2.57    0.0047    1.0000     73.45    353.62    144.80               9.0  4.0  C/2004 N2 (SOHO)                                         MPC 52515
    CK04N030  2004 07  6.52    0.0048    1.0000     85.04      6.41    144.75               9.0  4.0  C/2004 N3 (SOHO)                                         MPC 52515
    CK04N040  2004 07  7.92    0.0076    1.0000     67.01    345.84    142.03               9.0  4.0  C/2004 N4 (SOHO)                                         MPC 52515
    CK04N050  2004 07  8.78    0.0055    1.0000     76.56    357.80    146.04               9.0  4.0  C/2004 N5 (SOHO)                                         MPC 52515
    CK04N060  2004 07  9.85    0.0049    1.0000    104.74     24.76    137.04               9.0  4.0  C/2004 N6 (SOHO)                                         MPC 52515
    CK04O010  2004 07 18.71    0.0068    1.0000     85.62      7.12    144.67               9.0  4.0  C/2004 O1 (SOHO)                                         MPC 52515
    CK04O020  2004 07 18.57    0.0058    1.0000     75.24    354.61    143.76               9.0  4.0  C/2004 O2 (SOHO)                                         MPC 52515
    CK04O030  2004 07 26.64    0.0051    1.0000    101.14     22.27    138.99               9.0  4.0  C/2004 O3 (SOHO)                                         MPC 52516
    CK04P010  2003 08 12.1749  6.061161  1.002570   16.9168  284.2021   28.8246  20230225   7.0  4.0  C/2004 P1 (NEAT)                                         MPC 53649
    CK04P020  2004 08  4.70    0.0050    1.0000     83.60      5.56    143.26               9.0  4.0  C/2004 P2 (SOHO)                                         MPC 52765
    CK04P030  2004 08  6.29    0.0051    1.0000     82.94      4.68    145.69               9.0  4.0  C/2004 P3 (SOHO)                                         MPC 52765
    CK04P040  2004 08  6.93    0.0052    1.0000     74.10    355.60    144.85               9.0  4.0  C/2004 P4 (SOHO)                                         MPC 52765
    CK04P050  2004 08  9.44    0.0061    1.0000     52.72    324.88    133.10               9.0  4.0  C/2004 P5 (SOHO)                                         MPC 52766
    CK04P060  2004 08 14.00    0.0056    1.0000     92.78     13.10    143.16               9.0  4.0  C/2004 P6 (SOHO)                                         MPC 52905
    CK04P070  2004 08 16.48    0.0050    1.0000     95.62     15.42    142.67               9.0  4.0  C/2004 P7 (SOHO)                                         MPC 52905
    CK04Q010  2004 12  7.6403  2.026738  0.987860   32.7518   22.1452   56.6121  20230225   9.5  4.0  C/2004 Q1 (Tucker)                                       MPEC 2020-K19
    CK04Q020  2005 01 15.5437  1.193418  0.997589   19.4681   93.3307   38.8049  20230225   5.5  4.0  C/2004 Q2 (Machholz)                                     MPC 84315
    CK04Q030  2004 08 20.97    0.0049    1.0000     77.41    358.53    144.39               9.0  4.0  C/2004 Q3 (SOHO)                                         MPC 52905
    CK04Q040  2004 08 21.96    0.0047    1.0000     78.16    359.32    144.36               9.0  4.0  C/2004 Q4 (SOHO)                                         MPC 52905
    CK04Q050  2004 08 26.14    0.0052    1.0000     75.73    356.66    144.53               9.0  4.0  C/2004 Q5 (SOHO)                                         MPC 52906
    CK04Q060  2004 08 26.89    0.0045    1.0000     84.12      6.29    144.51               9.0  4.0  C/2004 Q6 (SOHO)                                         MPC 52906
    CK04R020  2004 10  7.897   0.11283   1.00000     5.354   182.464    63.174             11.5  4.0  C/2004 R2 (ASAS)                                         MPC 52906
    PK04R030  2021 09 19.6944  3.545230  0.255187   37.7253  305.1581   12.7856  20230225  14.5  4.0  P/2004 R3 (LINEAR-NEAT)                                  MPC 53304
    CK04R040  2004 09  6.00    0.0054    1.0000     83.36      5.81    144.83               9.0  4.0  C/2004 R4 (SOHO)                                         MPC 52906
    CK04R050  2004 09  5.56    0.0052    1.0000     80.76      1.93    143.92               9.0  4.0  C/2004 R5 (SOHO)                                         MPC 52906
    CK04R060  2004 09  6.31    0.0054    1.0000     93.47      3.77    140.49               9.0  4.0  C/2004 R6 (SOHO)                                         MPC 52906
    CK04R070  2004 09  6.94    0.0086    1.0000     77.53    357.59    143.75               9.0  4.0  C/2004 R7 (SOHO)                                         MPC 52906
    CK04RB3G  2005 02 20.6531  1.928793  0.993970  124.7809    8.8206   21.5212  20230225  13.0  4.0  C/2004 RG113 (LINEAR)                                    MPC 53305
    CK04S010  2004 12  8.9212  0.681783  1.000000   92.8155   19.2198  114.6676            16.5  4.0  C/2004 S1 (Van Ness)                                     MPC 52906
    CK04S020  2004 09 21.36    0.0053    1.0000     81.87      6.94    144.91               9.0  4.0  C/2004 S2 (SOHO)                                         MPC 53172
    CK04S030  2004 09 23.95    0.0069    1.0000     80.70      5.95    144.80               9.0  4.0  C/2004 S3 (SOHO)                                         MPC 53172
    CK04S040  2004 09 29.24    0.0049    1.0000     79.85      1.86    144.29               9.0  4.0  C/2004 S4 (SOHO)                                         MPC 53172
    CK04T020  2004 10  9.10    0.0346    1.0000     61.57     72.45     73.67               9.0  4.0  C/2004 T2 (SOHO)                                         MPC 52906
    CK04T030  2003 04 21.7889  8.869753  1.001579  259.8069   50.3313   71.7309  20230225   2.5  4.0  C/2004 T3 (Siding Spring)                                MPC 53465
    CK04T040  2004 10  5.64    0.0048    1.0000     80.00      1.27    143.95               9.0  4.0  C/2004 T4 (SOHO)                                         MPC 53172
    CK04T050  2004 10  6.39    0.0048    1.0000     81.60      1.56    144.11               9.0  4.0  C/2004 T5 (SOHO)                                         MPC 53172
    CK04T060  2004 10 10.96    0.0049    1.0000     80.60      1.74    143.90               9.0  4.0  C/2004 T6 (SOHO)                                         MPC 53305
    CK04T070  2004 10 14.70    0.0048    1.0000     81.25      4.07    144.15               9.0  4.0  C/2004 T7 (SOHO)                                         MPC 53305
    CK04T080  2004 10  4.80    0.0048    1.0000     81.07      1.33    144.09               9.0  4.0  C/2004 T8 (SOHO)                                         MPC 53465
    CK04U010  2004 12  2.6530  2.633521  0.997159   19.9352  112.5407  130.5343  20230225  11.0  4.0  C/2004 U1 (LINEAR)                                       MPC 54823
    CK04U020  2004 10 18.01    0.0659    1.0000    218.59    143.49     84.25               9.0  4.0  C/2004 U2 (SOHO)                                         MPC 52907
    CK04U030  2004 10 18.62    0.0375    1.0000     57.26     74.01     73.25               9.0  4.0  C/2004 U3 (SOHO)                                         MPC 53172
    CK04U040  2004 10 17.65    0.0053    1.0000     80.35    356.43    147.82               9.0  4.0  C/2004 U4 (SOHO)                                         MPC 53305
    CK04U050  2004 10 21.92    0.0063    1.0000     58.57    331.03    138.46               9.0  4.0  C/2004 U5 (SOHO)                                         MPC 53305
    CK04U060  2004 10 21.91    0.0052    1.0000     56.68    323.07    139.47               9.0  4.0  C/2004 U6 (SOHO)                                         MPC 53305
    CK04U070  2004 10 22.78    0.0052    1.0000     87.45     11.41    144.58               9.0  4.0  C/2004 U7 (SOHO)                                         MPC 53305
    CK04U080  2004 10 24.66    0.0049    1.0000     81.03      2.93    143.92               9.0  4.0  C/2004 U8 (SOHO)                                         MPC 53305
    CK04U090  2004 10 26.13    0.0050    1.0000     81.73      4.27    143.62               9.0  4.0  C/2004 U9 (SOHO)                                         MPC 53305
    CK04U100  2004 10 26.93    0.0076    1.0000     85.67      9.44    143.74               9.0  4.0  C/2004 U10 (SOHO)                                        MPC 53305
    CK04U110  2004 10 28.27    0.0048    1.0000     86.20      7.41    144.58               9.0  4.0  C/2004 U11 (SOHO)                                        MPC 53305
    CK04U120  2004 10 28.47    0.0049    1.0000     84.23    358.95    147.11               9.0  4.0  C/2004 U12 (SOHO)                                        MPC 53305
    PK04V050  2027 08 12.9138  4.434975  0.445162   87.5673   47.7486   19.3428  20230225   8.0  4.0  P/2004 V5 (LINEAR-Hill)                                  MPC 75705
    PK04V05a  2050 04 21.4668  4.511818  0.451120   91.1628   44.2562   20.0356  20500424   8.0  4.0  P/2004 V5-A (LINEAR-Hill)                                unp
    PK04V05b  2027 08 13.8725  4.435003  0.445190   87.5700   47.7489   19.3428  20230225   8.0  4.0  P/2004 V5-B (LINEAR-Hill)                                MPC 75705
    CK04V060  2004 11  4.73    0.0053    1.0000     89.75     12.84    142.98               9.0  4.0  C/2004 V6 (SOHO)                                         MPC 53306
    CK04V070  2004 11  4.52    0.0051    1.0000     89.51     11.45    143.83               9.0  4.0  C/2004 V7 (SOHO)                                         MPC 53306
    CK04V080  2004 11  8.65    0.0049    1.0000     85.91      7.62    144.46               9.0  4.0  C/2004 V8 (SOHO)                                         MPC 53306
    PK04V090  2021 01 19.3752  0.044558  0.985295   25.9723   77.2772   23.1992  20210126   9.0  4.0  P/2004 V9 (SOHO)                                         unp
    CK04V100  2004 11  8.44    0.0488    1.0000     22.79     81.86     26.40               9.0  4.0  C/2004 V10 (SOHO)                                        MPC 53306
    CK04V110  2004 11  9.08    0.0050    1.0000     83.44      6.52    143.29               9.0  4.0  C/2004 V11 (SOHO)                                        MPC 53306
    CK04V120  2004 11 11.62    0.0049    1.0000     83.29      4.87    143.89               9.0  4.0  C/2004 V12 (SOHO)                                        MPC 53306
    CK04V130  2004 12 21.151   0.18086   1.00000    92.692   207.699    34.810             15.0  4.0  C/2004 V13 (SWAN)                                        MPC 53466
    CK04V140  2004 11 14.78    0.0049    1.0000     82.60      4.48    143.84               9.0  4.0  C/2004 V14 (SOHO)                                        MPC 53466
    CK04V150  2004 11 16.83    0.0082    1.0000     65.18    341.45    141.29               9.0  4.0  C/2004 V15 (SOHO)                                        MPC 53466
    CK04W010  2004 11 16.64    0.0052    1.0000     90.92     15.30    143.27               9.0  4.0  C/2004 W1 (SOHO)                                         MPC 53466
    CK04W020  2004 11 19.10    0.0053    1.0000     89.40     15.07    142.14               9.0  4.0  C/2004 W2 (SOHO)                                         MPC 53466
    CK04W030  2004 11 20.42    0.0070    1.0000     87.52      9.70    143.89               9.0  4.0  C/2004 W3 (SOHO)                                         MPC 53466
    CK04W040  2004 11 22.18    0.0050    1.0000     91.52     15.21    143.41               9.0  4.0  C/2004 W4 (SOHO)                                         MPC 53466
    CK04W050  2004 11 22.72    0.0051    1.0000     87.12     12.23    141.14               9.0  4.0  C/2004 W5 (SOHO)                                         MPC 53466
    CK04W060  2004 11 23.59    0.0052    1.0000     87.62     11.82    142.69               9.0  4.0  C/2004 W6 (SOHO)                                         MPC 53466
    CK04W070  2004 11 25.25    0.0048    1.0000     85.95      8.85    143.05               9.0  4.0  C/2004 W7 (SOHO)                                         MPC 53466
    CK04W080  2004 11 24.51    0.0051    1.0000     90.38     13.85    141.74               9.0  4.0  C/2004 W8 (SOHO)                                         MPC 53466
    CK04W090  2004 11 28.84    0.0049    1.0000     96.80     21.98    140.50               9.0  4.0  C/2004 W9 (SOHO)                                         MPC 53466
    CK04W100  2004 11 29.26    0.0467    1.0000     25.29     82.11     25.97               9.0  4.0  C/2004 W10 (SOHO)                                        MPC 53467
    CK04W110  2004 12  1.00    0.0051    1.0000     86.57     11.30    142.57               9.0  4.0  C/2004 W11 (SOHO)                                        MPC 53467
    CK04X020  2004 08 22.0550  3.747666  0.993847  161.7542  307.4397   72.0149  20230225  10.0  4.0  C/2004 X2 (LINEAR)                                       MPC 53467
    CK04X030  2005 06 10.4317  4.395098  1.002754  202.0768  343.0814   80.7774  20230225   8.5  4.0  C/2004 X3 (LINEAR)                                       MPC 56953
    CK04X040  2004 12  3.96    0.0049    1.0000     89.73     12.18    143.47               9.0  4.0  C/2004 X4 (SOHO)                                         MPC 53467
    CK04X050  2004 12  5.43    0.0065    1.0000     84.65      4.84    144.99               9.0  4.0  C/2004 X5 (SOHO)                                         MPC 53467
    CK04X060  2004 12  7.13    0.0070    1.0000     94.58     18.43    140.85               9.0  4.0  C/2004 X6 (SOHO)                                         MPC 53467
    CK04X080  2004 12  9.27    0.0052    1.0000     90.75      7.14    144.22               9.0  4.0  C/2004 X8 (SOHO)                                         MPC 53467
    CK04X090  2004 12 13.66    0.0054    1.0000     84.88      6.60    144.06               9.0  4.0  C/2004 X9 (SOHO)                                         MPC 53467
    CK04X100  2004 12 13.70    0.0057    1.0000     71.94    352.06    146.26               9.0  4.0  C/2004 X10 (SOHO)                                        MPC 53467
    CK04X110  2004 12 14.24    0.0048    1.0000     70.61    349.13    145.35               9.0  4.0  C/2004 X11 (SOHO)                                        MPC 53467
    CK04Y020  2004 12 19.26    0.0051    1.0000     72.73    349.99    131.81               9.0  4.0  C/2004 Y2 (SOHO)                                         MPC 53468
    CK04Y030  2004 12 25.80    0.0048    1.0000     84.18      5.17    144.69               9.0  4.0  C/2004 Y3 (SOHO)                                         MPC 53468
    CK04Y040  2004 12 25.52    0.0896    1.0000    128.06     23.91     94.42               9.0  4.0  C/2004 Y4 (SOHO)                                         MPC 53468
    CK04Y050  2004 12 26.38    0.0048    1.0000     70.87    350.47    144.31               9.0  4.0  C/2004 Y5 (SOHO)                                         MPC 53468
    CK04Y060  2004 12 26.31    0.0073    1.0000     42.74    325.97    144.50               9.0  4.0  C/2004 Y6 (SOHO)                                         MPC 53468
    CK04Y070  2004 12 26.61    0.0049    1.0000     90.25     14.41    143.73               9.0  4.0  C/2004 Y7 (SOHO)                                         MPC 53468
    CK04Y080  2004 12 27.36    0.0070    1.0000     72.08    349.33    140.65               9.0  4.0  C/2004 Y8 (SOHO)                                         MPC 53468
    CK04Y090  2004 12 28.33    0.0052    1.0000     75.27    356.27    147.38               9.0  4.0  C/2004 Y9 (SOHO)                                         MPC 53649
    CK04Y100  2004 12 28.28    0.0322    1.0000     99.02    129.68    131.61               9.0  4.0  C/2004 Y10 (SOHO)                                        MPC 53649
    CK04Y110  2004 12 29.34    0.0048    1.0000     70.45    352.02    145.33               9.0  4.0  C/2004 Y11 (SOHO)                                        MPC 53649
    CK04Y120  2005 01  1.63    0.0050    1.0000     80.19      0.58    144.24               9.0  4.0  C/2004 Y12 (SOHO)                                        MPC 53650
    CK04Y35J  2005 02 27.3454  1.757241  0.998394  136.3259  328.6131   52.3950  20230225  15.0  2.0  C/2004 YJ35 (LINEAR)                                     MPC 55717
    CK05A01a  2005 04  8.3390  0.916251  1.000570  272.2577  355.0425   74.4163  20230225   9.0  4.0  C/2005 A1-A (LINEAR)                                     MPC 54364
    CK05A020  2005 01  4.21    0.0055    1.0000     66.30    345.46    144.27               9.0  4.0  C/2005 A2 (SOHO)                                         MPC 53650
    CK05A030  2005 01  7.27    0.0067    1.0000     55.63    327.00    133.47               9.0  4.0  C/2005 A3 (SOHO)                                         MPC 53650
    CK05A040  2005 01 14.33    0.0067    1.0000     62.90    337.99    138.96               9.0  4.0  C/2005 A4 (SOHO)                                         MPC 53650
    CK05A050  2005 01 15.94    0.0048    1.0000     77.25    358.60    144.05               9.0  4.0  C/2005 A5 (SOHO)                                         MPC 53650
    CK05B010  2006 02 23.0483  3.198979  0.999541  103.1389  195.2369   92.2847  20230225   6.5  4.0  C/2005 B1 (Christensen)                                  MPC 75514
    CK05B020  2005 01 26.08    0.0050    1.0000     83.77      5.23    145.06               9.0  4.0  C/2005 B2 (SOHO)                                         MPC 53650
    CK05B030  2005 01 27.51    0.0049    1.0000     74.94    355.04    144.34               9.0  4.0  C/2005 B3 (SOHO)                                         MPC 53949
    CK05B040  2005 01 30.80    0.0353    1.0000     55.68     74.28     71.69               9.0  4.0  C/2005 B4 (SOHO)                                         MPC 53949
    CK05B050  2005 01 22.88    0.0048    1.0000     74.52    354.20    144.36               9.0  4.0  C/2005 B5 (SOHO)                                         MPC 60097
    CK05B060  2005 01 31.11    0.0051    1.0000     80.27      3.12    142.81               9.0  4.0  C/2005 B6 (SOHO)                                         MPC 60097
    CK05C010  2005 02  2.30    0.0392    1.0000     53.13     75.84     67.47               9.0  4.0  C/2005 C1 (SOHO)                                         MPC 53950
    CK05C020  2005 02  2.74    0.0050    1.0000     73.00    354.11    145.85               9.0  4.0  C/2005 C2 (SOHO)                                         MPC 53950
    CK05C030  2005 02  8.54    0.0049    1.0000     84.70      6.45    144.80               9.0  4.0  C/2005 C3 (SOHO)                                         MPC 53950
    CK05C040  2005 02 13.30    0.0391    1.0000     36.66      7.79     40.06               9.0  4.0  C/2005 C4 (SOHO)                                         MPC 53950
    CK05D010  2005 02 23.64    0.0468    1.0000     16.46    284.06    121.76               9.0  4.0  C/2005 D1 (SOHO)                                         MPC 53950
    CK05D020  2005 02 22.67    0.0066    1.0000     78.63      3.06    144.99               9.0  4.0  C/2005 D2 (SOHO)                                         MPC 53950
    CK05D030  2005 02 23.23    0.0070    1.0000     72.28    355.24    144.22               9.0  4.0  C/2005 D3 (SOHO)                                         MPC 53950
    CK05D040  2005 02 26.98    0.0049    1.0000     79.94      0.75    144.28               9.0  4.0  C/2005 D4 (SOHO)                                         MPC 53950
    CK05D050  2005 02 27.92    0.0056    1.0000     77.83    357.61    143.74               9.0  4.0  C/2005 D5 (SOHO)                                         MPC 53950
    PK05E010  2023 09 28.1017  4.402639  0.375801  193.9059  335.5290    4.2635  20230225  10.0  4.0  P/2005 E1 (Tubbiolo)                                     MPC 54164
    CK05E020  2006 02 27.4015  1.551300  1.003990   40.7326  348.0531   17.0602  20230225   5.5  4.0  C/2005 E2 (McNaught)                                     MPC 58118
    CK05E030  2005 03  6.96    0.0050    1.0000     77.96    343.12    140.29               9.0  4.0  C/2005 E3 (SOHO)                                         MPC 53950
    CK05E040  2005 03 10.54    0.0487    1.0000     22.24     80.60     26.43               9.0  4.0  C/2005 E4 (SOHO)                                         MPC 53950
    CK05E050  2005 03 12.64    0.0051    1.0000     80.02    359.09    144.41               9.0  4.0  C/2005 E5 (SOHO)                                         MPC 54165
    CK05E060  2005 03 15.19    0.0048    1.0000     78.80    359.69    144.09               9.0  4.0  C/2005 E6 (SOHO)                                         MPC 54165
    CK05E070  2005 03 14.92    0.0052    1.0000     63.07    331.02    139.37               9.0  4.0  C/2005 E7 (SOHO)                                         MPC 54165
    CK05E080  2005 03 15.82    0.0048    1.0000     81.33      0.86    144.30               9.0  4.0  C/2005 E8 (SOHO)                                         MPC 54165
    CK05E090  2005 03 15.28    0.0050    1.0000     89.31    358.70    143.53               9.0  4.0  C/2005 E9 (SOHO)                                         MPC 54165
    CK05EH3L  2007 02 28.9418  3.874349  0.999884  261.3239  344.6221  130.5004  20230225  11.5  2.0  C/2005 EL173 (LONEOS)                                    MPC 61702
    CK05F010  2005 03 18.16    0.0055    1.0000     76.58    359.66    144.16               9.0  4.0  C/2005 F1 (SOHO)                                         MPC 54165
    CK05F020  2005 03 19.31    0.0067    1.0000     73.01    359.46    144.20               9.0  4.0  C/2005 F2 (SOHO)                                         MPC 54165
    CK05F030  2005 03 28.34    0.0049    1.0000     76.99    350.21    143.96               9.0  4.0  C/2005 F3 (SOHO)                                         MPC 54165
    CK05F040  2005 03 29.13    0.0068    1.0000     76.21      1.21    144.14               9.0  4.0  C/2005 F4 (SOHO)                                         MPC 54165
    CK05F050  2005 03 28.99    0.0051    1.0000     79.67      0.74    144.09               9.0  4.0  C/2005 F5 (SOHO)                                         MPC 54165
    CK05G010  2006 03  5.8394  4.916010  1.000282  113.5649  299.6309  108.4130  20230225   8.0  4.0  C/2005 G1 (LINEAR)                                       MPC 61702
    CK05G020  2005 04 14.25    0.0492    1.0000     23.53     80.69     26.84               9.0  4.0  C/2005 G2 (SOHO)                                         MPC 54165
    CK05G030  2005 04  4.75    0.0091    1.0000     57.03    334.27    136.42               9.0  4.0  C/2005 G3 (SOHO)                                         MPC 54165
    CK05G040  2005 04  8.53    0.0051    1.0000     79.88    350.04    144.19               9.0  4.0  C/2005 G4 (SOHO)                                         MPC 54166
    CK05G050  2005 04 10.28    0.0051    1.0000     81.54      3.14    143.61               9.0  4.0  C/2005 G5 (SOHO)                                         MPC 54166
    CK05G060  2005 04 12.05    0.0048    1.0000     78.85      0.57    144.05               9.0  4.0  C/2005 G6 (SOHO)                                         MPC 54166
    CK05G070  2005 04 14.53    0.0049    1.0000     80.23      2.54    143.44               9.0  4.0  C/2005 G7 (SOHO)                                         MPC 54364
    CK05H010  2004 10 13.7286  4.819275  0.891330   95.5074   71.5498   81.7120  20230225   8.0  4.0  C/2005 H1 (LINEAR)                                       MPC 54558
    CK05H020  2005 04 17.81    0.0362    1.0000     58.78     72.43     78.83               9.0  4.0  C/2005 H2 (SOHO)                                         MPC 54364
    CK05H030  2005 04 22.69    0.0049    1.0000     80.54      2.45    143.82               9.0  4.0  C/2005 H3 (SOHO)                                         MPC 54364
    CK05H040  2005 04 22.31    0.0051    1.0000     80.90      2.71    143.18               9.0  4.0  C/2005 H4 (SOHO)                                         MPC 54364
    CK05H050  2005 04 25.22    0.0052    1.0000     85.94      8.18    144.13               9.0  4.0  C/2005 H5 (SOHO)                                         MPC 54364
    CK05H060  2005 04 25.37    0.0049    1.0000     46.95    309.11    138.19               9.0  4.0  C/2005 H6 (SOHO)                                         MPC 54364
    CK05H070  2005 04 25.59    0.0127    1.0000    125.91    354.66     73.07               9.0  4.0  C/2005 H7 (SOHO)                                         MPC 54364
    CK05H080  2005 04 26.64    0.0051    1.0000     84.31      0.59    145.75               9.0  4.0  C/2005 H8 (SOHO)                                         MPC 54365
    CK05H090  2005 04 29.02    0.0352    1.0000     57.77     73.96     73.54               9.0  4.0  C/2005 H9 (SOHO)                                         MPC 54365
    CK05J020  2005 04 10.6347  4.256436  0.998430  199.7626   33.5065  150.6634  20230225   9.0  4.0  C/2005 J2 (Catalina)                                     MPC 55978
    CK05J030  2005 05  3.27    0.0051    1.0000     79.60      0.41    144.25               9.0  4.0  C/2005 J3 (SOHO)                                         MPC 54365
    CK05J040  2005 05  6.17    0.0051    1.0000     80.85    356.52    146.70               9.0  4.0  C/2005 J4 (SOHO)                                         MPC 54365
    CK05J050  2005 05  9.41    0.0050    1.0000     88.84     12.30    144.14               9.0  4.0  C/2005 J5 (SOHO)                                         MPC 54365
    CK05J060  2005 05 10.99    0.0055    1.0000     84.45      9.26    142.26               9.0  4.0  C/2005 J6 (SOHO)                                         MPC 54365
    CK05J070  2005 05 12.10    0.0049    1.0000     82.77      4.84    143.58               9.0  4.0  C/2005 J7 (SOHO)                                         MPC 54365
    CK05J080  2005 05 13.12    0.0051    1.0000     83.71      4.37    144.05               9.0  4.0  C/2005 J8 (SOHO)                                         MPC 54365
    CK05J090  2005 05 14.51    0.0051    1.0000     94.61     17.07    143.60               9.0  4.0  C/2005 J9 (SOHO)                                         MPC 54365
    CK05J100  2005 05 14.94    0.0051    1.0000     84.60      9.56    143.02               9.0  4.0  C/2005 J10 (SOHO)                                        MPC 54366
    CK05J110  2005 05 15.61    0.0051    1.0000     84.09      7.81    142.69               9.0  4.0  C/2005 J11 (SOHO)                                        MPC 54558
    CK05J120  2005 05 16.32    0.0051    1.0000     84.72      7.95    142.89               9.0  4.0  C/2005 J12 (SOHO)                                        MPC 54558
    CK05K010  2005 11 21.2186  3.692878  1.003274  134.9437  106.3050   77.7477  20051106   7.0  4.0  C/2005 K1 (Skiff)                                        MPEC 2020-L06
    CK05K02a  2005 07  5.3934  0.544604  1.000000  216.5764   45.7129  102.0443             9.0  4.0  C/2005 K2-A (LINEAR)                                     MPC 54558
    CK05K040  2005 05 16.37    0.0373    1.0000     56.47     74.48     73.25               9.0  4.0  C/2005 K4 (SOHO)                                         MPC 54559
    CK05K050  2005 05 19.08    0.0051    1.0000     85.10      9.16    142.25               9.0  4.0  C/2005 K5 (SOHO)                                         MPC 54559
    CK05K060  2005 05 20.54    0.0051    1.0000     81.10      2.00    143.85               9.0  4.0  C/2005 K6 (SOHO)                                         MPC 54559
    CK05K070  2005 05 20.94    0.0050    1.0000     93.28     17.59    142.00               9.0  4.0  C/2005 K7 (SOHO)                                         MPC 54559
    CK05K080  2005 05 20.92    0.0051    1.0000     84.12      6.51    144.36               9.0  4.0  C/2005 K8 (SOHO)                                         MPC 54559
    CK05K090  2005 05 28.21    0.0354    1.0000     56.89     74.47     73.06               9.0  4.0  C/2005 K9 (SOHO)                                         MPC 54559
    CK05K100  2005 05 30.88    0.0049    1.0000     91.60     15.81    140.99               9.0  4.0  C/2005 K10 (SOHO)                                        MPC 54559
    PK05L010  2021 11  6.8179  3.143553  0.214147  149.8441  138.7857    7.7142  20230225   9.5  4.0  P/2005 L1 (McNaught)                                     MPC 74246
    CK05L020  2005 07 19.7074  3.177731  1.000083  294.3517  156.1558  152.8196  20230225  11.5  4.0  C/2005 L2 (McNaught)                                     MPC 55978
    CK05L030  2008 01 18.3766  5.610579  1.000073   47.2173  288.7657  139.4740  20230225   4.0  4.0  C/2005 L3 (McNaught)                                     MPC 87062
    CK05L050  2005 06  1.96    0.0050    1.0000     93.94     18.49    142.27               9.0  4.0  C/2005 L5 (SOHO)                                         MPC 54560
    CK05L060  2005 06  6.15    0.0049    1.0000     53.94    330.17    146.03               9.0  4.0  C/2005 L6 (SOHO)                                         MPC 54560
    CK05L070  2005 06  7.36    0.0046    1.0000     78.82    358.74    144.13               9.0  4.0  C/2005 L7 (SOHO)                                         MPC 54560
    CK05L080  2005 06  6.52    0.0052    1.0000    100.11     29.42    135.79               9.0  4.0  C/2005 L8 (SOHO)                                         MPC 54560
    CK05L090  2005 06  7.41    0.0043    1.0000     82.43      3.08    143.74               9.0  4.0  C/2005 L9 (SOHO)                                         MPC 54560
    CK05L100  2005 06 10.02    0.0073    1.0000    107.42     40.68    128.30               9.0  4.0  C/2005 L10 (SOHO)                                        MPC 54560
    CK05L110  2005 06 10.57    0.0048    1.0000     83.24      3.97    143.83               9.0  4.0  C/2005 L11 (SOHO)                                        MPC 54560
    CK05L120  2005 06 12.69    0.0042    1.0000     75.87    354.57    144.65               9.0  4.0  C/2005 L12 (SOHO)                                        MPC 54560
    CK05L130  2005 06 12.49    0.0073    1.0000     59.31    334.50    138.48               9.0  4.0  C/2005 L13 (SOHO)                                        MPC 54560
    CK05L140  2005 06 13.04    0.0053    1.0000     86.31      7.70    143.71               9.0  4.0  C/2005 L14 (SOHO)                                        MPC 54699
    CK05L150  2005 06 17.06    0.0048    1.0000     57.64    334.00    142.96               9.0  4.0  C/2005 L15 (SOHO)                                        MPC 54699
    CK05M020  2005 06 17.03    0.0048    1.0000     81.36      1.26    144.19               9.0  4.0  C/2005 M2 (SOHO)                                         MPC 54699
    CK05M030  2005 06 19.79    0.0355    1.0000    247.50    140.98     88.99               9.0  4.0  C/2005 M3 (SOHO)                                         MPC 54699
    CK05M040  2005 06 21.21    0.0048    1.0000     83.86      4.47    143.26               9.0  4.0  C/2005 M4 (SOHO)                                         MPC 54699
    CK05M050  2005 06 21.40    0.0048    1.0000     63.18    341.52    144.93               9.0  4.0  C/2005 M5 (SOHO)                                         MPC 54699
    CK05M060  2005 06 25.17    0.0049    1.0000     62.25    341.90    145.41               9.0  4.0  C/2005 M6 (SOHO)                                         MPC 54699
    CK05M070  2005 06 26.38    0.0048    1.0000     68.36    347.55    144.81               9.0  4.0  C/2005 M7 (SOHO)                                         MPC 54699
    CK05M080  2005 06 28.17    0.0065    1.0000     55.76    337.42    146.71               9.0  4.0  C/2005 M8 (SOHO)                                         MPC 54699
    CK05M090  2005 06 28.48    0.0048    1.0000     67.16    345.73    144.64               9.0  4.0  C/2005 M9 (SOHO)                                         MPC 54699
    CK05M100  2005 06 29.79    0.0051    1.0000     66.05    346.00    145.00               9.0  4.0  C/2005 M10 (SOHO)                                        MPC 54700
    CK05N010  2005 08 19.9299  1.110095  0.997914   79.4581    3.8064   51.5508  20230225  11.5  4.0  C/2005 N1 (Juels-Holvorcem)                              MPC 54823
    CK05N040  2005 06 28.6472  2.335543  0.959436  136.8672   64.3874  116.6690  20230225  14.0  4.0  C/2005 N4 (Catalina)                                     MPC 54824
    CK05N050  2005 08 31.3334  1.611854  0.944235  207.6488  156.5142   21.5557  20230225  14.0  4.0  C/2005 N5 (Catalina)                                     MPC 54824
    CK05N060  2005 07  6.67    0.0051    1.0000     63.86    344.03    145.55               9.0  4.0  C/2005 N6 (SOHO)                                         MPC 54700
    CK05N070  2005 07 13.07    0.0048    1.0000     85.72      6.93    144.42               9.0  4.0  C/2005 N7 (SOHO)                                         MPC 54700
    CK05N080  2005 07 13.32    0.0049    1.0000     98.51     15.58    133.68               9.0  4.0  C/2005 N8 (SOHO)                                         MPC 54700
    CK05N090  2005 07 14.43    0.0049    1.0000     73.64    353.94    144.46               9.0  4.0  C/2005 N9 (SOHO)                                         MPC 54700
    CK05N100  2005 07 14.08    0.0058    1.0000     69.58    344.17    138.69               9.0  4.0  C/2005 N10 (SOHO)                                        MPC 54700
    CK05O010  2005 05  6.9767  3.652056  0.926444  325.1659  304.9843  156.0562  20230225  13.5  2.0  C/2005 O1 (NEAT)                                         MPC 54985
    CK05O020  2005 08 25.2189  3.376686  0.854576  264.0686  280.8599  148.9524  20230225   9.5  4.0  C/2005 O2 (Christensen)                                  MPC 59041
    CK05O030  2005 07 23.59    0.0050    1.0000     80.61      0.93    144.10               9.0  4.0  C/2005 O3 (SOHO)                                         MPC 54700
    CK05O040  2005 07 25.00    0.0051    1.0000     83.46      4.88    144.82               9.0  4.0  C/2005 O4 (SOHO)                                         MPC 54701
    CK05O050  2005 07 26.28    0.0361    1.0000     60.68     67.93     74.41               9.0  4.0  C/2005 O5 (SOHO)                                         MPC 54701
    CK05O060  2005 07 27.31    0.0048    1.0000     75.93    356.56    144.34               9.0  4.0  C/2005 O6 (SOHO)                                         MPC 54701
    CK05P010  2005 08  6.52    0.0049    1.0000     85.08      6.32    144.54               9.0  4.0  C/2005 P1 (SOHO)                                         MPC 54701
    CK05P020  2005 08  6.11    0.0048    1.0000     79.28    357.47    144.43               9.0  4.0  C/2005 P2 (SOHO)                                         MPC 54701
    CK05P030  2005 08 13.8285  0.524447  0.987837   32.0277  242.6276   89.0533  20230225  15.0  4.0  C/2005 P3 (SWAN)                                         MPC 54986
    CK05P040  2005 08 12.04    0.0048    1.0000     81.35      1.47    143.97               9.0  4.0  C/2005 P4 (SOHO)                                         MPC 54986
    CK05P050  2005 08 13.37    0.0049    1.0000     97.26     16.35    141.82               9.0  4.0  C/2005 P5 (SOHO)                                         MPC 54986
    CK05P060  2005 08 14.73    0.0050    1.0000     77.62    359.19    143.88               9.0  4.0  C/2005 P6 (SOHO)                                         MPC 54986
    CK05Q010  2005 08 15.5783  6.407145  0.999657   44.5899   87.7034  105.2673  20230225   6.0  4.0  C/2005 Q1 (LINEAR)                                       MPC 61702
    CK05Q020  2005 08 23.20    0.0377    1.0000     58.53     76.48     74.51               9.0  4.0  C/2005 Q2 (SOHO)                                         MPC 54824
    CK05Q030  2005 08 30.33    0.0253    1.0000     93.72     70.89     43.52               9.0  4.0  C/2005 Q3 (SOHO)                                         MPC 54824
    CK05Q050  2005 08 18.68    0.0048    1.0000     85.52      7.08    144.55               9.0  4.0  C/2005 Q5 (SOHO)                                         MPC 54986
    CK05Q060  2005 08 19.23    0.0387    1.0000    299.54    156.59     50.40               9.0  4.0  C/2005 Q6 (SOHO)                                         MPC 54986
    CK05Q070  2005 08 25.63    0.0048    1.0000     81.40      1.38    143.97               9.0  4.0  C/2005 Q7 (SOHO)                                         MPC 55522
    CK05Q080  2005 08 25.37    0.0377    1.0000     58.37     77.20     72.42               9.0  4.0  C/2005 Q8 (SOHO)                                         MPC 55522
    CK05Q090  2005 08 30.81    0.0051    1.0000     84.05      5.66    144.71               9.0  4.0  C/2005 Q9 (SOHO)                                         MPC 55522
    CK05Q100  2005 08 31.21    0.0048    1.0000     79.15      1.18    144.21               9.0  4.0  C/2005 Q10 (SOHO)                                        MPC 55522
    CK05R040  2006 02 27.7380  5.184618  0.993440    6.6892   63.7041  164.0375  20230225   7.0  4.0  C/2005 R4 (LINEAR)                                       MPC 57793
    CK05R050  2005 09  6.48    0.0051    1.0000     80.85    357.96    143.62               9.0  4.0  C/2005 R5 (SOHO)                                         MPC 55522
    CK05R060  2005 09  6.93    0.0053    1.0000     90.06      3.29    142.24               9.0  4.0  C/2005 R6 (SOHO)                                         MPC 55522
    CK05R070  2005 09 16.57    0.0049    1.0000     78.09    359.63    144.12               9.0  4.0  C/2005 R7 (SOHO)                                         MPC 55522
    CK05S010  2005 09 29.28    0.0048    1.0000     78.66      2.01    144.20               9.0  4.0  C/2005 S1 (SOHO)                                         MPC 54986
    PK05S020  2029 01 17.6828  6.411924  0.198723  229.3804  161.3724    3.1364  20230225   7.5  4.0  P/2005 S2 (Skiff)                                        MPC 75706
    CK05S040  2007 07 19.5990  5.886283  0.999405   31.6482  318.3242  108.1126  20230225   5.0  4.0  C/2005 S4 (McNaught)                                     MPC 87475
    CK05S050  2005 09 19.42    0.0048    1.0000     53.53    311.81    132.02               9.0  4.0  C/2005 S5 (SOHO)                                         MPC 55522
    CK05S060  2005 09 21.28    0.0048    1.0000     76.86      0.03    144.11               9.0  4.0  C/2005 S6 (SOHO)                                         MPC 55523
    CK05S070  2005 09 23.97    0.0048    1.0000     83.26      8.13    144.11               9.0  4.0  C/2005 S7 (SOHO)                                         MPC 55523
    CK05S080  2005 09 24.43    0.0049    1.0000     85.79      7.89    144.22               9.0  4.0  C/2005 S8 (SOHO)                                         MPC 55523
    CK05S090  2005 09 25.25    0.0098    1.0000     72.10      4.21    144.67               9.0  4.0  C/2005 S9 (SOHO)                                         MPC 55523
    CK05S100  2005 09 25.56    0.0052    1.0000     76.62    359.92    144.09               9.0  4.0  C/2005 S10 (SOHO)                                        MPC 55523
    CK05S110  2005 09 25.97    0.0089    1.0000     71.61      6.64    145.39               9.0  4.0  C/2005 S11 (SOHO)                                        MPC 55523
    CK05S120  2005 09 26.89    0.0069    1.0000     82.88      5.09    145.12               9.0  4.0  C/2005 S12 (SOHO)                                        MPC 55717
    CK05S130  2005 09 30.65    0.0073    1.0000     83.77      6.31    144.65               9.0  4.0  C/2005 S13 (SOHO)                                        MPC 55717
    PK05T030  2026 08 14.4400  6.256842  0.175496    6.6581   27.7010    6.2248  20230225   9.0  4.0  P/2005 T3 (Read)                                         MPC 73461
    PK05T040  2034 05 29.0234  0.657819  0.929710   41.8551   25.9467  160.2868  20230225  15.0  4.0  P/2005 T4 (SWAN)                                         MPC 73461
    CK05T060  2005 10  2.55    0.0061    1.0000     76.89      3.27    143.98               9.0  4.0  C/2005 T6 (SOHO)                                         MPC 55717
    CK05T070  2005 10  5.10    0.0048    1.0000     76.75    358.09    144.41               9.0  4.0  C/2005 T7 (SOHO)                                         MPC 55717
    CK05T080  2005 10  7.21    0.0052    1.0000     80.40      3.30    145.25               9.0  4.0  C/2005 T8 (SOHO)                                         MPC 55717
    CK05T090  2005 10  8.28    0.0368    1.0000     56.03     75.23     72.51               9.0  4.0  C/2005 T9 (SOHO)                                         MPC 55717
    CK05T100  2005 10 15.08    0.0051    1.0000     84.94      3.30    145.16               9.0  4.0  C/2005 T10 (SOHO)                                        MPC 55717
    CK05T110  2005 10 16.34    0.0072    1.0000     60.78    335.94    138.74               9.0  4.0  C/2005 T11 (SOHO)                                        MPC 55717
    CK05U020  2005 10 18.70    0.0055    1.0000     76.49      0.68    143.98               9.0  4.0  C/2005 U2 (SOHO)                                         MPC 55718
    CK05U030  2005 10 19.46    0.0052    1.0000     84.51      6.83    144.45               9.0  4.0  C/2005 U3 (SOHO)                                         MPC 55718
    CK05U040  2005 10 19.79    0.0051    1.0000     77.91    359.13    144.83               9.0  4.0  C/2005 U4 (SOHO)                                         MPC 55718
    CK05U050  2005 10 22.19    0.0049    1.0000     49.13    319.04    131.09               9.0  4.0  C/2005 U5 (SOHO)                                         MPC 55718
    CK05U060  2005 10 24.12    0.0056    1.0000     80.07      4.01    143.53               9.0  4.0  C/2005 U6 (SOHO)                                         MPC 55718
    CK05U070  2005 10 24.87    0.0051    1.0000     89.42     10.08    145.51               9.0  4.0  C/2005 U7 (SOHO)                                         MPC 55978
    CK05U080  2005 10 30.40    0.0053    1.0000     66.59    344.14    149.10               9.0  4.0  C/2005 U8 (SOHO)                                         MPC 55978
    CK05V020  2005 11  2.99    0.0051    1.0000     79.26    354.90    146.79               9.0  4.0  C/2005 V2 (SOHO)                                         MPC 55978
    CK05V030  2005 11  4.30    0.0049    1.0000     81.42      4.00    145.24               9.0  4.0  C/2005 V3 (SOHO)                                         MPC 55978
    CK05V040  2005 11  5.33    0.0049    1.0000     81.01      3.19    143.53               9.0  4.0  C/2005 V4 (SOHO)                                         MPC 55979
    CK05V050  2005 11  8.15    0.0051    1.0000     79.52    354.74    146.95               9.0  4.0  C/2005 V5 (SOHO)                                         MPC 55979
    CK05V060  2005 11  9.55    0.0052    1.0000     80.43      1.28    143.96               9.0  4.0  C/2005 V6 (SOHO)                                         MPC 55979
    CK05V070  2005 11  9.67    0.0050    1.0000     85.92      7.85    144.16               9.0  4.0  C/2005 V7 (SOHO)                                         MPC 55979
    CK05V080  2005 11  9.91    0.0266    1.0000    102.64    341.92     75.64               9.0  4.0  C/2005 V8 (SOHO)                                         MPC 55979
    CK05V090  2005 11 14.86    0.0073    1.0000     61.35    337.13    138.75               9.0  4.0  C/2005 V9 (SOHO)                                         MPC 55979
    CK05W010  2005 11 17.27    0.0483    1.0000     23.44     80.27     24.90               9.0  4.0  C/2005 W1 (SOHO)                                         MPC 55718
    CK05W020  2006 03 22.1403  3.300674  0.823645  111.1794  336.7202   11.2620  20230225   9.5  4.0  C/2005 W2 (Christensen)                                  MPC 55979
    PK05W040  2021 10 18.1916  0.052325  0.982791   73.6650   27.8719   11.7427  20211102   9.0  4.0  P/2005 W4 (SOHO)                                         unp
    CK05W050  2005 11 29.91    0.0494    1.0000     22.26     81.77     26.91               9.0  4.0  C/2005 W5 (SOHO)                                         MPC 55718
    CK05W060  2005 11 19.09    0.0078    1.0000     45.72    315.75    130.87               9.0  4.0  C/2005 W6 (SOHO)                                         MPC 55979
    CK05W070  2005 11 20.66    0.0052    1.0000     82.14      3.21    143.78               9.0  4.0  C/2005 W7 (SOHO)                                         MPC 55979
    CK05W080  2005 11 20.64    0.0049    1.0000     84.44      7.07    143.26               9.0  4.0  C/2005 W8 (SOHO)                                         MPC 55979
    CK05W090  2005 11 19.66    0.0370    1.0000     60.46     73.13     72.63               9.0  4.0  C/2005 W9 (SOHO)                                         MPC 55979
    CK05W100  2005 11 20.20    0.0050    1.0000     84.65      5.51    145.65               9.0  4.0  C/2005 W10 (SOHO)                                        MPC 55980
    CK05W110  2005 11 20.17    0.0396    1.0000     62.84     72.71     76.08               9.0  4.0  C/2005 W11 (SOHO)                                        MPC 55980
    CK05W120  2005 11 20.70    0.0051    1.0000     82.93      6.21    143.34               9.0  4.0  C/2005 W12 (SOHO)                                        MPC 55980
    CK05W130  2005 11 22.50    0.0049    1.0000     88.26     11.12    144.16               9.0  4.0  C/2005 W13 (SOHO)                                        MPC 55980
    CK05W140  2005 11 24.19    0.0049    1.0000     83.41      6.22    143.15               9.0  4.0  C/2005 W14 (SOHO)                                        MPC 55980
    CK05W150  2005 11 25.67    0.0066    1.0000     58.81    334.45    134.01               9.0  4.0  C/2005 W15 (SOHO)                                        MPC 55980
    CK05W160  2005 11 29.17    0.0044    1.0000     84.98      7.20    143.71               9.0  4.0  C/2005 W16 (SOHO)                                        MPC 55980
    CK05W170  2005 11 30.11    0.0050    1.0000     94.37     19.02    141.91               9.0  4.0  C/2005 W17 (SOHO)                                        MPC 55980
    CK05X010  2005 07 11.1866  2.818600  0.995125  117.3581  302.9347   91.9545  20230225  10.5  4.0  C/2005 X1 (Beshore)                                      MPC 56954
    CK05X020  2005 12  3.85    0.0051    1.0000     92.24     14.98    143.32               9.0  4.0  C/2005 X2 (SOHO)                                         MPC 55980
    CK05X030  2005 12  5.00    0.0050    1.0000     91.98     14.92    142.42               9.0  4.0  C/2005 X3 (SOHO)                                         MPC 55980
    CK05X040  2005 12  6.97    0.0051    1.0000    100.07     27.46    136.44               9.0  4.0  C/2005 X4 (SOHO)                                         MPC 55980
    CK05X050  2005 12  9.42    0.0044    1.0000     79.56    359.85    144.07               9.0  4.0  C/2005 X5 (SOHO)                                         MPC 55980
    CK05X060  2005 12  8.73    0.0050    1.0000     51.08    326.76    144.32               9.0  4.0  C/2005 X6 (SOHO)                                         MPC 55980
    CK05X070  2005 12  9.56    0.0072    1.0000     92.18     16.19    141.12               9.0  4.0  C/2005 X7 (SOHO)                                         MPC 55981
    CK05X080  2005 12 12.32    0.0049    1.0000     90.68     13.45    141.71               9.0  4.0  C/2005 X8 (SOHO)                                         MPC 55981
    CK05X090  2005 12 13.27    0.0049    1.0000     66.07    344.26    144.99               9.0  4.0  C/2005 X9 (SOHO)                                         MPC 55981
    CK05Y00W  2006 11 24.9977  2.018005  0.986151  235.0784  301.7915   40.7002  20230225  10.0  4.0  C/2005 YW (LINEAR)                                       MPC 57947
    CK05Y010  2005 12 19.17    0.0983    1.0000     64.63    252.00    173.01               9.0  4.0  C/2005 Y1 (SOHO)                                         MPC 55981
    CK05Y030  2005 12 20.73    0.0048    1.0000     79.55      0.61    145.83               9.0  4.0  C/2005 Y3 (SOHO)                                         MPC 55981
    CK05Y040  2005 12 21.33    0.0050    1.0000     83.48      5.31    145.19               9.0  4.0  C/2005 Y4 (SOHO)                                         MPC 55981
    CK05Y050  2005 12 22.72    0.0049    1.0000     69.13    349.40    145.60               9.0  4.0  C/2005 Y5 (SOHO)                                         MPC 55981
    CK05Y060  2005 12 22.77    0.0070    1.0000     42.08    322.90    142.57               9.0  4.0  C/2005 Y6 (SOHO)                                         MPC 55981
    CK05Y070  2005 12 25.40    0.0080    1.0000     54.80    330.50    138.58               9.0  4.0  C/2005 Y7 (SOHO)                                         MPC 55981
    CK05Y080  2005 12 25.13    0.0338    1.0000     57.20     74.29     73.75               9.0  4.0  C/2005 Y8 (SOHO)                                         MPC 55981
    CK05Y090  2005 12 27.75    0.0043    1.0000     78.82    358.88    144.25               9.0  4.0  C/2005 Y9 (SOHO)                                         MPC 55981
    CK05Y100  2005 12 27.57    0.0051    1.0000     64.57    344.36    146.58               9.0  4.0  C/2005 Y10 (SOHO)                                        MPC 55982
    CK06A010  2006 02 20.6878  0.559968  0.999656  351.2579  211.7570   91.9614  20230225   9.0  3.2  C/2006 A1 (Pojmanski)                                    MPC 82312
    CK06A020  2005 05 17.2733  5.271642  0.995523  140.5241  232.9910  148.2828  20230225   9.5  3.2  C/2006 A2 (Catalina)                                     MPC 82312
    CK06A040  2006 01  3.60    0.0053    1.0000     80.83      2.44    145.00               9.0  4.0  C/2006 A4 (SOHO)                                         MPC 56609
    CK06A050  2006 01  5.66    0.0043    1.0000     80.27      0.54    144.04               9.0  4.0  C/2006 A5 (SOHO)                                         MPC 56609
    CK06A060  2006 01 10.88    0.0056    1.0000     97.29     18.64    141.39               9.0  4.0  C/2006 A6 (SOHO)                                         MPC 56609
    CK06A070  2006 01 13.19    0.0049    1.0000     77.01    357.27    144.60               9.0  4.0  C/2006 A7 (SOHO)                                         MPC 56609
    CK06A080  2006 01 10.62    0.0048    1.0000     92.06     16.06    142.09               9.0  4.0  C/2006 A8 (SOHO)                                         MPC 60097
    CK06B010  2005 11 23.6566  2.979094  0.997678  302.5355  161.5424  134.3490  20230225  12.0  3.2  C/2006 B1 (McNaught)                                     MPC 82312
    CK06B020  2006 01 20.93    0.0051    1.0000     82.01      4.41    145.51               9.0  4.0  C/2006 B2 (SOHO)                                         MPC 56609
    CK06B030  2006 01 22.98    0.0052    1.0000     77.76    358.51    144.43               9.0  4.0  C/2006 B3 (SOHO)                                         MPC 56609
    CK06B040  2006 01 26.59    0.0345    1.0000     56.72     73.89     73.15               9.0  4.0  C/2006 B4 (SOHO)                                         MPC 56609
    CK06B050  2006 01 27.42    0.0050    1.0000     87.38      6.38    142.24               9.0  4.0  C/2006 B5 (SOHO)                                         MPC 56795
    CK06B060  2006 01 31.01    0.0061    1.0000     73.42    354.83    144.50               9.0  4.0  C/2006 B6 (SOHO)                                         MPC 56795
    CK06C010  2006 02  8.84    0.0049    1.0000     84.47      5.53    144.51               9.0  4.0  C/2006 C1 (SOHO)                                         MPC 56795
    CK06C020  2006 02 10.73    0.0061    1.0000     71.13    353.05    144.21               9.0  4.0  C/2006 C2 (SOHO)                                         MPC 56795
    CK06C030  2006 02 11.51    0.0052    1.0000     75.70    355.47    143.92               9.0  4.0  C/2006 C3 (SOHO)                                         MPC 56796
    CK06C10K  2006 06 29.7758  1.729132  0.990631  142.9973  243.4805  144.2736  20230225  14.5  2.0  C/2006 CK10 (Catalina)                                   MPC 82312
    CK06D020  2006 02 17.34    0.0050    1.0000     62.02    337.16    139.04               9.0  4.0  C/2006 D2 (SOHO)                                         MPC 56796
    CK06D030  2006 02 20.32    0.0050    1.0000     92.64      3.54    138.84               9.0  4.0  C/2006 D3 (SOHO)                                         MPC 56796
    CK06D040  2006 02 21.69    0.0052    1.0000     79.77      0.22    143.98               9.0  4.0  C/2006 D4 (SOHO)                                         MPC 56796
    CK06D050  2006 02 27.14    0.0049    1.0000     75.42    357.95    144.47               9.0  4.0  C/2006 D5 (SOHO)                                         MPC 56954
    CK06D060  2006 03  1.77    0.0054    1.0000     74.27    357.28    144.32               9.0  4.0  C/2006 D6 (SOHO)                                         MPC 56954
    CK06E010  2007 01 11.7251  6.047972  1.002093  232.8410   95.0957   83.1622  20230225   6.0  4.0  C/2006 E1 (McNaught)                                     MPC 65935
    CK06E020  2006 03 15.42    0.0482    1.0000     21.86     80.94     24.50               9.0  4.0  C/2006 E2 (SOHO)                                         MPC 56610
    CK06E030  2006 03 13.84    0.0070    1.0000     71.15    357.72    144.19               9.0  4.0  C/2006 E3 (SOHO)                                         MPC 56954
    CK06E040  2006 03 15.38    0.0051    1.0000     98.27     18.49    136.56               9.0  4.0  C/2006 E4 (SOHO)                                         MPC 56954
    CK06F020  2006 03  9.2875  4.348439  0.650286  181.9031    7.6494   20.3380  20230225  10.5  4.0  C/2006 F2 (Christensen)                                  MPC 56954
    CK06F030  2006 03 25.53    0.0510    1.0000     19.10     85.31     23.02               9.0  4.0  C/2006 F3 (SOHO)                                         MPC 56610
    CK06F050  2006 03 21.96    0.0050    1.0000     82.38      4.20    144.57               9.0  4.0  C/2006 F5 (SOHO)                                         MPC 56954
    CK06F060  2006 03 23.04    0.0333    1.0000     56.09     75.03     74.13               9.0  4.0  C/2006 F6 (SOHO)                                         MPC 56955
    CK06F070  2006 03 28.64    0.0050    1.0000     84.83      3.42    145.72               9.0  4.0  C/2006 F7 (SOHO)                                         MPC 56955
    CK06F080  2006 03 31.10    0.0052    1.0000     84.02      5.67    144.58               9.0  4.0  C/2006 F8 (SOHO)                                         MPC 56955
    CK06G020  2006 04 11.64    0.0051    1.0000     77.54    353.13    148.07               9.0  4.0  C/2006 G2 (SOHO)                                         MPC 56955
    CK06G02Z  2006 08 21.845   3.30295   1.00000   191.456   355.319   168.683             12.0  4.0  C/2006 GZ2 (Spacewatch)                                  MPC 56796
    CK06G030  2006 04 14.89    0.0049    1.0000     79.07    359.35    144.38               9.0  4.0  C/2006 G3 (SOHO)                                         MPC 56955
    CK06H020  2006 04 17.87    0.0051    1.0000     82.61      0.00    145.50               9.0  4.0  C/2006 H2 (SOHO)                                         MPC 56955
    CK06H030  2006 04 19.71    0.0050    1.0000     78.80      2.74    143.75               9.0  4.0  C/2006 H3 (SOHO)                                         MPC 56955
    CK06H040  2006 04 22.56    0.0048    1.0000     79.49      0.70    143.82               9.0  4.0  C/2006 H4 (SOHO)                                         MPC 56955
    CK06H050  2006 04 24.66    0.0052    1.0000     80.13      3.47    143.01               9.0  4.0  C/2006 H5 (SOHO)                                         MPC 56955
    CK06H060  2006 04 28.96    0.0049    1.0000     81.38      4.09    143.95               9.0  4.0  C/2006 H6 (SOHO)                                         MPC 56955
    PK06H30R  2028 10  9.0733  1.223662  0.843272  117.3243  309.8957   31.8776  20230225  11.0  4.0  P/2006 HR30 (Siding Spring)                              MPC 75707
    CK06H51W  2006 09 22.4578  2.294343  1.000266  359.9598  228.2611   45.6491  20230225  11.0  4.0  C/2006 HW51 (Siding Spring)                              MPC 82312
    CK06J010  2006 05  3.61    0.0070    1.0000     71.81    348.56    143.58               9.0  4.0  C/2006 J1 (SOHO)                                         MPC 56956
    CK06J020  2006 05  4.79    0.0051    1.0000     79.86      1.27    143.55               9.0  4.0  C/2006 J2 (SOHO)                                         MPC 56956
    CK06J030  2006 05  4.89    0.0049    1.0000     84.54      5.68    144.61               9.0  4.0  C/2006 J3 (SOHO)                                         MPC 56956
    CK06J040  2006 05  9.40    0.0050    1.0000     84.69      5.85    144.47               9.0  4.0  C/2006 J4 (SOHO)                                         MPC 56956
    CK06J050  2006 05  8.16    0.0387    1.0000     59.44     71.46     72.12               9.0  4.0  C/2006 J5 (SOHO)                                         MPC 56956
    CK06J060  2006 05  9.25    0.0051    1.0000     81.44      2.91    143.90               9.0  4.0  C/2006 J6 (SOHO)                                         MPC 56956
    CK06J070  2006 05 10.54    0.0050    1.0000     82.58      5.04    143.39               9.0  4.0  C/2006 J7 (SOHO)                                         MPC 56956
    CK06J080  2006 05 10.54    0.0050    1.0000     80.86      3.86    143.07               9.0  4.0  C/2006 J8 (SOHO)                                         MPC 56956
    CK06J090  2006 05 10.98    0.0055    1.0000     86.59      9.93    143.37               9.0  4.0  C/2006 J9 (SOHO)                                         MPC 56956
    CK06J100  2006 05 11.65    0.0057    1.0000     79.56    356.70    146.41               9.0  4.0  C/2006 J10 (SOHO)                                        MPC 56956
    CK06J110  2006 05 12.13    0.0049    1.0000     83.51      6.41    142.16               9.0  4.0  C/2006 J11 (SOHO)                                        MPC 56956
    CK06J120  2006 05 16.17    0.0087    1.0000     89.45     15.99    141.01               9.0  4.0  C/2006 J12 (SOHO)                                        MPC 57132
    CK06K010  2007 07 27.8764  4.394827  1.002163  296.3031   72.0843   53.7731  20230225   7.5  4.0  C/2006 K1 (McNaught)                                     MPC 82312
    CK06K030  2007 03 14.6435  2.480158  1.000242  327.8887   49.1286   92.6506  20230225   8.0  4.0  C/2006 K3 (McNaught)                                     MPC 61436
    CK06K040  2007 12  3.3479  3.190279  0.998097  233.5753  116.6859  111.4395  20230225   6.0  4.0  C/2006 K4 (NEAT)                                         MPC 73914
    CK06K050  2006 05 23.00    0.0512    1.0000     98.18    169.23    117.60               9.0  4.0  C/2006 K5 (SOHO)                                         MPC 56957
    CK06K060  2006 05 17.67    0.0067    1.0000     84.24      4.62    144.88               9.0  4.0  C/2006 K6 (SOHO)                                         MPC 57132
    CK06K070  2006 05 18.76    0.0066    1.0000     87.53     14.54    141.16               9.0  4.0  C/2006 K7 (SOHO)                                         MPC 57132
    CK06K080  2006 05 19.34    0.0049    1.0000     90.49     13.50    143.53               9.0  4.0  C/2006 K8 (SOHO)                                         MPC 57132
    CK06K090  2006 05 20.43    0.0083    1.0000     88.13     14.16    141.26               9.0  4.0  C/2006 K9 (SOHO)                                         MPC 57132
    CK06K100  2006 05 20.97    0.0049    1.0000     83.31      4.77    143.55               9.0  4.0  C/2006 K10 (SOHO)                                        MPC 57132
    CK06K110  2006 05 23.60    0.0058    1.0000     84.45      7.62    142.79               9.0  4.0  C/2006 K11 (SOHO)                                        MPC 57132
    CK06K120  2006 05 23.14    0.0054    1.0000     75.62      0.13    143.13               9.0  4.0  C/2006 K12 (SOHO)                                        MPC 57132
    CK06K130  2006 05 24.83    0.0052    1.0000     81.64      5.31    143.29               9.0  4.0  C/2006 K13 (SOHO)                                        MPC 57132
    CK06K140  2006 05 24.84    0.0052    1.0000     81.97      6.05    142.57               9.0  4.0  C/2006 K14 (SOHO)                                        MPC 57133
    CK06K150  2006 05 25.47    0.0064    1.0000     90.56     17.35    140.72               9.0  4.0  C/2006 K15 (SOHO)                                        MPC 57133
    CK06K160  2006 05 26.33    0.0050    1.0000     85.68      9.02    142.46               9.0  4.0  C/2006 K16 (SOHO)                                        MPC 57133
    CK06K170  2006 05 26.39    0.0051    1.0000     91.59     15.29    141.34               9.0  4.0  C/2006 K17 (SOHO)                                        MPC 57133
    CK06K180  2006 05 26.91    0.0071    1.0000     86.78      8.77    143.81               9.0  4.0  C/2006 K18 (SOHO)                                        MPC 57133
    CK06K190  2006 05 29.73    0.0053    1.0000     84.54      6.41    142.77               9.0  4.0  C/2006 K19 (SOHO)                                        MPC 57133
    CK06K200  2006 05 29.84    0.0053    1.0000     86.75     11.50    141.71               9.0  4.0  C/2006 K20 (SOHO)                                        MPC 57133
    CK06K210  2006 05 31.39    0.0049    1.0000     83.94      4.79    144.63               9.0  4.0  C/2006 K21 (SOHO)                                        MPC 57418
    CK06L010  2006 10 15.6669  1.434222  0.996191  338.1218  101.6894  143.1907  20230225  12.0  4.0  C/2006 L1 (Garradd)                                      MPC 82313
    CK06L020  2006 11 23.7559  1.984459  1.000650   47.8862  239.1817  100.6784  20230225   9.0  4.0  C/2006 L2 (McNaught)                                     MPC 60664
    CK06L030  2006 06  2.34    0.0049    1.0000     90.98     15.42    140.31               9.0  4.0  C/2006 L3 (SOHO)                                         MPC 57418
    CK06L040  2006 06  5.01    0.0050    1.0000     66.63    345.24    146.71               9.0  4.0  C/2006 L4 (SOHO)                                         MPC 57418
    CK06L050  2006 06  8.46    0.0062    1.0000     56.57    333.20    143.97               9.0  4.0  C/2006 L5 (SOHO)                                         MPC 57418
    CK06L060  2006 06  9.31    0.0050    1.0000     96.20     22.17    138.43               9.0  4.0  C/2006 L6 (SOHO)                                         MPC 57418
    CK06L070  2006 06 10.78    0.0050    1.0000     87.94     17.51    126.64               9.0  4.0  C/2006 L7 (SOHO)                                         MPC 57418
    CK06L080  2006 06 14.97    0.0049    1.0000     44.99    317.61    140.61               9.0  4.0  C/2006 L8 (SOHO)                                         MPC 57418
    CK06M010  2007 02 20.7244  3.534563  0.977756  122.8870  231.4520   54.7721  20230225   8.5  4.0  C/2006 M1 (LINEAR)                                       MPC 82313
    CK06M020  2005 11 20.440   5.20585   1.00000   115.255    27.083   150.300             10.0  4.0  C/2006 M2 (Spacewatch)                                   MPC 57133
    CK06M040  2006 09 29.4833  0.772809  0.999513   62.2985  148.3773  111.5526  20200531   8.5  4.0  C/2006 M4 (SWAN)                                         MPEC 2020-L06
    CK06M050  2006 06 17.02    0.0049    1.0000    107.15     37.31    130.31               9.0  4.0  C/2006 M5 (SOHO)                                         MPC 57418
    CK06M060  2006 06 19.60    0.0049    1.0000    111.22     41.24    130.40               9.0  4.0  C/2006 M6 (SOHO)                                         MPC 57418
    CK06M070  2006 06 22.87    0.0049    1.0000     76.37    356.10    144.97               9.0  4.0  C/2006 M7 (SOHO)                                         MPC 57418
    CK06M080  2006 06 25.44    0.0079    1.0000     43.46    325.64    145.12               9.0  4.0  C/2006 M8 (SOHO)                                         MPC 57419
    CK06M090  2006 06 27.58    0.0049    1.0000     82.72      3.37    144.81               9.0  4.0  C/2006 M9 (SOHO)                                         MPC 57419
    CK06N010  2006 07 12.40    0.0056    1.0000     65.57    346.60    145.20               9.0  4.0  C/2006 N1 (SOHO)                                         MPC 57419
    CK06N020  2006 07 14.70    0.0073    1.0000     82.70      4.27    144.87               9.0  4.0  C/2006 N2 (SOHO)                                         MPC 57419
    CK06N030  2006 07 15.45    0.0057    1.0000     47.08    318.52    130.11               9.0  4.0  C/2006 N3 (SOHO)                                         MPC 57419
    CK06O020  2006 10 10.1484  1.564614  0.996693   20.0328  283.4744   43.0609  20230225  14.0  4.0  C/2006 O2 (Garradd)                                      MPC 58119
    CK06O02F  2008 09 19.4481  2.405235  1.001550   95.1894  318.8164   30.2063  20230225   5.5  4.0  C/2006 OF2 (Broughton)                                   MPC 82313
    CK06O030  2006 07 17.78    0.0064    1.0000     69.92    353.43    146.75               9.0  4.0  C/2006 O3 (SOHO)                                         MPC 57590
    CK06O040  2006 07 20.88    0.0057    1.0000     69.09    342.68    138.72               9.0  4.0  C/2006 O4 (SOHO)                                         MPC 57590
    CK06O050  2006 07 22.21    0.0079    1.0000     46.01    319.03    132.33               9.0  4.0  C/2006 O5 (SOHO)                                         MPC 57590
    CK06O060  2006 07 24.71    0.0049    1.0000     75.64    356.06    144.20               9.0  4.0  C/2006 O6 (SOHO)                                         MPC 57590
    CK06O070  2006 07 27.35    0.0055    1.0000     76.52    357.01    144.24               9.0  4.0  C/2006 O7 (SOHO)                                         MPC 57590
    CK06O080  2006 07 27.58    0.0052    1.0000     81.87      3.71    145.19               9.0  4.0  C/2006 O8 (SOHO)                                         MPC 57590
    CK06P010  2007 01  7.4292  0.163973  0.999898  155.6615  267.2042   78.0639  20230225   6.0  4.0  C/2006 P1 (McNaught)                                     MPC 82313
    CK06P020  2006 08  2.30    0.0051    1.0000     77.59    358.59    144.30               9.0  4.0  C/2006 P2 (SOHO)                                         MPC 57590
    CK06P030  2006 08  3.16    0.0050    1.0000     76.39    357.50    144.02               9.0  4.0  C/2006 P3 (SOHO)                                         MPC 57590
    CK06P040  2006 08  3.84    0.0050    1.0000     84.22      5.33    144.56               9.0  4.0  C/2006 P4 (SOHO)                                         MPC 57590
    CK06P050  2006 08  3.78    0.0050    1.0000     92.44     17.11    136.10               9.0  4.0  C/2006 P5 (SOHO)                                         MPC 57591
    CK06P060  2006 08  4.09    0.0072    1.0000     71.10    355.03    144.00               9.0  4.0  C/2006 P6 (SOHO)                                         MPC 57591
    CK06P070  2006 08  4.86    0.0051    1.0000     74.71    355.69    144.42               9.0  4.0  C/2006 P7 (SOHO)                                         MPC 57591
    CK06Q010  2008 06 26.5707  2.780988  0.998212  344.3301  199.7286   58.8976  20230225   5.0  4.0  C/2006 Q1 (McNaught)                                     MPC112388
    CK06R030  2006 09  2.73    0.0337    1.0000     57.86     66.29     75.14               9.0  4.0  C/2006 R3 (SOHO)                                         MPC 57947
    CK06R040  2006 09 12.80    0.0050    1.0000     85.83      6.47    144.19               9.0  4.0  C/2006 R4 (SOHO)                                         MPC 57947
    CK06S020  2007 05  4.0675  3.200201  1.000960  166.5330  113.9017   99.0812  20230225  10.0  4.0  C/2006 S2 (LINEAR)                                       MPC 82313
    CK06S030  2012 04 16.3856  5.162036  1.001965  140.5434   38.6223  166.0458  20230225   2.0  4.0  C/2006 S3 (LONEOS)                                       MPEC 2022-L66
    CK06S050  2007 12  5.0516  2.609254  0.972012  182.0303  281.3737   10.1358  20230225   8.0  4.0  C/2006 S5 (Hill)                                         MPC 98557
    CK06S070  2006 09 19.00    0.0051    1.0000     83.37      2.32    143.39               9.0  4.0  C/2006 S7 (SOHO)                                         MPC 57948
    CK06S080  2006 09 19.43    0.0093    1.0000     58.93    339.97    138.78               9.0  4.0  C/2006 S8 (SOHO)                                         MPC 57948
    CK06S090  2006 09 19.12    0.0050    1.0000     87.80    357.56    142.99               9.0  4.0  C/2006 S9 (SOHO)                                         MPC 57948
    CK06S100  2006 09 19.56    0.0049    1.0000     79.27      0.41    143.80               9.0  4.0  C/2006 S10 (SOHO)                                        MPC 57948
    CK06S110  2006 09 19.58    0.0051    1.0000     78.64      1.57    143.98               9.0  4.0  C/2006 S11 (SOHO)                                        MPC 57948
    CK06S120  2006 09 27.86    0.0052    1.0000     79.44      0.27    144.20               9.0  4.0  C/2006 S12 (SOHO)                                        MPC 58119
    CK06S130  2006 09 30.98    0.0050    1.0000     74.59    358.75    143.87               9.0  4.0  C/2006 S13 (SOHO)                                        MPC 58119
    CK06T020  2006 10  3.01    0.0051    1.0000     76.86    359.26    143.90               9.0  4.0  C/2006 T2 (SOHO)                                         MPC 58119
    CK06T030  2006 10  3.86    0.0051    1.0000     76.62    358.17    144.33               9.0  4.0  C/2006 T3 (SOHO)                                         MPC 58119
    CK06T040  2006 10  3.89    0.0051    1.0000     77.65    357.64    144.52               9.0  4.0  C/2006 T4 (SOHO)                                         MPC 58119
    CK06T050  2006 10  6.59    0.0049    1.0000     86.77      5.66    142.88               9.0  4.0  C/2006 T5 (SOHO)                                         MPC 58119
    CK06T060  2006 10 10.33    0.0353    1.0000     66.16    100.84     67.07               9.0  4.0  C/2006 T6 (SOHO)                                         MPC 58119
    CK06T070  2006 10 10.69    0.0051    1.0000     87.14     10.75    143.70               9.0  4.0  C/2006 T7 (SOHO)                                         MPC 58119
    CK06T080  2006 10 16.02    0.0052    1.0000     76.34    357.19    144.58               9.0  4.0  C/2006 T8 (SOHO)                                         MPC 58119
    CK06T090  2006 10 16.27    0.0050    1.0000     92.66      5.39    145.44               9.0  4.0  C/2006 T9 (SOHO)                                         MPC 58119
    CK06T100  2006 10 12.89    0.0051    1.0000     79.60    353.81    148.31               9.0  4.0  C/2006 T10 (SOHO)                                        MPC 58538
    CK06U060  2008 06  4.5250  2.493641  0.998777  276.4369  180.5086   85.1041  20230225   8.0  4.0  C/2006 U6 (Spacewatch)                                   MPC 66204
    CK06U070  2007 03 26.6658  4.438060  0.632735   13.4865   57.5456    7.2525  20230225  11.0  4.0  C/2006 U7 (Gibbs)                                        MPC 98557
    CK06U080  2006 10 17.09    0.0050    1.0000     53.25    319.52    137.33               9.0  4.0  C/2006 U8 (SOHO)                                         MPC 58538
    CK06U090  2006 10 20.51    0.0048    1.0000     82.84      3.09    145.39               9.0  4.0  C/2006 U9 (SOHO)                                         MPC 58538
    CK06U100  2006 10 20.22    0.0346    1.0000     55.57     74.91     71.68               9.0  4.0  C/2006 U10 (SOHO)                                        MPC 58539
    CK06U110  2006 10 25.07    0.0053    1.0000     87.04     10.23    144.43               9.0  4.0  C/2006 U11 (SOHO)                                        MPC 58539
    CK06U120  2006 10 24.75    0.0051    1.0000     81.79      1.57    144.51               9.0  4.0  C/2006 U12 (SOHO)                                        MPC 58539
    CK06U130  2006 10 25.74    0.0051    1.0000     81.23    356.90    146.57               9.0  4.0  C/2006 U13 (SOHO)                                        MPC 58539
    CK06U140  2006 10 28.72    0.0048    1.0000     82.81      4.96    144.88               9.0  4.0  C/2006 U14 (SOHO)                                        MPC 58779
    CK06U150  2006 10 28.65    0.0051    1.0000     77.01    358.99    144.37               9.0  4.0  C/2006 U15 (SOHO)                                        MPC 58779
    CK06U160  2006 10 30.99    0.0051    1.0000     93.66      8.59    144.00               9.0  4.0  C/2006 U16 (SOHO)                                        MPC 58779
    CK06V010  2007 11 16.0789  2.699996  0.982828  253.6817  335.1890   31.2081  20230225   8.0  4.0  C/2006 V1 (Catalina)                                     MPC 82313
    CK06V020  2006 11  3.78    0.0050    1.0000     84.76      5.89    144.58               9.0  4.0  C/2006 V2 (SOHO)                                         MPC 58779
    CK06V030  2006 11  3.37    0.0051    1.0000     85.84      7.96    143.44               9.0  4.0  C/2006 V3 (SOHO)                                         MPC 58779
    CK06V040  2006 11  4.70    0.0051    1.0000     81.88      4.03    142.54               9.0  4.0  C/2006 V4 (SOHO)                                         MPC 58779
    CK06V050  2006 11  7.74    0.0051    1.0000     76.77    351.91    146.74               9.0  4.0  C/2006 V5 (SOHO)                                         MPC 58779
    CK06V060  2006 11  7.87    0.0052    1.0000     80.60      0.34    145.10               9.0  4.0  C/2006 V6 (SOHO)                                         MPC 58780
    CK06V070  2006 11  8.93    0.0050    1.0000     80.94      0.02    145.17               9.0  4.0  C/2006 V7 (SOHO)                                         MPC 58780
    CK06V080  2006 11 12.25    0.0063    1.0000     79.12    357.76    146.33               9.0  4.0  C/2006 V8 (SOHO)                                         MPC 58780
    CK06V090  2006 11 14.46    0.0052    1.0000     84.93      6.68    144.40               9.0  4.0  C/2006 V9 (SOHO)                                         MPC 58780
    CK06V100  2006 11 14.34    0.0051    1.0000     79.41    359.31    144.18               9.0  4.0  C/2006 V10 (SOHO)                                        MPC 58780
    CK06V13Z  2007 08 13.5228  1.021798  1.000264  174.2739   66.2719  134.6144  20230225  10.5  4.0  C/2006 VZ13 (LINEAR)                                     MPEC 2020-L06
    CK06W030  2009 06 29.8597  3.165269  0.999700  133.6606  113.5527  127.0827  20230225   5.0  4.0  C/2006 W3 (Christensen)                                  MPC 82313
    CK06W04D  2007 04 30.3538  0.604747  0.999081  293.6049  227.7328  152.7681  20230225  16.5  4.0  C/2006 WD4 (Lemmon)                                      MPC 82313
    CK06W050  2006 11 20.32    0.0053    1.0000     41.35    311.44    145.02               9.0  4.0  C/2006 W5 (SOHO)                                         MPC 58780
    CK06W060  2006 11 20.39    0.0052    1.0000     51.84    323.33    146.60               9.0  4.0  C/2006 W6 (SOHO)                                         MPC 58780
    CK06W070  2006 11 25.86    0.0055    1.0000     90.07     14.66    140.72               9.0  4.0  C/2006 W7 (SOHO)                                         MPC 58780
    CK06X010  2006 03 14.4075  6.108254  1.001769  101.2424  255.2773   42.5159  20230225   7.0  4.0  C/2006 X1 (LINEAR)                                       MPC 59875
    CK06X01A  2007 07 12.3801  1.809675  0.991537  187.4283  318.6323   30.4850  20230225  10.0  4.0  C/2006 XA1 (LINEAR)                                      MPC 82313
    CK06X020  2006 12  9.51    0.0055    1.0000    102.11     28.68    137.00               9.0  4.0  C/2006 X2 (SOHO)                                         MPC 58781
    CK06X030  2006 12 10.02    0.0052    1.0000     99.85     25.84    139.23               9.0  4.0  C/2006 X3 (SOHO)                                         MPC 59043
    CK06X040  2006 12 11.58    0.0047    1.0000     92.11     14.95    143.31               9.0  4.0  C/2006 X4 (SOHO)                                         MPC 59043
    CK06X050  2006 12 10.98    0.0050    1.0000     95.78     20.39    139.89               9.0  4.0  C/2006 X5 (SOHO)                                         MPC 59043
    CK06X060  2006 12 12.06    0.0051    1.0000     78.55      1.53    144.58               9.0  4.0  C/2006 X6 (SOHO)                                         MPC 59043
    CK06X070  2006 12 12.72    0.0044    1.0000     85.18      6.34    143.15               9.0  4.0  C/2006 X7 (SOHO)                                         MPC 59043
    CK06X080  2006 12 12.90    0.0051    1.0000     67.67    346.90    143.38               9.0  4.0  C/2006 X8 (SOHO)                                         MPC 59043
    CK06X090  2006 12 15.49    0.0076    1.0000     58.64    332.65    136.77               9.0  4.0  C/2006 X9 (SOHO)                                         MPC 59043
    CK06X100  2006 12 15.61    0.0348    1.0000     56.92     74.20     72.63               9.0  4.0  C/2006 X10 (SOHO)                                        MPC 59043
    CK06X110  2006 12 15.73    0.0051    1.0000     65.84    344.66    145.24               9.0  4.0  C/2006 X11 (SOHO)                                        MPC 59043
    CK06Y00C  2006 09  8.0435  4.919746  0.997483  335.1740  154.4383   69.5066  20230225   8.0  4.0  C/2006 YC (Catalina-Christensen)                         MPC 82314
    CK06Y030  2006 12 18.42    0.0077    1.0000     72.22    353.37    147.08               9.0  4.0  C/2006 Y3 (SOHO)                                         MPC 59044
    CK06Y040  2006 12 20.41    0.0050    1.0000     71.50    350.75    144.50               9.0  4.0  C/2006 Y4 (SOHO)                                         MPC 59044
    CK06Y050  2006 12 22.11    0.0048    1.0000     82.74      4.13    145.46               9.0  4.0  C/2006 Y5 (SOHO)                                         MPC 59044
    CK06Y060  2006 12 22.53    0.0048    1.0000     82.31      3.67    145.67               9.0  4.0  C/2006 Y6 (SOHO)                                         MPC 59044
    CK06Y070  2006 12 22.22    0.0051    1.0000     56.71    335.09    144.69               9.0  4.0  C/2006 Y7 (SOHO)                                         MPC 59044
    CK06Y080  2006 12 22.24    0.0051    1.0000     66.97    347.22    146.07               9.0  4.0  C/2006 Y8 (SOHO)                                         MPC 59044
    CK06Y090  2006 12 22.27    0.0050    1.0000     65.39    344.25    144.83               9.0  4.0  C/2006 Y9 (SOHO)                                         MPC 59044
    CK06Y100  2006 12 23.88    0.0053    1.0000     86.02      6.79    144.09               9.0  4.0  C/2006 Y10 (SOHO)                                        MPC 59875
    CK06Y110  2006 12 25.32    0.0061    1.0000     61.71    343.29    146.99               9.0  4.0  C/2006 Y11 (SOHO)                                        MPC 59875
    CK06Y120  2006 12 28.13    0.0049    1.0000     83.24      4.61    146.32               9.0  4.0  C/2006 Y12 (SOHO)                                        MPC 59875
    CK06Y130  2006 12 28.82    0.0050    1.0000     83.60      4.81    144.77               9.0  4.0  C/2006 Y13 (SOHO)                                        MPC 59876
    CK06Y140  2006 12 28.82    0.0049    1.0000     86.64      8.37    143.82               9.0  4.0  C/2006 Y14 (SOHO)                                        MPC 59876
    CK06Y150  2006 12 29.80    0.0049    1.0000     74.48    354.98    144.29               9.0  4.0  C/2006 Y15 (SOHO)                                        MPC 59876
    CK06Y160  2006 12 29.74    0.0049    1.0000     73.96    354.78    145.66               9.0  4.0  C/2006 Y16 (SOHO)                                        MPC 59876
    CK06Y170  2006 12 30.26    0.0064    1.0000     91.97     13.47    142.60               9.0  4.0  C/2006 Y17 (SOHO)                                        MPC 59876
    CK07A040  2007 01  5.43    0.0049    1.0000     72.84    353.01    144.40               9.0  4.0  C/2007 A4 (SOHO)                                         MPC 59876
    CK07A050  2007 01  9.97    0.0051    1.0000     80.93      2.44    145.38               9.0  4.0  C/2007 A5 (SOHO)                                         MPC 59876
    CK07A060  2007 01 11.24    0.0382    1.0000     57.64     70.67     70.57               9.0  4.0  C/2007 A6 (SOHO)                                         MPC 59876
    CK07A070  2007 01 10.69    0.0191    1.0000     48.06    284.70    144.23               9.0  4.0  C/2007 A7 (SOHO)                                         MPC 59876
    CK07B020  2008 08 13.0288  3.013004  0.995160  206.3761   14.7755   27.3533  20230225   6.0  4.0  C/2007 B2 (Skiff)                                        MPC112388
    CK07B040  2007 01 18.81    0.0050    1.0000     73.54    353.31    143.99               9.0  4.0  C/2007 B4 (SOHO)                                         MPC 59876
    CK07B050  2007 01 20.16    0.0051    1.0000     82.53      4.43    145.33               9.0  4.0  C/2007 B5 (SOHO)                                         MPC 59876
    CK07B060  2007 02  1.48    0.0049    1.0000     84.98      6.24    144.46               9.0  4.0  C/2007 B6 (SOHO)                                         MPC 59876
    CK07C030  2007 02  2.468   0.00390   1.00000    84.490     4.106   143.634              9.0  4.0  C/2007 C3 (SOHO)                                         MPC 67970
    CK07C040  2007 02  3.66    0.0051    1.0000     82.52      6.02    143.82               9.0  4.0  C/2007 C4 (SOHO)                                         MPC 59876
    CK07C050  2007 02  4.23    0.0051    1.0000     69.50    346.22    144.91               9.0  4.0  C/2007 C5 (SOHO)                                         MPC 59877
    CK07C060  2007 02  7.228   0.00553   1.00000    63.735   338.361   139.192              9.0  4.0  C/2007 C6 (SOHO)                                         MPC 67970
    CK07C070  2007 02  2.85    0.0172    1.0000      3.33    309.40     70.99               9.0  4.0  C/2007 C7 (SOHO)                                         MPC 59877
    CK07C080  2007 02  6.44    0.0052    1.0000     73.58    355.56    144.75               9.0  4.0  C/2007 C8 (SOHO)                                         MPC 59877
    CK07C090  2007 02  7.31    0.0050    1.0000     78.57    356.18    142.71               9.0  4.0  C/2007 C9 (SOHO)                                         MPC 59877
    CK07C100  2007 02  7.32    0.0351    1.0000     58.50     73.19     72.77               9.0  4.0  C/2007 C10 (SOHO)                                        MPC 59877
    CK07C110  2007 02  8.80    0.0049    1.0000     80.07      0.21    144.05               9.0  4.0  C/2007 C11 (SOHO)                                        MPC 62580
    CK07C120  2007 02  9.36    0.0408    1.0000    338.86    285.89    122.22               9.0  4.0  C/2007 C12 (SOHO)                                        MPC 59877
    CK07C130  2007 02 16.156   0.00360   1.00000    91.124    12.212   144.157              9.0  4.0  C/2007 C13 (SOHO)                                        MPC 67970
    CK07D010  2007 06 19.4671  8.793739  1.001924  340.1595  171.0985   41.4503  20070629   3.5  4.0  C/2007 D1 (LINEAR)                                       MPC 84315
    CK07D020  2006 11 24.2994  1.245214  0.976993   65.1007  297.1371  178.6178            17.0  4.0  C/2007 D2 (Spacewatch)                                   MPC 59319
    CK07D030  2007 05 27.3451  5.174270  0.992191  308.7203  148.5878   45.8868  20230225   7.5  4.0  C/2007 D3 (LINEAR)                                       MPC 61436
    CK07D040  2007 02 17.42    0.0048    1.0000     76.68    357.19    144.23               9.0  4.0  C/2007 D4 (SOHO)                                         MPC 62581
    CK07D050  2007 02 19.42    0.0050    1.0000     75.88    355.51    144.24               9.0  4.0  C/2007 D5 (SOHO)                                         MPC 62581
    CK07E010  2007 05 24.6547  1.255793  0.979725    7.2970  154.2459  174.2126  20230225  12.5  4.0  C/2007 E1 (Garradd)                                      MPC 59878
    CK07E020  2007 03 26.2506  1.106511  0.998963  340.6800  232.7638   95.6356  20230225   9.5  4.0  C/2007 E2 (Lovejoy)                                      MPC 60664
    CK07E040  2007 03  3.48    0.0046    1.0000     77.26    356.73    144.36               9.0  4.0  C/2007 E4 (SOHO)                                         MPC 62581
    CK07E050  2007 03 10.23    0.0048    1.0000     63.86      0.56    145.42               9.0  4.0  C/2007 E5 (SOHO)                                         MPC 62581
    CK07F010  2007 10 27.2876  0.410617  1.000202  153.6573  172.3720  116.5891  20230225  10.0  4.0  C/2007 F1 (LONEOS)                                       MPC 61178
    CK07F020  2007 03 22.38    0.0053    1.0000     79.02    359.24    144.00               9.0  4.0  C/2007 F2 (SOHO)                                         MPC 62581
    CK07F030  2007 03 28.273   0.00790   1.00000    60.216   336.363   138.539              9.0  4.0  C/2007 F3 (SOHO)                                         MPC 67970
    CK07F040  2007 03 28.57    0.0347    1.0000     55.09     76.09     71.41               9.0  4.0  C/2007 F4 (SOHO)                                         MPC 59878
    CK07F050  2007 03 30.47    0.0086    1.0000     77.24      5.76    144.45               9.0  4.0  C/2007 F5 (SOHO)                                         MPC 62581
    CK07G010  2008 11 19.4734  2.646694  1.000353  223.8813   79.0105   88.2436  20230225   5.5  4.0  C/2007 G1 (LINEAR)                                       MPC 66464
    CK07G020  2007 04  8.38    0.0051    1.0000     83.71      3.25    144.32               9.0  4.0  C/2007 G2 (SOHO)                                         MPC 59878
    CK07H020  2007 02 17.0524  1.410450  0.971590  319.3018  203.7717   52.1895            17.5  4.0  C/2007 H2 (Skiff)                                        MPC 60280
    CK07H040  2007 04 19.27    0.0052    1.0000     78.85      8.21    139.51               9.0  4.0  C/2007 H4 (SOHO)                                         MPC 59879
    CK07H050  2007 04 21.10    0.0051    1.0000     80.36      1.05    143.78               9.0  4.0  C/2007 H5 (SOHO)                                         MPC 59879
    CK07H060  2007 04 22.24    0.0052    1.0000     84.75      8.55    144.28               9.0  4.0  C/2007 H6 (SOHO)                                         MPC 59879
    CK07H070  2007 04 23.57    0.0050    1.0000     85.57      1.83    144.54               9.0  4.0  C/2007 H7 (SOHO)                                         MPC 59879
    CK07H080  2007 04 30.32    0.0051    1.0000     76.55    357.26    144.38               9.0  4.0  C/2007 H8 (SOHO)                                         MPC 59879
    CK07H090  2007 04 30.91    0.0050    1.0000     79.42      0.72    143.75               9.0  4.0  C/2007 H9 (SOHO)                                         MPC 59879
    CK07J010  2007 05  2.95    0.0348    1.0000     56.99     73.87     72.59               9.0  4.0  C/2007 J1 (SOHO)                                         MPC 59879
    CK07J020  2007 05  3.50    0.0052    1.0000     79.56      0.42    144.06               9.0  4.0  C/2007 J2 (SOHO)                                         MPC 59879
    CK07J030  2007 05  5.40    0.0052    1.0000     84.69      6.02    144.37               9.0  4.0  C/2007 J3 (SOHO)                                         MPC 59879
    CK07J040  2007 05  5.15    0.0051    1.0000     79.89      0.66    143.87               9.0  4.0  C/2007 J4 (SOHO)                                         MPC 59879
    CK07J050  2007 05  7.92    0.0051    1.0000     77.23    358.87    143.82               9.0  4.0  C/2007 J5 (SOHO)                                         MPC 60097
    CK07J060  2007 05  9.60    0.0066    1.0000     82.60      2.22    145.18               9.0  4.0  C/2007 J6 (SOHO)                                         MPC 60098
    CK07J080  2007 05 13.33    0.0052    1.0000     97.49     20.64    138.32               9.0  4.0  C/2007 J8 (SOHO)                                         MPC 60922
    CK07J090  2007 05 14.63    0.0060    1.0000     83.52      8.79    142.32               9.0  4.0  C/2007 J9 (SOHO)                                         MPC 60922
    CK07J100  2007 05 14.55    0.0052    1.0000     82.86      4.42    144.67               9.0  4.0  C/2007 J10 (SOHO)                                        MPC 60922
    CK07J110  2007 05 16.84    0.0049    1.0000     87.28      9.48    144.38               9.0  4.0  C/2007 J11 (SOHO)                                        MPC 60922
    CK07J120  2007 05 16.91    0.0079    1.0000     90.08     18.31    142.26               9.0  4.0  C/2007 J12 (SOHO)                                        MPC 60922
    CK07J21A  2006 11  4.8592  5.403686  0.999994   93.8943   65.5960   90.0165  20230225   8.0  4.0  C/2007 JA21 (LINEAR)                                     MPC 62581
    CK07K010  2007 05 15.6381  9.257023  0.981225   52.1979  294.6704  108.4986  20220809   6.0  4.0  C/2007 K1 (Lemmon)                                       MPEC 2022-M21
    PK07K020  2027 01 28.0053  2.304782  0.685290  347.2284  188.6050    7.6199  20240331  14.0  4.0  P/2007 K2 (Gibbs)                                        MPEC 2024-GJ3
    CK07K030  2008 04 22.9833  2.063084  0.999526   23.5377  263.3147   16.2954  20230225   9.5  4.0  C/2007 K3 (Siding Spring)                                MPC 82314
    CK07K040  2007 04 29.3425  3.560479  1.000535  162.5303   68.6594   98.5654  20230225  10.5  4.0  C/2007 K4 (Gibbs)                                        MPC 60281
    CK07K050  2007 04 29.0189  1.142778  0.976374  255.2735  194.1768   65.2950  20230225  14.0  4.0  C/2007 K5 (Lovejoy)                                      MPC 60281
    CK07K060  2007 06 26.2861  3.474533  0.982757  337.2917  298.0725  105.1950  20230225  11.0  4.0  C/2007 K6 (McNaught)                                     MPC 60465
    CK07K070  2007 05 17.30    0.0081    1.0000     82.04      6.91    140.36               9.0  4.0  C/2007 K7 (SOHO)                                         MPC 60922
    CK07K080  2007 05 18.00    0.0051    1.0000     80.55      1.23    143.86               9.0  4.0  C/2007 K8 (SOHO)                                         MPC 60922
    CK07K090  2007 05 18.02    0.0048    1.0000     76.94    357.17    143.58               9.0  4.0  C/2007 K9 (SOHO)                                         MPC 60922
    CK07K100  2007 05 18.63    0.0055    1.0000     86.43      9.17    143.61               9.0  4.0  C/2007 K10 (SOHO)                                        MPC 60922
    CK07K110  2007 05 18.67    0.0051    1.0000     84.11      6.82    142.27               9.0  4.0  C/2007 K11 (SOHO)                                        MPC 60922
    CK07K120  2007 05 18.61    0.0346    1.0000     56.89     73.94     72.52               9.0  4.0  C/2007 K12 (SOHO)                                        MPC 60922
    CK07K130  2007 05 21.62    0.0049    1.0000     88.29     10.78    143.98               9.0  4.0  C/2007 K13 (SOHO)                                        MPC 60923
    CK07K140  2007 05 21.63    0.0051    1.0000     87.64     10.93    143.91               9.0  4.0  C/2007 K14 (SOHO)                                        MPC 60923
    CK07K150  2007 05 22.74    0.0084    1.0000     89.16     14.31    141.95               9.0  4.0  C/2007 K15 (SOHO)                                        MPC 60923
    CK07K160  2007 05 22.75    0.0059    1.0000     84.51      6.64    143.81               9.0  4.0  C/2007 K16 (SOHO)                                        MPC 60923
    CK07K170  2007 05 25.05    0.0050    1.0000     83.57      5.69    144.05               9.0  4.0  C/2007 K17 (SOHO)                                        MPC 60923
    CK07K180  2007 05 26.79    0.0052    1.0000     87.35      9.71    143.17               9.0  4.0  C/2007 K18 (SOHO)                                        MPC 60923
    CK07K190  2007 05 28.69    0.0085    1.0000     80.93     12.41    125.18               9.0  4.0  C/2007 K19 (SOHO)                                        MPC 60923
    CK07K200  2007 05 31.50    0.0049    1.0000     36.12    307.96    141.43               9.0  4.0  C/2007 K20 (SOHO)                                        MPC 60923
    CK07K210  2007 05 23.83    0.0073    1.0000     87.87     16.27    139.84               9.0  4.0  C/2007 K21 (SOHO)                                        MPC 60923
    CK07L010  2007 06  4.88    0.0049    1.0000     91.71     15.52    140.33               9.0  4.0  C/2007 L1 (SOHO)                                         MPC 60923
    CK07L020  2007 06  6.373   0.00502   1.00000    83.377     4.137   144.627              9.0  4.0  C/2007 L2 (SOHO)                                         MPC 62581
    CK07L030  2007 06  8.226   0.00712   1.00000    83.803     4.824   144.542              9.0  4.0  C/2007 L3 (SOHO)                                         MPC 62581
    CK07L040  2007 06  8.15    0.0048    1.0000     89.08     12.48    141.03               9.0  4.0  C/2007 L4 (SOHO)                                         MPC 60923
    CK07L050  2007 06  9.85    0.0078    1.0000     61.04    340.06    146.66               9.0  4.0  C/2007 L5 (SOHO)                                         MPC 60923
    CK07L060  2007 06 11.17    0.0072    1.0000     88.47     10.65    143.02               9.0  4.0  C/2007 L6 (SOHO)                                         MPC 60924
    CK07L070  2007 06 11.15    0.0057    1.0000     80.55      1.29    144.79               9.0  4.0  C/2007 L7 (SOHO)                                         MPC 60924
    CK07L080  2007 06 11.25    0.0071    1.0000     87.08      8.56    143.53               9.0  4.0  C/2007 L8 (SOHO)                                         MPC 60924
    CK07L090  2007 06 11.57    0.0072    1.0000     86.73      8.62    143.46               9.0  4.0  C/2007 L9 (SOHO)                                         MPC 60924
    CK07L100  2007 06 14.20    0.0050    1.0000     81.49      1.26    143.63               9.0  4.0  C/2007 L10 (SOHO)                                        MPC 60924
    CK07L110  2007 06 15.76    0.0048    1.0000     83.35      4.55    145.30               9.0  4.0  C/2007 L11 (SOHO)                                        MPC 60924
    CK07L120  2007 06 15.33    0.0051    1.0000    106.53     33.95    125.73               9.0  4.0  C/2007 L12 (SOHO)                                        MPC 60924
    CK07L130  2007 06 16.307   0.00712   1.00000    83.457     4.336   144.668              9.0  4.0  C/2007 L13 (SOHO)                                        MPC 62581
    CK07M010  2008 08 13.7005  7.509416  0.996396   52.9076  326.8371  139.8205  20220809   6.0  4.0  C/2007 M1 (McNaught)                                     MPEC 2022-N37
    CK07M020  2008 12  4.8176  3.547123  0.997107  220.7670  357.2010   80.6445  20230225   8.0  4.0  C/2007 M2 (Catalina)                                     MPC112388
    CK07M030  2007 09  2.7279  3.499289  0.979507  126.1748   42.0613  161.8026  20230225   9.5  4.0  C/2007 M3 (LINEAR)                                       MPC 75514
    CK07M040  2007 06 26.368   0.00712   1.00000    84.005     5.060   144.513              9.0  4.0  C/2007 M4 (SOHO)                                         MPC 67970
    CK07M050  2007 06 25.53    0.0011    1.0000    120.01     14.62    154.15               9.0  4.0  C/2007 M5 (SOHO)                                         MPC 60924
    CK07M060  2007 06 25.96    0.0058    1.0000    115.18     42.43    124.45               9.0  4.0  C/2007 M6 (SOHO)                                         MPC 60924
    CK07M070  2007 06 25.81    0.0054    1.0000     62.91    342.27    144.63               9.0  4.0  C/2007 M7 (SOHO)                                         MPC 60924
    CK07M080  2007 06 25.80    0.0478    1.0000    228.58    288.26     82.04               9.0  4.0  C/2007 M8 (SOHO)                                         MPC 60924
    CK07M090  2007 06 28.00    0.0049    1.0000     73.34    353.21    145.79               9.0  4.0  C/2007 M9 (SOHO)                                         MPC 60924
    CK07M100  2007 06 30.57    0.0049    1.0000     82.79      3.72    145.31               9.0  4.0  C/2007 M10 (SOHO)                                        MPC 60925
    CK07N030  2009 01 13.4432  1.198743  0.999242  136.9680  338.8026  178.3708  20230225   6.5  4.0  C/2007 N3 (Lulin)                                        MPC 73461
    CK07N040  2007 07  4.72    0.0048    1.0000     74.60    354.50    144.26               9.0  4.0  C/2007 N4 (SOHO)                                         MPC 60925
    CK07N050  2007 07  8.94    0.0050    1.0000     82.35      2.68    143.64               9.0  4.0  C/2007 N5 (SOHO)                                         MPC 60925
    CK07N060  2007 07 12.29    0.0053    1.0000     77.01    357.31    144.43               9.0  4.0  C/2007 N6 (SOHO)                                         MPC 60925
    CK07N070  2007 07 14.542   0.00487   1.00000    85.353     7.043   144.837              9.0  4.0  C/2007 N7 (SOHO)                                         MPC 67970
    CK07N080  2007 07 14.14    0.0049    1.0000     84.64      5.45    143.16               9.0  4.0  C/2007 N8 (SOHO)                                         MPC 60925
    CK07O010  2007 06  1.3332  2.903239  1.002404  159.6178  116.1137   24.4313  20230225  10.0  4.0  C/2007 O1 (LINEAR)                                       MPC 60465
    CK07O030  2007 07 19.13    0.0051    1.0000    102.61     24.28    139.85               9.0  4.0  C/2007 O3 (SOHO)                                         MPC 60925
    CK07O040  2007 07 28.16    0.0048    1.0000     76.80    357.02    144.04               9.0  4.0  C/2007 O4 (SOHO)                                         MPC 60925
    CK07P010  2007 04  3.861   0.51424   1.00000    89.602   186.747   118.855             13.0  4.0  C/2007 P1 (McNaught)                                     MPC 60665
    CK07Q010  2006 12 15.7142  2.961945  0.999645  281.9406    5.8023   81.9841  20200531  10.5  4.0  C/2007 Q1 (Garradd)                                      MPEC 2020-HN5
    PK07Q020  2020 11 26.8978  1.867848  0.669912  162.8469  172.1806   10.2021  20230225  16.0  4.0  P/2007 Q2 (Gilmore)                                      MPC 60925
    CK07Q030  2009 10  3.5312  2.238019  0.999435    1.9820  149.3188   65.7576  20250505   4.5  4.0  C/2007 Q3 (Siding Spring)                                MPC185655
    CK07Q040  2007 08 18.23    0.0049    1.0000     81.40      3.15    144.69               9.0  4.0  C/2007 Q4 (SOHO)                                         MPC 60925
    CK07Q050  2007 08 18.17    0.0059    1.0000     90.34     10.25    143.42               9.0  4.0  C/2007 Q5 (SOHO)                                         MPC 60925
    CK07Q060  2007 08 18.21    0.0049    1.0000     76.98    358.48    144.34               9.0  4.0  C/2007 Q6 (SOHO)                                         MPC 60925
    CK07Q070  2007 08 26.12    0.0052    1.0000     83.89      5.39    144.50               9.0  4.0  C/2007 Q7 (SOHO)                                         MPC 60926
    CK07Q080  2007 08 29.48    0.0050    1.0000     80.01      0.80    143.93               9.0  4.0  C/2007 Q8 (SOHO)                                         MPC 60926
    CK07Q090  2007 08 29.83    0.0051    1.0000     78.34    359.06    144.40               9.0  4.0  C/2007 Q9 (SOHO)                                         MPC 60926
    CK07R060  2007 09  1.36    0.0071    1.0000     81.72    345.79    139.74               9.0  4.0  C/2007 R6 (SOHO)                                         MPC 60926
    CK07R070  2007 09  8.86    0.0074    1.0000     49.04    324.07    132.44               9.0  4.0  C/2007 R7 (SOHO)                                         MPC 60926
    CK07R080  2007 09 10.55    0.0087    1.0000     76.13      2.76    145.01               9.0  4.0  C/2007 R8 (SOHO)                                         MPC 60926
    CK07R090  2007 09 14.05    0.0051    1.0000     82.87      0.47    143.54               9.0  4.0  C/2007 R9 (SOHO)                                         MPC 60926
    CK07R100  2007 09 15.01    0.0370    1.0000     55.74     73.16     75.80               9.0  4.0  C/2007 R10 (SOHO)                                        MPC 60926
    PK07S010  2022 10  6.7866  2.524720  0.338802  245.2072  141.3349    5.9648  20230225  13.0  4.0  P/2007 S1 (Zhao)                                         MPC 73462
    CK07S020  2008 08 26.7471  5.555516  0.555690  210.1916  296.1140   16.8954  20240331   6.5  4.0  C/2007 S2 (Lemmon)                                       MPEC 2024-GJ3
    CK07S030  2007 09 16.72    0.0051    1.0000     82.92    357.06    143.99               9.0  4.0  C/2007 S3 (SOHO)                                         MPC 60927
    CK07S040  2007 09 24.31    0.0050    1.0000     57.15    325.85    138.08               9.0  4.0  C/2007 S4 (SOHO)                                         MPC 60927
    CK07S050  2007 09 28.108   0.00489   1.00000    85.958     7.718   144.698              9.0  4.0  C/2007 S5 (SOHO)                                         MPC 67970
    CK07S060  2007 09 28.77    0.0048    1.0000     83.22      4.32    144.82               9.0  4.0  C/2007 S6 (SOHO)                                         MPC 61703
    CK07S070  2007 09 29.00    0.0050    1.0000     79.38    354.14    143.36               9.0  4.0  C/2007 S7 (SOHO)                                         MPC 61703
    CK07S080  2007 09 29.88    0.0051    1.0000     81.66      3.61    144.78               9.0  4.0  C/2007 S8 (SOHO)                                         MPC 61703
    CK07S090  2007 09 30.10    0.0052    1.0000     76.07    358.39    144.10               9.0  4.0  C/2007 S9 (SOHO)                                         MPC 61703
    CK07S100  2007 09 30.93    0.0049    1.0000     80.06    358.88    144.08               9.0  4.0  C/2007 S10 (SOHO)                                        MPC 61703
    CK07S110  2007 09 28.55    0.0563    1.0000    141.10    178.66    116.94               9.0  4.0  C/2007 S11 (SOHO)                                        MPC 61703
    CK07T010  2007 12 17.2600  0.963309  0.999796  233.5737  111.5374  117.7592  20230225  10.5  4.0  C/2007 T1 (McNaught)                                     MPC 62270
    PK07T020  2023 11 17.6104  0.652618  0.785684  359.6563    3.3935    9.7514  20230225  18.5  4.0  P/2007 T2 (Kowalski)                                     MPC 61994
    CK07T050  2008 05 14.4227  4.051048  0.911510   34.4207  109.7164   45.5701  20230225   8.0  4.0  C/2007 T5 (Gibbs)                                        MPC 65935
    CK07T070  2007 10  5.47    0.0048    1.0000     79.36    358.34    144.14               9.0  4.0  C/2007 T7 (SOHO)                                         MPC 61703
    CK07T080  2007 10 11.20    0.0049    1.0000     77.13    359.12    144.44               9.0  4.0  C/2007 T8 (SOHO)                                         MPC 61703
    CK07T090  2007 10 11.68    0.0049    1.0000     79.49    358.46    144.17               9.0  4.0  C/2007 T9 (SOHO)                                         MPC 61703
    CK07T100  2007 10 11.63    0.0049    1.0000     77.63    358.34    144.09               9.0  4.0  C/2007 T10 (SOHO)                                        MPC 61704
    CK07T110  2007 10 13.78    0.0050    1.0000     81.31    359.32    144.21               9.0  4.0  C/2007 T11 (SOHO)                                        MPC 61704
    CK07T120  2007 10 13.93    0.0050    1.0000     79.58    352.14    145.90               9.0  4.0  C/2007 T12 (SOHO)                                        MPC 61704
    CK07T130  2007 10 15.67    0.0049    1.0000     89.33      9.46    144.34               9.0  4.0  C/2007 T13 (SOHO)                                        MPC 61704
    CK07T140  2007 10 15.80    0.0051    1.0000     44.22    302.47    140.92               9.0  4.0  C/2007 T14 (SOHO)                                        MPC 61704
    CK07U010  2008 08  7.0502  3.329206  1.001483    0.9277   50.0433  157.7868  20080802   9.0  4.0  C/2007 U1 (LINEAR)                                       MPEC 2020-K19
    CK07U030  2007 10 24.99    0.0052    1.0000     82.85    358.97    145.80               9.0  4.0  C/2007 U3 (SOHO)                                         MPC 61704
    CK07U040  2007 10 24.50    0.0051    1.0000     84.47      1.80    145.35               9.0  4.0  C/2007 U4 (SOHO)                                         MPC 61704
    CK07U050  2007 10 24.98    0.0050    1.0000     82.12    356.78    146.63               9.0  4.0  C/2007 U5 (SOHO)                                         MPC 61704
    CK07U060  2007 10 25.09    0.0050    1.0000     85.48      1.28    144.93               9.0  4.0  C/2007 U6 (SOHO)                                         MPC 61704
    CK07U070  2007 10 27.30    0.0325    1.0000     59.55     71.48     73.43               9.0  4.0  C/2007 U7 (SOHO)                                         MPC 61704
    CK07U080  2007 10 28.35    0.0049    1.0000     82.82      3.14    144.89               9.0  4.0  C/2007 U8 (SOHO)                                         MPC 61704
    CK07U090  2007 10 28.69    0.0050    1.0000     82.07    356.28    146.59               9.0  4.0  C/2007 U9 (SOHO)                                         MPC 61704
    CK07U100  2007 10 29.27    0.0050    1.0000     77.89    358.78    144.07               9.0  4.0  C/2007 U10 (SOHO)                                        MPC 61705
    CK07U110  2007 10 29.40    0.0052    1.0000     75.73    354.13    145.74               9.0  4.0  C/2007 U11 (SOHO)                                        MPC 61705
    CK07U120  2007 10 31.05    0.0052    1.0000     81.95      5.11    143.48               9.0  4.0  C/2007 U12 (SOHO)                                        MPC 61705
    CK07U130  2007 10 31.53    0.0050    1.0000     79.51      0.95    143.66               9.0  4.0  C/2007 U13 (SOHO)                                        MPC 61705
    CK07V030  2007 11  1.91    0.0051    1.0000     84.82      4.56    145.17               9.0  4.0  C/2007 V3 (SOHO)                                         MPC 61705
    CK07V040  2007 11  3.815   0.00459   1.00000    77.944   357.745   144.044              9.0  4.0  C/2007 V4 (SOHO)                                         MPC 67970
    CK07V050  2007 11  3.90    0.0050    1.0000     77.95    359.55    143.82               9.0  4.0  C/2007 V5 (SOHO)                                         MPC 61705
    CK07V060  2007 11  5.02    0.0051    1.0000     79.45    352.82    147.63               9.0  4.0  C/2007 V6 (SOHO)                                         MPC 61705
    CK07V070  2007 11  6.01    0.0051    1.0000     80.55      1.81    143.77               9.0  4.0  C/2007 V7 (SOHO)                                         MPC 61705
    CK07V080  2007 11  6.50    0.0049    1.0000     74.84    348.03    147.61               9.0  4.0  C/2007 V8 (SOHO)                                         MPC 61705
    CK07V090  2007 11  7.50    0.0051    1.0000     87.15      9.61    144.36               9.0  4.0  C/2007 V9 (SOHO)                                         MPC 61705
    CK07V100  2007 11  9.49    0.0350    1.0000     59.68     73.51     76.95               9.0  4.0  C/2007 V10 (SOHO)                                        MPC 61705
    CK07V110  2007 11 12.191   0.00459   1.00000    83.111     4.126   144.356              9.0  4.0  C/2007 V11 (SOHO)                                        MPC 67970
    CK07V120  2007 11 11.53    0.0076    1.0000     89.22     18.14    140.62               9.0  4.0  C/2007 V12 (SOHO)                                        MPC 61705
    CK07V130  2007 11 13.79    0.0057    1.0000     77.56      1.12    143.86               9.0  4.0  C/2007 V13 (SOHO)                                        MPC 61706
    CK07V140  2007 11 15.00    0.0057    1.0000     86.39     11.32    141.15               9.0  4.0  C/2007 V14 (SOHO)                                        MPC 61706
    CK07V53O  2010 04 26.4981  4.842633  0.999731   75.0298   59.7369   86.9903  20100504   7.0  4.0  C/2007 VO53 (Spacewatch)                                 MPEC 2020-K19
    CK07W010  2008 06 27.6487  0.857370  0.999628  307.2871  333.8363    9.9028  20230225   9.5  4.0  C/2007 W1 (Boattini)                                     MPC 63599
    CK07W030  2008 05 26.4081  1.802735  0.999427  112.8389   73.1707   78.7566  20230225  12.0  4.0  C/2007 W3 (LINEAR)                                       MPC 63376
    CK07W040  2007 11 20.10    0.0074    1.0000     94.25     21.88    140.84               9.0  4.0  C/2007 W4 (SOHO)                                         MPC 61706
    CK07W050  2007 11 19.76    0.0052    1.0000     90.59      9.97    147.89               9.0  4.0  C/2007 W5 (SOHO)                                         MPC 61706
    CK07W060  2007 11 23.12    0.0049    1.0000     85.06      8.13    142.69               9.0  4.0  C/2007 W6 (SOHO)                                         MPC 61706
    CK07W070  2007 11 24.30    0.0048    1.0000     81.13      2.24    143.50               9.0  4.0  C/2007 W7 (SOHO)                                         MPC 61706
    CK07W080  2007 11 24.14    0.0080    1.0000     94.96     28.29    134.92               9.0  4.0  C/2007 W8 (SOHO)                                         MPC 61706
    CK07W090  2007 11 23.55    0.0078    1.0000     62.93    339.67    138.46               9.0  4.0  C/2007 W9 (SOHO)                                         MPC 61994
    CK07W100  2007 11 24.53    0.0062    1.0000     88.07     12.23    141.44               9.0  4.0  C/2007 W10 (SOHO)                                        MPC 61994
    CK07W110  2007 11 29.79    0.0068    1.0000     72.78    351.32    146.86               9.0  4.0  C/2007 W11 (SOHO)                                        MPC 61994
    CK07W120  2007 12  1.28    0.0071    1.0000     81.79      2.55    145.02               9.0  4.0  C/2007 W12 (SOHO)                                        MPC 61994
    CK07X010  2007 12  3.19    0.0272    1.0000     74.32    156.13    129.20               9.0  4.0  C/2007 X1 (SOHO)                                         MPC 61994
    CK07X020  2007 12  5.10    0.0077    1.0000     55.72    334.17    146.74               9.0  4.0  C/2007 X2 (SOHO)                                         MPC 61994
    CK07X030  2007 12  5.15    0.0064    1.0000     39.53    315.29    142.81               9.0  4.0  C/2007 X3 (SOHO)                                         MPC 61994
    CK07X040  2007 12  6.57    0.0051    1.0000     84.51      5.63    144.47               9.0  4.0  C/2007 X4 (SOHO)                                         MPC 61995
    CK07X050  2007 12  8.77    0.0050    1.0000     82.97      4.10    143.37               9.0  4.0  C/2007 X5 (SOHO)                                         MPC 61995
    CK07X060  2007 12 10.74    0.0052    1.0000     94.76     18.68    140.08               9.0  4.0  C/2007 X6 (SOHO)                                         MPC 61995
    CK07X070  2007 12 10.54    0.0378    1.0000     57.26     73.58     71.98               9.0  4.0  C/2007 X7 (SOHO)                                         MPC 61995
    CK07X080  2007 12 11.27    0.0053    1.0000     89.01     11.64    142.94               9.0  4.0  C/2007 X8 (SOHO)                                         MPC 61995
    CK07X090  2007 12 12.80    0.0053    1.0000    104.43     31.85    136.35               9.0  4.0  C/2007 X9 (SOHO)                                         MPC 61995
    CK07X100  2007 12 14.450   0.00464   1.00000    77.190   357.003   144.096              9.0  4.0  C/2007 X10 (SOHO)                                        MPC 67970
    CK07X110  2007 12 12.94    0.0051    1.0000     81.51      2.32    143.29               9.0  4.0  C/2007 X11 (SOHO)                                        MPC 61995
    CK07X120  2007 12 14.28    0.0052    1.0000    103.74     32.67    132.77               9.0  4.0  C/2007 X12 (SOHO)                                        MPC 61995
    CK07X130  2007 12 14.41    0.0076    1.0000     27.73    305.98    138.31               9.0  4.0  C/2007 X13 (SOHO)                                        MPC 61995
    CK07X140  2007 12 14.28    0.0345    1.0000     56.25     73.79     72.47               9.0  4.0  C/2007 X14 (SOHO)                                        MPC 61995
    CK07X150  2007 12 15.82    0.0087    1.0000     55.19    333.02    142.34               9.0  4.0  C/2007 X15 (SOHO)                                        MPC 61995
    CK07Y010  2008 03 18.3932  3.309822  0.998388  356.9507  133.1392  110.0087  20230225  10.5  4.0  C/2007 Y1 (LINEAR)                                       MPC 62271
    CK07Y020  2008 03 31.0030  4.230053  0.994413  257.8872  303.3651   98.3841  20230225   9.0  4.0  C/2007 Y2 (McNaught)                                     MPC 62271
    CK07Y030  2007 12 21.47    0.0049    1.0000     71.21    350.64    144.63               9.0  4.0  C/2007 Y3 (SOHO)                                         MPC 61996
    CK07Y040  2007 12 22.15    0.0505    1.0000     23.03     82.08     28.59               9.0  4.0  C/2007 Y4 (SOHO)                                         MPC 61996
    CK07Y050  2007 12 24.064   0.00969   1.00000    74.831   354.376   143.845              9.0  4.0  C/2007 Y5 (SOHO)                                         MPC 67971
    CK07Y060  2007 12 26.65    0.0098    1.0000     28.86    313.80    141.24               9.0  4.0  C/2007 Y6 (SOHO)                                         MPC 61996
    CK07Y070  2007 12 27.02    0.0049    1.0000     80.31    359.96    146.64               9.0  4.0  C/2007 Y7 (SOHO)                                         MPC 61996
    CK07Y080  2007 12 28.18    0.0344    1.0000     56.95     73.61     72.77               9.0  4.0  C/2007 Y8 (SOHO)                                         MPC 61996
    CK07Y090  2007 12 29.40    0.0050    1.0000     96.17     18.61    140.64               9.0  4.0  C/2007 Y9 (SOHO)                                         MPC 61996
    CK07Y100  2007 12 30.429   0.00506   1.00000    85.219     6.486   144.288              9.0  4.0  C/2007 Y10 (SOHO)                                        MPC 62582
    CK08A010  2008 09 29.6597  1.090019  1.000065  348.6054  277.9066   82.6334  20230225   6.5  4.0  C/2008 A1 (McNaught)                                     MPC 65935
    CK08A030  2008 01 15.74    0.0493    1.0000     33.70     70.18     22.28               9.0  4.0  C/2008 A3 (SOHO)                                         MPC 61996
    CK08B010  2008 01 26.82    0.0071    1.0000     57.20    330.27    136.24               9.0  4.0  C/2008 B1 (SOHO)                                         MPC 62582
    CK08B020  2008 01 28.412   0.00481   1.00000    76.962   357.388   144.125              9.0  4.0  C/2008 B2 (SOHO)                                         MPC 67971
    CK08B030  2008 01 29.34    0.0050    1.0000     88.69     13.21    144.10               9.0  4.0  C/2008 B3 (SOHO)                                         MPC 62582
    CK08B040  2008 01 30.60    0.0069    1.0000     69.85    354.15    145.30               9.0  4.0  C/2008 B4 (SOHO)                                         MPC 62582
    CK08C010  2008 04 10.3904  1.256281  0.999217  180.8234  307.8022   61.5378  20230225  10.0  4.0  C/2008 C1 (Chen-Gao)                                     MPC 62582
    CK08C030  2008 02  3.73    0.0346    1.0000    332.74     30.07    158.24               9.0  4.0  C/2008 C3 (SOHO)                                         MPC 62582
    CK08C040  2008 02  4.433   0.00959   1.00000    53.820   335.566   138.695              9.0  4.0  C/2008 C4 (SOHO)                                         MPC 62582
    CK08C050  2008 02  6.509   0.00479   1.00000    81.431     3.373   144.763              9.0  4.0  C/2008 C5 (SOHO)                                         MPC 62583
    CK08C060  2008 02  8.195   0.00665   1.00000    77.356     3.319   145.163              9.0  4.0  C/2008 C6 (SOHO)                                         MPC 63135
    CK08C070  2008 02  9.899   0.00425   1.00000    82.576     0.847   143.410              9.0  4.0  C/2008 C7 (SOHO)                                         MPC 63135
    CK08C080  2008 02 16.08    0.0083    1.0000     56.72    334.80    138.74               9.0  4.0  C/2008 C8 (SOHO)                                         MPC 63135
    CK08C090  2008 02 15.26    0.0627    1.0000     38.03    335.76     74.32               9.0  4.0  C/2008 C9 (SOHO)                                         MPC 63136
    CK08D010  2008 02 17.76    0.0052    1.0000     99.09     15.82    140.28               9.0  4.0  C/2008 D1 (STEREO)                                       MPC 62271
    CK08D020  2008 02 20.50    0.0051    1.0000     90.43     11.17    143.49               9.0  4.0  C/2008 D2 (STEREO)                                       MPC 62271
    CK08D030  2008 02 22.398   0.00528   1.00000    78.905   358.785   143.994              9.0  4.0  C/2008 D3 (STEREO)                                       MPC 62271
    CK08D040  2008 02 21.79    0.0049    1.0000     77.24     15.67    145.98               9.0  4.0  C/2008 D4 (STEREO)                                       MPC 62271
    CK08D050  2008 02 19.58    0.0049    1.0000     70.33    345.67    142.25               9.0  4.0  C/2008 D5 (SOHO)                                         MPC 63136
    CK08D060  2008 02 19.29    0.0338    1.0000     55.43     72.50     70.85               9.0  4.0  C/2008 D6 (SOHO)                                         MPC 63136
    CK08D070  2008 02 26.274   0.00592   1.00000    88.122     6.401   144.181              9.0  4.0  C/2008 D7 (SOHO)                                         MPC 63136
    CK08D080  2008 02 25.07    0.0054    1.0000     90.06      6.20    144.27               9.0  4.0  C/2008 D8 (SOHO)                                         MPC 63136
    CK08D090  2008 03  1.113   0.00437   1.00000    80.234   359.835   143.754              9.0  4.0  C/2008 D9 (SOHO)                                         MPC 63136
    CK08E010  2008 08 14.2269  4.821634  0.552205  270.2524  189.0027   34.8681  20240331   7.0  4.0  C/2008 E1 (Catalina)                                     MPEC 2024-GJ3
    CK08E030  2008 08  4.4104  5.551023  0.997687  218.1852  105.7040  105.1263  20230225   6.0  4.0  C/2008 E3 (Garradd)                                      MPC 68392
    CK08E040  2008 03  3.00    0.0499    1.0000     50.61     51.85     13.13               9.0  4.0  C/2008 E4 (SOHO)                                         MPC 62583
    CK08E050  2008 03  6.81    0.0051    1.0000     89.02      7.48    144.84               9.0  4.0  C/2008 E5 (STEREO)                                       MPC 63136
    CK08E060  2008 03 16.21    0.0051    1.0000     74.07    356.83    143.75               9.0  4.0  C/2008 E6 (STEREO)                                       MPC 63136
    CK08E070  2008 03  5.73    0.0548    1.0000    125.74     12.08    143.28               9.0  4.0  C/2008 E7 (SOHO)                                         MPC 63136
    CK08E080  2008 03  7.767   0.00648   1.00000    72.788   357.475   143.997              9.0  4.0  C/2008 E8 (SOHO)                                         MPC 63136
    CK08E090  2008 03 12.616   0.00629   1.00000    76.413   359.101   143.941              9.0  4.0  C/2008 E9 (SOHO)                                         MPC 63136
    CK08E100  2008 03  9.02    0.0053    1.0000     92.91     18.85    140.63               9.0  4.0  C/2008 E10 (STEREO)                                      MPC 65645
    CK08F010  2008 03 20.00    0.0318    1.0000     46.12     94.56     66.71               9.0  4.0  C/2008 F1 (SOHO)                                         MPC 62583
    CK08F75K  2010 10  3.8416  4.499361  1.001759   80.4411  218.2099   61.1676  20201217   5.0  4.0  C/2008 FK75 (Lemmon-Siding Spring)                       MPEC 2021-BE3
    CK08G010  2009 01 12.0516  3.997879  0.986527   63.8193  215.7991   72.6324  20230225   9.5  4.0  C/2008 G1 (Gibbs)                                        MPC 82314
    CK08G030  2008 04  2.30    0.0050    1.0000     74.07    355.34    144.49               9.0  4.0  C/2008 G3 (SOHO)                                         MPC 63136
    CK08G040  2008 04  9.85    0.0049    1.0000     78.00    359.06    143.66               9.0  4.0  C/2008 G4 (SOHO)                                         MPC 63137
    CK08G050  2008 04 10.36    0.0048    1.0000     77.10    358.49    143.60               9.0  4.0  C/2008 G5 (SOHO)                                         MPC 63137
    CK08G060  2008 04 13.53    0.0483    1.0000     57.03     49.13     14.35               9.0  4.0  C/2008 G6 (SOHO)                                         MPC 63137
    CK08H010  2008 03  9.9937  2.770341  0.944936   95.9897   34.8614   75.6940  20230225  10.5  4.0  C/2008 H1 (LINEAR)                                       MPC 63137
    CK08H020  2008 04 17.00    0.0054    1.0000     84.66      0.99    145.29               9.0  4.0  C/2008 H2 (SOHO)                                         MPC 63137
    CK08H030  2008 04 17.27    0.0044    1.0000     82.60      2.69    144.76               9.0  4.0  C/2008 H3 (SOHO)                                         MPC 63137
    CK08H040  2008 04 18.51    0.0373    1.0000     58.57     72.35     73.46               9.0  4.0  C/2008 H4 (SOHO)                                         MPC 63137
    CK08H050  2008 04 26.12    0.0048    1.0000     83.52      3.01    144.96               9.0  4.0  C/2008 H5 (SOHO)                                         MPC 63137
    CK08H060  2008 04 27.62    0.0086    1.0000     79.66      9.59    142.03               9.0  4.0  C/2008 H6 (SOHO)                                         MPC 63137
    CK08H070  2008 04 30.29    0.0082    1.0000     82.98     10.46    142.60               9.0  4.0  C/2008 H7 (SOHO)                                         MPC 63137
    CK08H080  2008 05  1.26    0.0051    1.0000     78.84    358.71    144.78               9.0  4.0  C/2008 H8 (SOHO)                                         MPC 63137
    CK08H090  2008 04 22.09    0.0050    1.0000     78.83    356.87    145.95               9.0  4.0  C/2008 H9 (SOHO)                                         MPC 63137
    CK08J010  2008 07 19.6960  1.710391  0.989583   67.8739  273.5428   61.7402  20230225  10.0  4.0  C/2008 J1 (Boattini)                                     MPC 65054
    CK08J040  2008 06 19.508   0.44795   1.00000    93.393   289.248    87.502             15.0  4.0  C/2008 J4 (McNaught)                                     MPC 63138
    CK08J050  2008 03 26.7649  1.992742  0.971171  313.5261  287.0190   93.3247  20230225  12.0  4.0  C/2008 J5 (Garradd)                                      MPC 63376
    CK08J060  2008 04 14.5963  2.011420  1.001732   10.7267  298.2133   45.1286  20230225  10.5  4.0  C/2008 J6 (Hill)                                         MPC 82314
    CK08J070  2008 05  2.07    0.0085    1.0000     71.48    347.71    145.05               9.0  4.0  C/2008 J7 (SOHO)                                         MPC 63138
    CK08J080  2008 05  5.51    0.0072    1.0000     83.91      4.75    144.52               9.0  4.0  C/2008 J8 (SOHO)                                         MPC 63138
    CK08J090  2008 05  5.71    0.0051    1.0000     79.14      1.11    143.21               9.0  4.0  C/2008 J9 (SOHO)                                         MPC 63138
    CK08J100  2008 05  7.23    0.0369    1.0000     56.96     73.31     72.18               9.0  4.0  C/2008 J10 (SOHO)                                        MPC 63138
    CK08J110  2008 05  8.01    0.0052    1.0000     84.81      6.86    144.89               9.0  4.0  C/2008 J11 (SOHO)                                        MPC 63138
    CK08J120  2008 05  8.29    0.0379    1.0000     57.28     71.57     70.94               9.0  4.0  C/2008 J12 (SOHO)                                        MPC 63138
    CK08J130  2008 05 12.49    0.0089    1.0000     86.38     20.06    138.55               9.0  4.0  C/2008 J13 (SOHO)                                        MPC 63138
    CK08J140  2008 05 14.39    0.0045    1.0000     77.57    356.81    144.10               9.0  4.0  C/2008 J14 (SOHO)                                        MPC 63138
    CK08J150  2008 05 13.48    0.0048    1.0000     83.62      3.15    144.85               9.0  4.0  C/2008 J15 (SOHO)                                        MPC 63139
    CK08J160  2008 05 14.77    0.0051    1.0000     73.47    352.07    145.09               9.0  4.0  C/2008 J16 (SOHO)                                        MPC 63139
    CK08K010  2008 05 17.73    0.0054    1.0000     80.98      2.03    143.97               9.0  4.0  C/2008 K1 (SOHO)                                         MPC 63377
    CK08K020  2008 05 18.07    0.0051    1.0000     81.66      0.38    144.49               9.0  4.0  C/2008 K2 (SOHO)                                         MPC 63377
    CK08K030  2008 05 18.38    0.0079    1.0000     87.52     10.61    142.96               9.0  4.0  C/2008 K3 (SOHO)                                         MPC 63377
    CK08K040  2008 05 23.842   0.00460   1.00000    82.786     3.725   144.537              9.0  4.0  C/2008 K4 (SOHO)                                         MPC 67971
    CK08K050  2008 05 24.10    0.0070    1.0000     83.37      3.56    144.73               9.0  4.0  C/2008 K5 (SOHO)                                         MPC 63377
    CK08K060  2008 05 26.20    0.0080    1.0000     73.17    353.42    135.67               9.0  4.0  C/2008 K6 (SOHO)                                         MPC 63599
    CK08K070  2008 05 26.01    0.0371    1.0000     57.70     71.74     71.21               9.0  4.0  C/2008 K7 (SOHO)                                         MPC 63599
    CK08K080  2008 05 28.65    0.0080    1.0000     99.02     32.42    135.31               9.0  4.0  C/2008 K8 (SOHO)                                         MPC 63599
    CK08K090  2008 05 29.12    0.0046    1.0000     80.23      0.12    143.46               9.0  4.0  C/2008 K9 (SOHO)                                         MPC 63599
    CK08K110  2008 05 31.64    0.0083    1.0000    101.88     35.40    132.47               9.0  4.0  C/2008 K11 (SOHO)                                        MPC 63599
    CK08L030  2008 04 22.3613  2.010854  0.992047  101.7961   24.1895  100.2036            14.0  4.0  C/2008 L3 (Hill)                                         MPC 63600
    CK08L040  2008 06  2.91    0.0073    1.0000     81.70      2.40    145.00               9.0  4.0  C/2008 L4 (SOHO)                                         MPC 63600
    CK08L050  2008 06  7.67    0.0047    1.0000     78.44    358.23    144.03               9.0  4.0  C/2008 L5 (SOHO)                                         MPC 63600
    CK08L060  2008 06 10.16    0.0457    1.0000     57.92    358.32     12.06               9.0  4.0  C/2008 L6 (SOHO)                                         MPC 63600
    CK08L070  2008 06 10.15    0.0455    1.0000     57.99    358.06     12.14               9.0  4.0  C/2008 L7 (SOHO)                                         MPC 63600
    CK08L080  2008 06 10.62    0.0063    1.0000     85.65      9.40    128.85               9.0  4.0  C/2008 L8 (SOHO)                                         MPC 63600
    CK08L090  2008 06 11.67    0.0051    1.0000     86.10      7.03    143.97               9.0  4.0  C/2008 L9 (SOHO)                                         MPC 63600
    CK08L100  2008 06 12.71    0.0052    1.0000     81.37      1.65    145.25               9.0  4.0  C/2008 L10 (SOHO)                                        MPC 63600
    CK08L110  2008 06 13.11    0.0347    1.0000     57.08     73.11     72.45               9.0  4.0  C/2008 L11 (SOHO)                                        MPC 63600
    CK08L120  2008 06 13.82    0.0050    1.0000     92.09     15.36    142.64               9.0  4.0  C/2008 L12 (SOHO)                                        MPC 63600
    CK08L130  2008 06 13.89    0.0047    1.0000     76.78    356.62    144.01               9.0  4.0  C/2008 L13 (SOHO)                                        MPC 63600
    CK08L140  2008 06 16.822   0.00520   1.00000    83.346     4.224   144.572              9.0  4.0  C/2008 L14 (SOHO)                                        MPC 63600
    CK08L150  2008 06 15.94    0.0365    1.0000     58.95     69.40     70.28               9.0  4.0  C/2008 L15 (SOHO)                                        MPC 63601
    CK08M010  2008 06 22.08    0.0048    1.0000     71.84    350.46    144.60               9.0  4.0  C/2008 M1 (SOHO)                                         MPC 63601
    CK08M020  2008 06 22.93    0.0053    1.0000     76.78    357.80    146.11               9.0  4.0  C/2008 M2 (SOHO)                                         MPC 63601
    CK08M030  2008 06 24.24    0.0049    1.0000     90.48     12.00    142.58               9.0  4.0  C/2008 M3 (SOHO)                                         MPC 63601
    CK08M040  2008 06 25.68    0.0060    1.0000     58.09    338.00    144.63               9.0  4.0  C/2008 M4 (SOHO)                                         MPC 63601
    CK08M050  2008 06 26.39    0.0042    1.0000     99.81     22.08    139.96               9.0  4.0  C/2008 M5 (SOHO)                                         MPC 63601
    CK08M060  2008 06 28.22    0.0049    1.0000     76.91    355.98    144.54               9.0  4.0  C/2008 M6 (SOHO)                                         MPC 63601
    CK08M070  2008 06 29.18    0.0065    1.0000     55.32    336.23    144.71               9.0  4.0  C/2008 M7 (SOHO)                                         MPC 63601
    CK08N010  2009 09 25.9834  2.790117  0.997151  100.9108  357.7856  115.6895  20230225   9.0  4.0  C/2008 N1 (Holmes)                                       MPC112389
    CK08N020  2008 07  4.529   0.00472   1.00000    78.214   358.188   143.974              9.0  4.0  C/2008 N2 (SOHO)                                         MPC 67971
    CK08N030  2008 07  4.23    0.0049    1.0000     75.03    354.62    144.23               9.0  4.0  C/2008 N3 (SOHO)                                         MPC 63601
    CK08N040  2025 11  6.4430  0.048138  0.985059   54.1528   48.1757   13.1568  20230225   9.0  4.0  C/2008 N4 (SOHO)                                         MPC 65935
    CK08N050  2008 07  5.08    0.0059    1.0000     72.65    352.70    144.90               9.0  4.0  C/2008 N5 (SOHO)                                         MPC 63601
    CK08N060  2008 07  6.23    0.0076    1.0000     61.41    336.71    138.61               9.0  4.0  C/2008 N6 (SOHO)                                         MPC 64113
    CK08N070  2008 07  6.40    0.0076    1.0000     50.06    333.88    145.10               9.0  4.0  C/2008 N7 (SOHO)                                         MPC 64113
    CK08N080  2008 07  9.224   0.00523   1.00000    83.663     4.645   144.501              9.0  4.0  C/2008 N8 (SOHO)                                         MPC 67971
    CK08N090  2008 07  8.99    0.0049    1.0000     86.85      8.05    142.67               9.0  4.0  C/2008 N9 (SOHO)                                         MPC 64114
    CK08N100  2008 07 10.68    0.0412    1.0000    278.40     52.49     11.30               9.0  4.0  C/2008 N10 (SOHO)                                        MPC 64114
    CK08N110  2008 07 13.19    0.0076    1.0000     61.24    343.97    146.66               9.0  4.0  C/2008 N11 (SOHO)                                        MPC 64114
    CK08O010  2008 08  1.67    0.0048    1.0000     87.24      8.02    144.05               9.0  4.0  C/2008 O1 (SOHO)                                         MPC 63601
    PK08O030  2031 12 19.5312  2.492390  0.696558  341.1358   47.6104   32.3177  20230225  13.0  4.0  P/2008 O3 (Boattini)                                     MPC 64114
    CK08O040  2008 07 25.55    0.0273    1.0000    170.71    271.03     12.17               9.0  4.0  C/2008 O4 (SOHO)                                         MPC 64114
    CK08O050  2008 07 18.34    0.0051    1.0000     84.42      6.07    144.77               9.0  4.0  C/2008 O5 (SOHO)                                         MPC 64114
    CK08O060  2008 07 18.27    0.0224    1.0000    161.92    133.96     94.37               9.0  4.0  C/2008 O6 (SOHO)                                         MPC 64114
    CK08O070  2008 07 19.45    0.0215    1.0000     73.70    138.51     75.45               9.0  4.0  C/2008 O7 (SOHO)                                         MPC 64114
    CK08P010  2009 07 25.5608  3.888826  0.999674   11.8031  357.6165   64.5623  20230225   7.0  4.0  C/2008 P1 (Garradd)                                      MPC103843
    CK08P020  2008 08  2.49    0.0048    1.0000     83.23      2.84    143.62               9.0  4.0  C/2008 P2 (SOHO)                                         MPC 64114
    CK08P030  2008 08  7.372   0.00477   1.00000    78.266   358.420   143.992              9.0  4.0  C/2008 P3 (SOHO)                                         MPC 67971
    CK08P040  2008 08  8.86    0.0073    1.0000     85.33      6.58    144.03               9.0  4.0  C/2008 P4 (SOHO)                                         MPC 64115
    CK08P050  2008 08 10.65    0.0079    1.0000     60.34    336.05    138.60               9.0  4.0  C/2008 P5 (SOHO)                                         MPC 64115
    CK08P060  2008 08 15.10    0.0049    1.0000     86.08      7.37    144.69               9.0  4.0  C/2008 P6 (SOHO)                                         MPC 64115
    CK08P070  2008 08  7.74    0.0052    1.0000     79.15    351.37    136.99               9.0  4.0  C/2008 P7 (SOHO)                                         MPC 72849
    CK08Q010  2008 12 29.0712  2.971466  0.995107  104.6180    9.6133  118.7878  20230225  10.0  4.0  C/2008 Q1 (Maticic)                                      MPC 65935
    CK08Q030  2009 06 24.4828  1.804774  0.999216  341.0470  220.0005  140.5837  20230225  10.0  4.0  C/2008 Q3 (Garradd)                                      MPC 80896
    CK08Q050  2008 08 27.37    0.0051    1.0000     71.74    353.33    145.24               9.0  4.0  C/2008 Q5 (SOHO)                                         MPC 64497
    CK08R030  2008 11 30.3610  1.889031  0.896729   83.9460  270.6728   43.2141  20230225  13.0  4.0  C/2008 R3 (LINEAR)                                       MPC 64115
    CK08R070  2008 09  6.59    0.0479    1.0000     52.61     49.71     13.49               9.0  4.0  C/2008 R7 (SOHO)                                         MPC 64115
    CK08R080  2008 09  3.85    0.0223    1.0000    343.10    307.73    121.10               9.0  4.0  C/2008 R8 (SOHO)                                         MPC 64497
    CK08R090  2008 09  5.93    0.0051    1.0000     82.09      3.58    144.33               9.0  4.0  C/2008 R9 (SOHO)                                         MPC 64497
    CK08R100  2008 09  9.266   0.00453   1.00000    79.283   358.621   143.946              9.0  4.0  C/2008 R10 (SOHO)                                        MPC 67971
    CK08R110  2008 09  8.92    0.0052    1.0000     85.24      6.98    144.64               9.0  4.0  C/2008 R11 (SOHO)                                        MPC 64497
    CK08R120  2008 09 13.12    0.0055    1.0000     79.59    359.86    143.89               9.0  4.0  C/2008 R12 (SOHO)                                        MPC 64497
    CK08R130  2008 09 15.11    0.0052    1.0000     85.03      6.65    143.92               9.0  4.0  C/2008 R13 (SOHO)                                        MPC 64497
    CK08S030  2011 05 31.9208  8.042799  0.999222   40.0160   55.0209  162.7459  20230225   4.0  4.0  C/2008 S3 (Boattini)                                     MPC 95207
    CK08S040  2008 09 18.32    0.0052    1.0000     81.29    359.06    143.77               9.0  4.0  C/2008 S4 (SOHO)                                         MPC 64497
    CK08S050  2008 09 20.43    0.0051    1.0000     91.42      7.87    143.70               9.0  4.0  C/2008 S5 (SOHO)                                         MPC 64767
    CK08S060  2008 09 28.88    0.0051    1.0000     61.49    326.88    139.97               9.0  4.0  C/2008 S6 (SOHO)                                         MPC 64767
    CK08S070  2008 09 29.94    0.0060    1.0000     77.12    359.59    144.23               9.0  4.0  C/2008 S7 (SOHO)                                         MPC 64767
    CK08S080  2008 09 30.96    0.0049    1.0000     78.38    359.10    143.91               9.0  4.0  C/2008 S8 (SOHO)                                         MPC 64767
    CK08T020  2009 06  5.2916  1.211092  0.999656  216.1021  309.4866   55.9808  20230225   6.0  4.0  C/2008 T2 (Cardinal)                                     MPC 66921
    CK08T060  2008 10  2.47    0.0319    1.0000     56.28     74.44     71.23               9.0  4.0  C/2008 T6 (SOHO)                                         MPC 65054
    CK08T070  2008 10  4.23    0.0197    1.0000    235.41    350.27    102.92               9.0  4.0  C/2008 T7 (SOHO)                                         MPC 65054
    CK08T080  2008 10  6.17    0.0065    1.0000     84.75      4.46    144.74               9.0  4.0  C/2008 T8 (SOHO)                                         MPC 65054
    CK08T090  2008 10  5.87    0.0049    1.0000     76.20    357.30    144.23               9.0  4.0  C/2008 T9 (SOHO)                                         MPC 65055
    CK08T100  2008 10 12.43    0.0079    1.0000     79.48      3.34    145.13               9.0  4.0  C/2008 T10 (SOHO)                                        MPC 65055
    CK08T110  2008 10 14.32    0.0048    1.0000     78.26    358.15    144.27               9.0  4.0  C/2008 T11 (SOHO)                                        MPC 65055
    CK08T120  2008 10 14.71    0.0078    1.0000     82.61      5.60    144.23               9.0  4.0  C/2008 T12 (SOHO)                                        MPC 65055
    CK08U020  2008 10 16.84    0.0051    1.0000     77.96    359.41    143.77               9.0  4.0  C/2008 U2 (SOHO)                                         MPC 65055
    CK08U030  2008 10 17.09    0.0050    1.0000     77.11    357.94    144.19               9.0  4.0  C/2008 U3 (SOHO)                                         MPC 65055
    CK08U040  2008 10 17.87    0.0057    1.0000     83.32      5.68    144.35               9.0  4.0  C/2008 U4 (SOHO)                                         MPC 65055
    CK08U050  2008 10 18.51    0.0051    1.0000     68.37    335.03    146.27               9.0  4.0  C/2008 U5 (SOHO)                                         MPC 65055
    CK08U060  2008 10 18.50    0.0390    1.0000     57.15     72.02     71.63               9.0  4.0  C/2008 U6 (SOHO)                                         MPC 65055
    CK08U070  2008 10 21.25    0.0066    1.0000     82.48      2.90    144.84               9.0  4.0  C/2008 U7 (SOHO)                                         MPC 65055
    CK08U080  2008 10 21.12    0.0050    1.0000     81.10    356.22    147.15               9.0  4.0  C/2008 U8 (SOHO)                                         MPC 65055
    CK08U090  2008 10 21.98    0.0050    1.0000     84.76      0.67    144.82               9.0  4.0  C/2008 U9 (SOHO)                                         MPC 65055
    CK08U100  2008 10 24.90    0.0051    1.0000     84.62      0.21    146.29               9.0  4.0  C/2008 U10 (SOHO)                                        MPC 65055
    CK08U110  2008 10 25.40    0.0056    1.0000     78.27      1.19    143.55               9.0  4.0  C/2008 U11 (SOHO)                                        MPC 65055
    CK08U120  2008 10 26.71    0.0050    1.0000     97.55     16.94    141.22               9.0  4.0  C/2008 U12 (SOHO)                                        MPC 65056
    CK08U130  2008 10 27.70    0.0051    1.0000     83.90      4.56    144.60               9.0  4.0  C/2008 U13 (SOHO)                                        MPC 65056
    CK08U140  2008 10 27.83    0.0051    1.0000     84.65    358.70    146.14               9.0  4.0  C/2008 U14 (SOHO)                                        MPC 65056
    CK08U150  2008 10 28.75    0.0051    1.0000     77.96    356.16    144.87               9.0  4.0  C/2008 U15 (SOHO)                                        MPC 65056
    CK08U160  2008 10 31.44    0.0051    1.0000     82.97      3.39    144.81               9.0  4.0  C/2008 U16 (SOHO)                                        MPC 65056
    CK08V010  2008 11  3.46    0.0076    1.0000     83.56      5.59    144.30               9.0  4.0  C/2008 V1 (SOHO)                                         MPC 65056
    CK08V020  2008 11  4.81    0.0384    1.0000     57.43     72.12     71.34               9.0  4.0  C/2008 V2 (SOHO)                                         MPC 65056
    CK08V030  2008 11  6.77    0.0050    1.0000    108.47     28.47    136.07               9.0  4.0  C/2008 V3 (SOHO)                                         MPC 65056
    CK08V040  2008 11  7.42    0.0051    1.0000     73.43    347.02    147.39               9.0  4.0  C/2008 V4 (SOHO)                                         MPC 65056
    CK08V050  2008 11  8.81    0.0321    1.0000     81.42    307.72     63.15               9.0  4.0  C/2008 V5 (SOHO)                                         MPC 65056
    CK08V060  2008 11 12.17    0.0050    1.0000     82.52      5.15    143.85               9.0  4.0  C/2008 V6 (SOHO)                                         MPC 65056
    CK08W010  2008 11 19.96    0.0051    1.0000     84.72      6.05    142.75               9.0  4.0  C/2008 W1 (STEREO)                                       MPC 65056
    CK08W020  2008 11 16.73    0.0067    1.0000     80.56    359.57    145.74               9.0  4.0  C/2008 W2 (SOHO)                                         MPC 65056
    CK08W030  2008 11 24.28    0.0049    1.0000     83.88      6.18    143.52               9.0  4.0  C/2008 W3 (SOHO)                                         MPC 65056
    CK08W040  2008 11 23.89    0.0052    1.0000     79.26    359.01    144.33               9.0  4.0  C/2008 W4 (SOHO)                                         MPC 65057
    CK08W050  2008 11 24.80    0.0048    1.0000     83.99      5.65    144.33               9.0  4.0  C/2008 W5 (SOHO)                                         MPC 65057
    CK08W060  2008 11 24.85    0.0050    1.0000     63.19    339.48    145.91               9.0  4.0  C/2008 W6 (SOHO)                                         MPC 65057
    CK08W070  2008 11 25.53    0.0057    1.0000     80.92      2.27    143.66               9.0  4.0  C/2008 W7 (SOHO)                                         MPC 65057
    CK08W080  2008 11 26.92    0.0051    1.0000     78.34    358.32    143.96               9.0  4.0  C/2008 W8 (SOHO)                                         MPC 65057
    CK08W090  2008 11 28.02    0.0052    1.0000     89.79     14.59    141.10               9.0  4.0  C/2008 W9 (SOHO)                                         MPC 65057
    CK08W100  2008 11 28.53    0.0051    1.0000     87.20     10.53    143.01               9.0  4.0  C/2008 W10 (SOHO)                                        MPC 65057
    CK08W110  2008 11 30.32    0.0050    1.0000     91.59     16.16    140.57               9.0  4.0  C/2008 W11 (SOHO)                                        MPC 65057
    CK08W120  2008 11 30.52    0.0051    1.0000    109.62     30.73    142.40               9.0  4.0  C/2008 W12 (SOHO)                                        MPC 65645
    CK08X030  2008 10  6.7459  1.893350  0.956000  140.5398  338.0204   66.3582  20230225  13.0  4.0  C/2008 X3 (LINEAR)                                       MPC 65057
    CK08X050  2008 12  7.58    0.0342    1.0000     61.71     71.38     71.76               9.0  4.0  C/2008 X5 (SOHO)                                         MPC 64767
    CK08X060  2008 12  7.54    0.0497    1.0000     19.57     78.36     24.61               9.0  4.0  C/2008 X6 (SOHO)                                         MPC 64767
    CK08X070  2008 12  1.71    0.0053    1.0000     84.52      6.20    142.40               9.0  4.0  C/2008 X7 (SOHO)                                         MPC 65645
    CK08X080  2008 12  3.08    0.0060    1.0000     82.79      2.92    142.08               9.0  4.0  C/2008 X8 (SOHO)                                         MPC 65645
    CK08X090  2008 12  4.01    0.0054    1.0000     82.83      4.46    144.49               9.0  4.0  C/2008 X9 (SOHO)                                         MPC 65646
    CK08X100  2008 12  4.33    0.0051    1.0000     82.56      5.05    142.99               9.0  4.0  C/2008 X10 (SOHO)                                        MPC 65646
    CK08X110  2008 12  6.120   0.00729   1.00000    86.162     7.558   143.870              9.0  4.0  C/2008 X11 (SOHO)                                        MPC 67971
    CK08X120  2008 12  9.969   0.00530   1.00000    85.147     6.661   144.172              9.0  4.0  C/2008 X12 (SOHO)                                        MPC 67971
    CK08X130  2008 12 11.15    0.0050    1.0000     83.74      5.02    145.21               9.0  4.0  C/2008 X13 (SOHO)                                        MPC 65646
    CK08X140  2008 12 14.08    0.0056    1.0000     80.23    359.61    144.85               9.0  4.0  C/2008 X14 (SOHO)                                        MPC 65646
    PK08Y030  2031 10 12.8347  4.456873  0.446142  238.0808  262.8044   38.7753  20230225   8.5  4.0  P/2008 Y3 (McNaught)                                     MPC 75710
    CK08Y040  2008 12 20.11    0.0054    1.0000     84.32      6.02    144.56               9.0  4.0  C/2008 Y4 (SOHO)                                         MPC 65646
    CK08Y050  2008 12 20.29    0.0054    1.0000     88.96      9.72    142.42               9.0  4.0  C/2008 Y5 (SOHO)                                         MPC 65646
    CK08Y060  2008 12 22.159   0.00509   1.00000    85.921     6.946   144.055              9.0  4.0  C/2008 Y6 (SOHO)                                         MPC 67971
    CK08Y070  2008 12 22.219   0.00516   1.00000    85.010     6.093   144.269              9.0  4.0  C/2008 Y7 (SOHO)                                         MPC 67971
    CK08Y080  2008 12 22.17    0.0055    1.0000     79.52      0.37    145.24               9.0  4.0  C/2008 Y8 (SOHO)                                         MPC 65646
    CK08Y090  2008 12 21.95    0.0048    1.0000     73.69    352.91    144.61               9.0  4.0  C/2008 Y9 (SOHO)                                         MPC 65646
    CK08Y100  2008 12 23.067   0.00527   1.00000    80.933     1.081   143.742              9.0  4.0  C/2008 Y10 (SOHO)                                        MPC 67971
    CK08Y110  2008 12 22.24    0.0476    1.0000     20.96     78.80     24.09               9.0  4.0  C/2008 Y11 (SOHO)                                        MPC 65646
    PK08Y120  2025 03  3.4883  0.068052  0.977891  144.6328  309.5934   23.7747  20230225   9.0  4.0  P/2008 Y12 (SOHO)                                        MPEC 2014-K37
    CK08Y130  2008 12 28.505   0.00490   1.00000    91.617    13.517   142.297              9.0  4.0  C/2008 Y13 (SOHO)                                        MPC 67972
    CK08Y140  2008 12 27.93    0.0366    1.0000     29.87    215.63     57.21               9.0  4.0  C/2008 Y14 (SOHO)                                        MPC 65647
    CK08Y150  2008 12 30.452   0.00473   1.00000    90.236    11.664   141.454              9.0  4.0  C/2008 Y15 (SOHO)                                        MPC 67972
    CK08Y160  2009 01  1.74    0.0051    1.0000     94.24     16.89    143.48               9.0  4.0  C/2008 Y16 (STEREO)                                      MPC 65647
    CK08Y170  2009 01  1.99    0.0053    1.0000     73.77    354.27    145.28               9.0  4.0  C/2008 Y17 (STEREO)                                      MPC 65647
    CK08Y180  2008 12 26.150   0.00520   1.00000    82.387     2.594   143.358              9.0  4.0  C/2008 Y18 (SOHO)                                        MPC 66464
    CK09A010  2009 01 11.784   0.12713   1.00000   102.326   340.014    51.472              9.0  4.0  C/2009 A1 (STEREO)                                       MPC 65057
    CK09A020  2009 01  1.628   0.00759   1.00000    55.119   327.525   132.910              9.0  4.0  C/2009 A2 (SOHO)                                         MPC 65647
    CK09A030  2009 01  2.249   0.00460   1.00000    82.609     3.239   143.181              9.0  4.0  C/2009 A3 (SOHO)                                         MPC 65647
    CK09A040  2009 01  2.763   0.00469   1.00000    84.361     4.173   143.003              9.0  4.0  C/2009 A4 (SOHO)                                         MPC 65647
    CK09A050  2009 01  3.215   0.00749   1.00000    71.827   349.192   140.914              9.0  4.0  C/2009 A5 (SOHO)                                         MPC 65647
    CK09A060  2009 01  3.31    0.0052    1.0000     85.82      7.57    146.36               9.0  4.0  C/2009 A6 (STEREO)                                       MPC 65647
    CK09A070  2009 01  5.145   0.00664   1.00000    89.379     9.552   143.130              9.0  4.0  C/2009 A7 (SOHO)                                         MPC 66464
    CK09A080  2009 01  5.45    0.0055    1.0000     79.55      0.87    143.33               9.0  4.0  C/2009 A8 (STEREO)                                       MPC 66700
    CK09A090  2009 01 11.59    0.0047    1.0000     79.01      4.53    145.23               9.0  4.0  C/2009 A9 (STEREO)                                       MPC 66700
    CK09A100  2009 01 11.66    0.0050    1.0000     74.97    359.65    145.49               9.0  4.0  C/2009 A10 (STEREO)                                      MPC 66700
    PK09B010  2026 06 30.5133  2.453499  0.635780  128.8839  297.1074   22.2396  20230225  13.0  4.0  P/2009 B1 (Boattini)                                     MPC 75710
    CK09B020  2009 03  9.9116  2.308542  0.943091  192.4322   18.8673  156.7273  20230225  12.5  4.0  C/2009 B2 (LINEAR)                                       MPC 82315
    CK09B060  2009 01 20.76    0.0056    1.0000     80.15      0.01    143.22               9.0  4.0  C/2009 B6 (STEREO)                                       MPC 66464
    CK09B070  2009 01 30.74    0.0049    1.0000     86.84      0.92    145.64               9.0  4.0  C/2009 B7 (STEREO)                                       MPC 66464
    CK09B080  2009 01 21.629   0.00478   1.00000    84.680     5.210   143.226              9.0  4.0  C/2009 B8 (SOHO)                                         MPC 67972
    CK09B090  2009 01 29.798   0.00668   1.00000    58.277   328.572   132.966              9.0  4.0  C/2009 B9 (SOHO)                                         MPC 67972
    CK09B100  2009 01 29.39    0.0355    1.0000     56.62     73.34     72.19               9.0  4.0  C/2009 B10 (SOHO)                                        MPC 66464
    CK09B110  2009 01 31.402   0.00512   1.00000    83.745     4.910   143.000              9.0  4.0  C/2009 B11 (SOHO)                                        MPC 67972
    CK09C010  2009 02 11.07    0.0050    1.0000     89.46      0.27    145.77               9.0  4.0  C/2009 C1 (STEREO)                                       MPC 66464
    CK09C020  2009 02 13.18    0.0051    1.0000     84.79      6.01    144.28               9.0  4.0  C/2009 C2 (STEREO)                                       MPC 66464
    CK09C030  2009 02  5.649   0.00477   1.00000    82.563     3.894   144.553              9.0  4.0  C/2009 C3 (SOHO)                                         MPC 67972
    CK09C040  2009 02  9.117   0.00644   1.00000    77.941     1.043   143.688              9.0  4.0  C/2009 C4 (SOHO)                                         MPC 67972
    CK09C050  2009 02 11.97    0.0053    1.0000     81.28    357.82    145.20               9.0  4.0  C/2009 C5 (SOHO)                                         MPC 66465
    CK09D020  2009 02 19.768   0.00621   1.00000    75.465     0.224   143.452              9.0  4.0  C/2009 D2 (SOHO)                                         MPC 67972
    CK09D030  2009 02 19.837   0.00496   1.00000    87.042     8.678   143.647              9.0  4.0  C/2009 D3 (SOHO)                                         MPC 67972
    CK09D040  2009 02 23.435   0.00533   1.00000    83.614     4.877   144.469              9.0  4.0  C/2009 D4 (SOHO)                                         MPC 67972
    CK09D050  2009 02 24.413   0.00354   1.00000    85.460     3.565   143.305              9.0  4.0  C/2009 D5 (SOHO)                                         MPC 67972
    CK09D060  2009 02 24.92    0.0351    1.0000     57.44     74.57     72.92               9.0  4.0  C/2009 D6 (SOHO)                                         MPC 66465
    CK09D070  2009 02 27.554   0.00537   1.00000    79.112   358.962   144.051              9.0  4.0  C/2009 D7 (SOHO)                                         MPC 67972
    CK09D080  2009 02 26.24    0.0338    1.0000     57.62     76.97     71.33               9.0  4.0  C/2009 D8 (SOHO)                                         MPC 66465
    CK09E010  2009 03 31.8156  0.602043  0.984836   49.0411  105.9044  127.3098  20230225  11.5  4.0  C/2009 E1 (Itagaki)                                      MPC 72850
    CK09E020  2009 03  1.868   0.00292   1.00000    97.276    14.239   142.356              9.0  4.0  C/2009 E2 (SOHO)                                         MPC 67972
    CK09E030  2009 03  7.57    0.0324    1.0000     59.57     63.06     71.73               9.0  4.0  C/2009 E3 (SOHO)                                         MPC 66465
    CK09E040  2009 03 11.078   0.00582   1.00000    78.481   359.671   143.954              9.0  4.0  C/2009 E4 (SOHO)                                         MPC 67972
    CK09E050  2009 03 10.49    0.0050    1.0000     66.18    333.68    138.47               9.0  4.0  C/2009 E5 (SOHO)                                         MPC 66700
    CK09F010  2009 06 26.3266  1.804843  0.980668  219.3883  357.8240  171.3131  20230225  15.0  4.0  C/2009 F1 (Larson)                                       MPC 82315
    CK09F020  2009 11  7.2439  5.902812  0.982277  336.3945  214.1692   59.3323  20230225   6.0  4.0  C/2009 F2 (McNaught)                                     MPC112389
    CK09F040  2012 01  3.5500  5.451974  1.001035  260.4381   53.4864   79.1733  20230225   3.0  4.0  C/2009 F4 (McNaught)                                     MPC 95208
    CK09F050  2008 10 29.9935  2.263553  0.971093  297.4242  219.3340   85.0822  20230225  10.0  4.0  C/2009 F5 (McNaught)                                     MPC 66204
    CK09F060  2009 05  9.1857  1.250583  0.997196  129.4515  278.7463   85.6975  20230225   6.0  4.0  C/2009 F6 (Yi-SWAN)                                      MPC 72850
    CK09F080  2009 03 17.57    0.0083    1.0000     75.94      2.29    144.79               9.0  4.0  C/2009 F8 (SOHO)                                         MPC 66700
    CK09F090  2009 03 29.14    0.0075    1.0000     79.55      3.70    144.42               9.0  4.0  C/2009 F9 (SOHO)                                         MPC 66701
    CK09F100  2009 03 30.37    0.0054    1.0000     84.91      3.50    142.54               9.0  4.0  C/2009 F10 (SOHO)                                        MPC 66701
    CK09G010  2009 04 17.2281  1.145876  0.997551  175.5326  120.6121  108.5514  20230225   9.0  4.0  C/2009 G1 (STEREO)                                       MPC 66466
    CK09G020  2009 04  2.40    0.0051    1.0000     59.80    323.24    140.29               9.0  4.0  C/2009 G2 (SOHO)                                         MPC 66701
    CK09G030  2009 04  2.97    0.0053    1.0000     84.15      4.93    144.60               9.0  4.0  C/2009 G3 (SOHO)                                         MPC 66701
    CK09G040  2009 04  4.98    0.0051    1.0000     73.97    353.14    145.59               9.0  4.0  C/2009 G4 (SOHO)                                         MPC 66701
    CK09G050  2009 04  7.31    0.0051    1.0000     84.53      3.27    143.07               9.0  4.0  C/2009 G5 (SOHO)                                         MPC 66701
    CK09G060  2009 04 10.69    0.0051    1.0000     77.23    358.51    143.88               9.0  4.0  C/2009 G6 (SOHO)                                         MPC 66701
    CK09G070  2009 04 14.60    0.0079    1.0000     60.55    335.84    138.81               9.0  4.0  C/2009 G7 (SOHO)                                         MPC 66701
    CK09G080  2009 04 14.24    0.0303    1.0000    102.38     78.00     82.84               9.0  4.0  C/2009 G8 (SOHO)                                         MPC 66701
    CK09H030  2009 04 18.87    0.0052    1.0000     68.86    337.23    145.35               9.0  4.0  C/2009 H3 (SOHO)                                         MPC 66701
    CK09H040  2009 04 19.94    0.0075    1.0000     83.55      4.59    144.83               9.0  4.0  C/2009 H4 (SOHO)                                         MPC 66701
    CK09H050  2009 04 22.61    0.0050    1.0000     30.45    283.73    132.72               9.0  4.0  C/2009 H5 (SOHO)                                         MPC 66701
    CK09H060  2009 04 24.33    0.0048    1.0000     78.51    357.07    144.67               9.0  4.0  C/2009 H6 (SOHO)                                         MPC 66701
    CK09H070  2009 04 24.61    0.0050    1.0000     77.04    357.44    144.34               9.0  4.0  C/2009 H7 (SOHO)                                         MPC 66701
    CK09H080  2009 04 25.35    0.0048    1.0000     80.77      1.01    143.63               9.0  4.0  C/2009 H8 (SOHO)                                         MPC 66702
    CK09J010  2009 05  3.41    0.0051    1.0000     81.20      1.30    145.28               9.0  4.0  C/2009 J1 (SOHO)                                         MPC 66702
    CK09J020  2009 05  3.86    0.0051    1.0000     83.06      3.94    144.40               9.0  4.0  C/2009 J2 (SOHO)                                         MPC 66702
    CK09J030  2009 05  4.67    0.0081    1.0000     60.30    335.34    139.07               9.0  4.0  C/2009 J3 (SOHO)                                         MPC 66702
    CK09J040  2009 05  5.35    0.0066    1.0000     58.06    329.50    141.78               9.0  4.0  C/2009 J4 (SOHO)                                         MPC 66702
    CK09J050  2009 05  6.62    0.0051    1.0000     75.64    349.05    147.38               9.0  4.0  C/2009 J5 (SOHO)                                         MPC 66702
    CK09J060  2009 05  7.14    0.0078    1.0000     84.99     13.19    141.34               9.0  4.0  C/2009 J6 (SOHO)                                         MPC 66702
    CK09J070  2009 05  7.00    0.0051    1.0000     79.60      0.60    143.43               9.0  4.0  C/2009 J7 (SOHO)                                         MPC 66702
    CK09J080  2009 05  9.03    0.0051    1.0000     83.03      3.55    144.65               9.0  4.0  C/2009 J8 (SOHO)                                         MPC 66702
    CK09J090  2009 05  9.98    0.0049    1.0000     78.44    356.44    145.21               9.0  4.0  C/2009 J9 (SOHO)                                         MPC 66702
    CK09J100  2009 05 11.75    0.0054    1.0000     80.53      1.28    143.75               9.0  4.0  C/2009 J10 (SOHO)                                        MPC 66702
    CK09J110  2009 05 13.77    0.0061    1.0000     75.73    354.77    143.11               9.0  4.0  C/2009 J11 (SOHO)                                        MPC 66702
    CK09J120  2009 05 15.67    0.0417    1.0000     28.20     78.41     23.04               9.0  4.0  C/2009 J12 (SOHO)                                        MPC 66702
    CK09K020  2010 02  3.9017  3.279081  0.997108  147.9781  123.6241   66.8563  20230225  10.0  4.0  C/2009 K2 (Catalina)                                     MPC 82315
    CK09K030  2011 01  9.266   3.90156   1.00000   251.413     0.032   146.680              8.5  4.0  C/2009 K3 (Beshore)                                      MPC 66205
    CK09K040  2009 06 10.2852  1.562918  0.962549  127.3116   30.3683   34.8147  20230225  13.0  4.0  C/2009 K4 (Gibbs)                                        MPC 66703
    CK09K050  2010 05  3.9585  1.406810  0.999538   65.8581  257.7939  103.8506  20230225   7.5  4.0  C/2009 K5 (McNaught)                                     MPEC 2021-BE3
    CK09K060  2009 05 17.68    0.0069    1.0000     90.30     17.31    140.87               9.0  4.0  C/2009 K6 (SOHO)                                         MPC 66703
    CK09K070  2009 05 20.93    0.0079    1.0000     61.26    337.03    138.74               9.0  4.0  C/2009 K7 (SOHO)                                         MPC 66703
    CK09K080  2009 05 24.69    0.0050    1.0000     90.84     14.63    141.03               9.0  4.0  C/2009 K8 (SOHO)                                         MPC 66703
    CK09K090  2009 05 27.81    0.0051    1.0000     81.77      3.17    143.40               9.0  4.0  C/2009 K9 (SOHO)                                         MPC 66703
    CK09K100  2009 05 28.35    0.0050    1.0000     77.61    357.49    144.28               9.0  4.0  C/2009 K10 (SOHO)                                        MPC 66703
    CK09K110  2009 05 29.97    0.0071    1.0000     54.06    327.50    133.37               9.0  4.0  C/2009 K11 (SOHO)                                        MPC 66703
    CK09K120  2009 05 30.81    0.0051    1.0000     83.09      4.97    142.81               9.0  4.0  C/2009 K12 (SOHO)                                        MPC 66703
    CK09K130  2009 05 31.60    0.0050    1.0000     70.02    348.01    146.32               9.0  4.0  C/2009 K13 (SOHO)                                        MPC 66703
    CK09K140  2009 06  1.17    0.0087    1.0000     87.94     20.68    123.92               9.0  4.0  C/2009 K14 (SOHO)                                        MPC 66703
    CK09L030  2009 06  4.23    0.0047    1.0000     78.68    358.82    145.27               9.0  4.0  C/2009 L3 (SOHO)                                         MPC 66704
    CK09L040  2009 06  5.215   0.00551   1.00000    78.641   358.642   144.069              9.0  4.0  C/2009 L4 (SOHO)                                         MPC 66704
    CK09L050  2009 06  5.32    0.0047    1.0000     75.97    355.06    144.31               9.0  4.0  C/2009 L5 (SOHO)                                         MPC 66704
    CK09L060  2009 06  6.99    0.0055    1.0000     77.66    357.39    144.29               9.0  4.0  C/2009 L6 (SOHO)                                         MPC 66704
    CK09L070  2009 06  1.90    0.0066    1.0000     92.69     17.51    140.38               9.0  4.0  C/2009 L7 (SOHO)                                         MPC 66704
    CK09L080  2009 06  7.43    0.0414    1.0000     78.17     25.27     11.95               9.0  4.0  C/2009 L8 (SOHO)                                         MPC 66704
    CK09L090  2009 06  7.77    0.0075    1.0000     85.93      7.70    143.81               9.0  4.0  C/2009 L9 (SOHO)                                         MPC 66704
    CK09L100  2009 06  7.72    0.0055    1.0000     55.63    332.29    145.16               9.0  4.0  C/2009 L10 (SOHO)                                        MPC 66704
    CK09L110  2009 06  8.14    0.0050    1.0000     91.61     16.41    140.73               9.0  4.0  C/2009 L11 (SOHO)                                        MPC 66704
    CK09L120  2009 06  9.28    0.0079    1.0000     61.76    337.68    138.29               9.0  4.0  C/2009 L12 (SOHO)                                        MPC 66704
    CK09L130  2009 06  9.16    0.0438    1.0000     78.34     20.11     11.27               9.0  4.0  C/2009 L13 (SOHO)                                        MPC 66704
    CK09L140  2009 06 10.59    0.0049    1.0000     65.79    343.73    144.33               9.0  4.0  C/2009 L14 (SOHO)                                        MPC 66704
    CK09L150  2009 06 11.38    0.0053    1.0000     86.91      8.54    142.27               9.0  4.0  C/2009 L15 (SOHO)                                        MPC 66705
    CK09L160  2009 06 14.89    0.0054    1.0000     83.51      4.76    144.44               9.0  4.0  C/2009 L16 (SOHO)                                        MPC 66705
    CK09L170  2009 06 15.85    0.0083    1.0000     85.32      3.73    136.62               9.0  4.0  C/2009 L17 (SOHO)                                        MPC 66705
    CK09M010  2009 06 22.31    0.0050    1.0000     87.71      9.38    143.74               9.0  4.0  C/2009 M1 (SOHO)                                         MPC 66705
    CK09M020  2009 06 23.03    0.0049    1.0000     75.81    355.21    144.32               9.0  4.0  C/2009 M2 (SOHO)                                         MPC 66705
    CK09M030  2009 06 23.39    0.0051    1.0000    106.03     42.46    112.60               9.0  4.0  C/2009 M3 (SOHO)                                         MPC 66705
    CK09M040  2009 06 25.19    0.0052    1.0000     82.41      2.56    145.02               9.0  4.0  C/2009 M4 (SOHO)                                         MPC 66705
    CK09M050  2009 06 25.45    0.0053    1.0000     92.45     15.77    140.07               9.0  4.0  C/2009 M5 (SOHO)                                         MPC 66705
    CK09M060  2009 06 26.01    0.0053    1.0000     85.52      7.02    143.78               9.0  4.0  C/2009 M6 (SOHO)                                         MPC 66705
    CK09M070  2009 06 27.29    0.0052    1.0000     77.02    357.01    144.05               9.0  4.0  C/2009 M7 (SOHO)                                         MPC 66705
    CK09M080  2009 06 30.61    0.0163    1.0000    249.41    123.45     83.60               9.0  4.0  C/2009 M8 (SOHO)                                         MPC 66705
    CK09N010  2009 07  3.11    0.0611    1.0000    150.53     68.42    116.71               9.0  4.0  C/2009 N1 (SOHO)                                         MPC 66705
    CK09N020  2009 07  4.80    0.0066    1.0000     65.81    346.84    145.35               9.0  4.0  C/2009 N2 (SOHO)                                         MPC 66705
    CK09N030  2009 07  5.27    0.0235    1.0000    270.08    242.54    133.62               9.0  4.0  C/2009 N3 (SOHO)                                         MPC 66705
    CK09O010  2009 07 19.450   0.00526   1.00000    84.232     5.164   144.453              9.0  4.0  C/2009 O1 (STEREO)                                       MPC 66706
    CK09O020  2010 03 24.0702  0.681837  0.997189  133.2688  310.6195  107.7999  20230225  11.0  4.0  C/2009 O2 (Catalina)                                     MPC 69905
    PK09O030  2031 01 21.4923  2.426090  0.687633  154.4778  183.7063   16.2823  20230225  12.5  4.0  P/2009 O3 (Hill)                                         MPC 75710
    CK09O040  2010 01  1.3348  2.571589  1.000467  223.7087  173.0819   96.2108  20230225  10.0  4.0  C/2009 O4 (Hill)                                         MPC 67147
    CK09O050  2009 07 29.97    0.0054    1.0000     83.79      5.07    144.53               9.0  4.0  C/2009 O5 (SOHO)                                         MPC 67684
    CK09P010  2011 12 26.4343  1.540633  1.000023   90.6379  326.3694  106.4711  20230225   4.0  4.0  C/2009 P1 (Garradd)                                      MPC103843
    CK09P020  2010 02  4.0600  6.595907  0.999998   76.4839   60.6175  163.4969  20230225   6.0  4.0  C/2009 P2 (Boattini)                                     MPC 76024
    CK09P030  2009 08  2.45    0.0054    1.0000     76.71    357.74    144.09               9.0  4.0  C/2009 P3 (SOHO)                                         MPC 67684
    CK09P040  2009 08 10.61    0.0049    1.0000     80.94      3.15    143.82               9.0  4.0  C/2009 P4 (SOHO)                                         MPC 67684
    CK09P050  2009 08 12.28    0.0051    1.0000     85.44      6.23    144.31               9.0  4.0  C/2009 P5 (SOHO)                                         MPC 67684
    PK09Q050  2029 12 15.9427  2.898560  0.609824  209.0911  160.3080   40.9981  20230225  10.0  4.0  P/2009 Q5 (McNaught)                                     MPC 68902
    CK09Q060  2009 08 21.62    0.0054    1.0000     86.24      5.80    143.68               9.0  4.0  C/2009 Q6 (SOHO)                                         MPC 67684
    CK09Q070  2009 08 23.32    0.0051    1.0000     87.19      8.40    143.77               9.0  4.0  C/2009 Q7 (SOHO)                                         MPC 67684
    CK09Q080  2009 08 31.79    0.0051    1.0000     86.29      8.00    143.99               9.0  4.0  C/2009 Q8 (SOHO)                                         MPC 67684
    CK09R010  2010 06 30.2357  0.398440  1.000245  130.3143  323.3065   76.8109  20230225   8.0  4.0  C/2009 R1 (McNaught)                                     MPC 82315
    CK09R030  2009 09  8.11    0.0049    1.0000     79.18    359.43    143.99               9.0  4.0  C/2009 R3 (SOHO)                                         MPC 70811
    CK09R040  2009 09 11.06    0.0048    1.0000     96.29      9.86    142.91               9.0  4.0  C/2009 R4 (SOHO)                                         MPC 70811
    CK09R050  2009 09 13.79    0.0050    1.0000     78.62      0.20    144.34               9.0  4.0  C/2009 R5 (SOHO)                                         MPC 70811
    CK09S030  2011 12 14.7164  6.462964  1.000612  129.8100  225.0070   60.3159  20230225   6.5  4.0  C/2009 S3 (Lemmon)                                       MPC 87062
    CK09S050  2009 09 18.50    0.0048    1.0000     87.09      6.64    144.22               9.0  4.0  C/2009 S5 (SOHO)                                         MPC 70811
    CK09S060  2009 09 24.74    0.0051    1.0000     84.12      5.25    144.60               9.0  4.0  C/2009 S6 (SOHO)                                         MPC 70811
    CK09S070  2009 09 26.35    0.0058    1.0000     73.37      2.39    143.59               9.0  4.0  C/2009 S7 (SOHO)                                         MPC 70811
    CK09S080  2009 09 27.58    0.0049    1.0000     79.68    359.52    144.08               9.0  4.0  C/2009 S8 (SOHO)                                         MPC 70811
    CK09S090  2009 09 27.09    0.0419    1.0000     57.19     73.18     72.43               9.0  4.0  C/2009 S9 (SOHO)                                         MPC 70811
    CK09S100  2009 09 28.67    0.0051    1.0000     84.73      5.86    144.42               9.0  4.0  C/2009 S10 (SOHO)                                        MPC 70811
    CK09S110  2009 09 30.81    0.0054    1.0000     46.03    359.88    141.81               9.0  4.0  C/2009 S11 (SOHO)                                        MPC 70811
    CK09S120  2009 09 30.84    0.0082    1.0000     56.83    355.43    145.37               9.0  4.0  C/2009 S12 (SOHO)                                        MPC 70811
    CK09T010  2009 10 11.9308  6.201438  0.994895  282.4924   54.2933   89.7812  20230225   6.5  4.0  C/2009 T1 (McNaught)                                     MPC 76567
    PK09T020  2031 06 10.7066  1.800435  0.766699  215.8871  216.3491   27.6115  20230225  14.0  4.0  P/2009 T2 (La Sagra)                                     MPC112389
    CK09T030  2010 01  5.0879  2.295304  0.998891   32.5612   60.1877  148.8509  20230225  12.5  4.0  C/2009 T3 (LINEAR)                                       MPC 82315
    CK09T040  2009 10  4.46    0.0050    1.0000     81.60      1.52    143.62               9.0  4.0  C/2009 T4 (SOHO)                                         MPC 70811
    CK09T050  2009 10  6.59    0.0094    1.0000     60.58    340.63    138.49               9.0  4.0  C/2009 T5 (SOHO)                                         MPC 70811
    CK09T060  2009 10  8.08    0.0050    1.0000     87.43      1.90    145.72               9.0  4.0  C/2009 T6 (SOHO)                                         MPC 70811
    CK09T070  2009 10  8.11    0.0050    1.0000     82.38      1.10    144.00               9.0  4.0  C/2009 T7 (SOHO)                                         MPC 70812
    CK09T080  2009 10 12.11    0.0067    1.0000     80.86      6.38    144.34               9.0  4.0  C/2009 T8 (SOHO)                                         MPC 70812
    CK09T090  2009 10 13.22    0.0052    1.0000     83.19      6.97    143.60               9.0  4.0  C/2009 T9 (SOHO)                                         MPC 70812
    CK09T100  2009 10 14.25    0.0521    1.0000    282.81     46.66     83.14               9.0  4.0  C/2009 T10 (SOHO)                                        MPC 70812
    CK09T110  2009 10 14.58    0.0051    1.0000     79.04      0.17    143.96               9.0  4.0  C/2009 T11 (SOHO)                                        MPC 70812
    CK09T120  2009 10 14.74    0.0048    1.0000     84.86      4.56    144.64               9.0  4.0  C/2009 T12 (SOHO)                                        MPC 70812
    CK09T130  2009 10 15.93    0.0049    1.0000     76.12    356.28    144.58               9.0  4.0  C/2009 T13 (SOHO)                                        MPC 70812
    CK09U010  2009 05 16.001   6.05031   1.00000   293.278    41.590    92.684             10.5  4.0  C/2009 U1 (Garradd)                                      MPC 68902
    CK09U030  2010 03 13.8976  1.419467  0.991476   77.6636   49.4810   51.4570  20230225  13.0  4.0  C/2009 U3 (Hill)                                         MPC 70812
    CK09U050  2010 06 16.4385  6.091926  1.000326   23.9395  120.9997   25.4381  20230225   7.0  4.0  C/2009 U5 (Grauer)                                       MPC 82315
    CK09U070  2009 10 17.90    0.0353    1.0000     55.86     74.46     71.71               9.0  4.0  C/2009 U7 (SOHO)                                         MPC 70812
    CK09U080  2009 10 18.56    0.0048    1.0000     19.23    268.04    127.06               9.0  4.0  C/2009 U8 (SOHO)                                         MPC 70812
    CK09U090  2009 10 22.40    0.0025    1.0000     72.00    343.48    144.81               9.0  4.0  C/2009 U9 (SOHO)                                         MPC 70812
    CK09U100  2009 10 22.66    0.0544    1.0000    323.46    100.32     32.24               9.0  4.0  C/2009 U10 (SOHO)                                        MPC 70812
    CK09U110  2009 10 23.17    0.0051    1.0000     81.31      2.46    145.06               9.0  4.0  C/2009 U11 (SOHO)                                        MPC 70812
    CK09U120  2009 10 26.85    0.0051    1.0000     84.51      5.24    144.54               9.0  4.0  C/2009 U12 (SOHO)                                        MPC 70813
    CK09U130  2009 10 29.68    0.0082    1.0000     59.73    336.99    138.30               9.0  4.0  C/2009 U13 (SOHO)                                        MPC 70813
    CK09U140  2009 10 31.42    0.0056    1.0000     84.62      6.79    144.24               9.0  4.0  C/2009 U14 (SOHO)                                        MPC 70813
    CK09U89G  2010 12 16.8637  3.949910  1.006837   60.7097  321.0725  130.2806  20230225   9.0  4.0  C/2009 UG89 (Lemmon)                                     MPC 82315
    CK09V010  2009 11  5.594   0.00518   1.00000    85.989     6.882   144.200              9.0  4.0  C/2009 V1 (SOHO)                                         MPC 68392
    CK09V020  2009 11  6.212   0.00463   1.00000    77.280   356.273   144.473              9.0  4.0  C/2009 V2 (SOHO)                                         MPC 68392
    CK09V030  2009 11  3.44    0.0068    1.0000     83.63      7.53    142.74               9.0  4.0  C/2009 V3 (SOHO)                                         MPC 70813
    CK09V040  2009 11  3.62    0.0071    1.0000     86.18     14.96    141.65               9.0  4.0  C/2009 V4 (SOHO)                                         MPC 70813
    CK09V050  2009 11  7.29    0.0053    1.0000     78.93      0.02    144.44               9.0  4.0  C/2009 V5 (SOHO)                                         MPC 70813
    CK09V060  2009 11 14.29    0.0065    1.0000     79.40    357.64    145.97               9.0  4.0  C/2009 V6 (SOHO)                                         MPC 70813
    CK09V070  2009 11 16.72    0.0054    1.0000     84.93      6.48    144.30               9.0  4.0  C/2009 V7 (SOHO)                                         MPC 70813
    CK09W020  2010 04 29.9350  6.883088  0.995857  121.1756  199.4359  164.4519  20230225   7.0  4.0  C/2009 W2 (Boattini)                                     MPC 72851
    CK09W030  2009 11 17.44    0.0075    1.0000     61.39    337.92    137.14               9.0  4.0  C/2009 W3 (SOHO)                                         MPC 70813
    CK09W040  2009 11 18.26    0.0061    1.0000     83.07      5.54    143.21               9.0  4.0  C/2009 W4 (SOHO)                                         MPC 70813
    CK09W050  2009 11 17.71    0.0048    1.0000     74.91    353.48    145.00               9.0  4.0  C/2009 W5 (SOHO)                                         MPC 70813
    CK09W060  2009 11 19.46    0.0050    1.0000     88.94     11.04    143.71               9.0  4.0  C/2009 W6 (SOHO)                                         MPC 70813
    CK09W070  2009 11 23.37    0.0049    1.0000     76.15    354.83    145.84               9.0  4.0  C/2009 W7 (SOHO)                                         MPC 70813
    CK09W080  2009 11 23.77    0.0316    1.0000    293.64    255.83     53.36               9.0  4.0  C/2009 W8 (SOHO)                                         MPC 70813
    CK09W090  2009 11 25.56    0.0050    1.0000     76.11    355.03    146.34               9.0  4.0  C/2009 W9 (SOHO)                                         MPC 70814
    CK09W100  2009 11 26.14    0.0066    1.0000     52.70    327.86    145.84               9.0  4.0  C/2009 W10 (SOHO)                                        MPC 70814
    CK09W110  2009 11 27.98    0.0049    1.0000     87.69     10.73    142.36               9.0  4.0  C/2009 W11 (SOHO)                                        MPC 70814
    CK09W120  2009 11 28.49    0.0051    1.0000     80.95      0.44    145.54               9.0  4.0  C/2009 W12 (SOHO)                                        MPC 70814
    CK09W130  2009 11 28.71    0.0080    1.0000     78.25    358.38    137.57               9.0  4.0  C/2009 W13 (SOHO)                                        MPC 70814
    CK09W140  2009 11 28.94    0.0081    1.0000     87.80     10.80    140.95               9.0  4.0  C/2009 W14 (SOHO)                                        MPC 70814
    CK09W150  2009 11 29.75    0.0049    1.0000     68.95    346.50    145.12               9.0  4.0  C/2009 W15 (SOHO)                                        MPC 70814
    CK09W160  2009 11 30.24    0.0048    1.0000     89.01      9.97    143.75               9.0  4.0  C/2009 W16 (SOHO)                                        MPC 70814
    PK09W51X  2020 11 15.6909  0.803627  0.739316  118.2461   31.5758    9.5908  20230225  19.0  2.0  P/2009 WX51 (Catalina)                                   MPC105235
    CK09X020  2009 12  2.41    0.0051    1.0000     81.90      3.50    143.58               9.0  4.0  C/2009 X2 (SOHO)                                         MPC 70814
    CK09X030  2009 12  2.47    0.0049    1.0000     66.94    343.70    146.46               9.0  4.0  C/2009 X3 (SOHO)                                         MPC 70814
    CK09X040  2009 12  2.83    0.0051    1.0000     99.06     27.54    124.11               9.0  4.0  C/2009 X4 (SOHO)                                         MPC 70814
    CK09X050  2009 12  4.42    0.0082    1.0000     46.90    324.36    146.64               9.0  4.0  C/2009 X5 (SOHO)                                         MPC 70814
    CK09X060  2009 12  4.99    0.0086    1.0000     47.18    326.42    147.11               9.0  4.0  C/2009 X6 (SOHO)                                         MPC 70814
    CK09X070  2009 12  5.07    0.0051    1.0000     88.74     12.07    141.00               9.0  4.0  C/2009 X7 (SOHO)                                         MPC 70814
    CK09X080  2009 12  6.56    0.0057    1.0000     92.97     18.23    142.32               9.0  4.0  C/2009 X8 (SOHO)                                         MPC 70815
    CK09X090  2009 12  8.17    0.0054    1.0000     85.99      7.91    143.97               9.0  4.0  C/2009 X9 (SOHO)                                         MPC 70815
    CK09X100  2009 12  7.47    0.0056    1.0000     86.65     10.70    141.59               9.0  4.0  C/2009 X10 (SOHO)                                        MPC 70815
    CK09X110  2009 12  7.81    0.0047    1.0000     89.30     11.09    143.47               9.0  4.0  C/2009 X11 (SOHO)                                        MPC 70815
    CK09X120  2009 12  9.22    0.0052    1.0000     76.42    356.77    144.20               9.0  4.0  C/2009 X12 (SOHO)                                        MPC 70815
    CK09X130  2009 12 10.64    0.0055    1.0000     77.19    357.81    144.31               9.0  4.0  C/2009 X13 (SOHO)                                        MPC 70815
    CK09X140  2009 12 11.44    0.0048    1.0000     59.30    335.57    148.83               9.0  4.0  C/2009 X14 (SOHO)                                        MPC 70815
    CK09X150  2009 12 14.06    0.0051    1.0000     61.01    338.27    145.40               9.0  4.0  C/2009 X15 (SOHO)                                        MPC 70815
    CK09X160  2009 12 14.62    0.0051    1.0000     85.96      7.03    143.13               9.0  4.0  C/2009 X16 (SOHO)                                        MPC 70815
    CK09X170  2009 12 16.01    0.0047    1.0000     83.71      4.69    144.22               9.0  4.0  C/2009 X17 (SOHO)                                        MPC 70815
    CK09Y010  2011 01 28.9025  2.520496  0.993312  127.3916  160.2772  107.3164  20110208   9.0  4.0  C/2009 Y1 (Catalina)                                     MPEC 2021-BE3
    PK09Y020  2026 12  1.9969  2.377245  0.636995  172.1220  262.0676   29.9594  20230225  13.0  4.0  P/2009 Y2 (Kowalski)                                     MPC 74247
    CK09Y030  2009 12 20.473   0.00524   1.00000    85.354     6.291   144.402              9.0  4.0  C/2009 Y3 (STEREO)                                       MPC 68393
    CK09Y040  2010 01  3.536   0.00486   1.00000    83.191     4.567   144.573              9.0  4.0  C/2009 Y4 (STEREO)                                       MPC 68393
    CK09Y050  2009 12 17.08    0.0069    1.0000     92.70     13.93    141.29               9.0  4.0  C/2009 Y5 (SOHO)                                         MPC 70815
    CK09Y060  2009 12 17.49    0.0049    1.0000     85.47      6.10    144.99               9.0  4.0  C/2009 Y6 (SOHO)                                         MPC 70815
    CK09Y070  2009 12 18.00    0.0053    1.0000     89.94     12.25    142.14               9.0  4.0  C/2009 Y7 (SOHO)                                         MPC 70815
    CK09Y080  2009 12 17.91    0.0353    1.0000     57.16     73.43     72.32               9.0  4.0  C/2009 Y8 (SOHO)                                         MPC 70815
    CK09Y090  2009 12 23.17    0.0084    1.0000     43.54    328.15    151.72               9.0  4.0  C/2009 Y9 (SOHO)                                         MPC 70816
    CK09Y100  2009 12 20.36    0.0513    1.0000     69.10     36.02     12.38               9.0  4.0  C/2009 Y10 (SOHO)                                        MPC 71682
    CK09Y110  2009 12 25.73    0.0057    1.0000     75.69    356.92    144.70               9.0  4.0  C/2009 Y11 (SOHO)                                        MPC 71682
    CK09Y120  2009 12 26.85    0.0051    1.0000     85.47      7.37    144.86               9.0  4.0  C/2009 Y12 (SOHO)                                        MPC 71682
    CK09Y130  2009 12 27.86    0.0054    1.0000     82.86      3.95    144.79               9.0  4.0  C/2009 Y13 (SOHO)                                        MPC 71682
    CK09Y140  2009 12 29.57    0.0075    1.0000     63.42    339.29    139.00               9.0  4.0  C/2009 Y14 (SOHO)                                        MPC 71682
    CK09Y150  2009 12 30.78    0.0050    1.0000     95.55      7.30    143.19               9.0  4.0  C/2009 Y15 (STEREO)                                      MPC 71682
    CK09Y160  2009 12 31.18    0.0047    1.0000     65.57    356.77    143.33               9.0  4.0  C/2009 Y16 (STEREO)                                      MPC 71682
    CK09Y170  2009 12 31.71    0.0051    1.0000     84.25      8.96    143.23               9.0  4.0  C/2009 Y17 (STEREO)                                      MPC 71682
    CK09Y180  2010 01  1.17    0.0353    1.0000     57.22     73.33     72.35               9.0  4.0  C/2009 Y18 (SOHO)                                        MPC 71682
    CK09Y190  2010 01  1.41    0.0048    1.0000     17.75    275.47    125.12               9.0  4.0  C/2009 Y19 (SOHO)                                        MPC 71682
    CK10A040  2010 10 10.8464  2.720991  0.990384  271.5365  346.4948   96.5884  20200531  12.5  4.0  C/2010 A4 (Siding Spring)                                MPEC 2020-HN5
    CK10A060  2010 01  3.32    0.0063    1.0000     71.60    358.03    144.79               9.0  4.0  C/2010 A6 (SOHO)                                         MPC 72128
    CK10A070  2010 01  4.33    0.0048    1.0000     85.91      7.99    143.98               9.0  4.0  C/2010 A7 (SOHO)                                         MPC 72128
    CK10A080  2010 01  7.56    0.0077    1.0000     56.35    339.58    144.39               9.0  4.0  C/2010 A8 (SOHO)                                         MPC 72129
    CK10A090  2010 01  8.12    0.0048    1.0000     78.86    358.75    143.92               9.0  4.0  C/2010 A9 (SOHO)                                         MPC 72129
    CK10A100  2010 01  9.29    0.0050    1.0000     86.63      8.35    144.71               9.0  4.0  C/2010 A10 (SOHO)                                        MPC 72129
    CK10A110  2010 01 10.04    0.0056    1.0000     78.29    358.68    144.23               9.0  4.0  C/2010 A11 (SOHO)                                        MPC 72129
    CK10A120  2010 01  9.57    0.0051    1.0000     86.07      7.50    144.09               9.0  4.0  C/2010 A12 (SOHO)                                        MPC 72129
    CK10A130  2010 01 11.26    0.0050    1.0000     78.93      6.42    145.44               9.0  4.0  C/2010 A13 (STEREO)                                      MPC 72129
    CK10A140  2010 01 10.89    0.0060    1.0000     57.39    337.62    146.19               9.0  4.0  C/2010 A14 (SOHO)                                        MPC 72129
    CK10A150  2010 01 11.14    0.0049    1.0000     76.65    359.83    147.28               9.0  4.0  C/2010 A15 (SOHO)                                        MPC 72129
    CK10A160  2010 01 12.23    0.0051    1.0000     79.58      0.75    145.01               9.0  4.0  C/2010 A16 (SOHO)                                        MPC 72129
    CK10A170  2010 01 12.46    0.0320    1.0000     56.71     75.29     73.54               9.0  4.0  C/2010 A17 (SOHO)                                        MPC 72129
    CK10A180  2010 01 12.79    0.0050    1.0000     74.03      3.61    146.53               9.0  4.0  C/2010 A18 (STEREO)                                      MPC 72129
    CK10A190  2010 01 13.09    0.0050    1.0000     93.34     24.57    141.28               9.0  4.0  C/2010 A19 (STEREO)                                      MPC 72129
    CK10A200  2010 01 13.33    0.0050    1.0000    105.85     16.21    137.53               9.0  4.0  C/2010 A20 (STEREO)                                      MPC 72129
    CK10A210  2010 01 14.29    0.0051    1.0000     89.21     20.12    142.41               9.0  4.0  C/2010 A21 (STEREO)                                      MPC 72129
    CK10A220  2010 01 15.06    0.0051    1.0000     83.36      3.03    143.88               9.0  4.0  C/2010 A22 (STEREO)                                      MPC 72130
    CK10A230  2010 01 15.82    0.0051    1.0000     81.19      1.45    143.86               9.0  4.0  C/2010 A23 (STEREO)                                      MPC 72130
    CK10B010  2011 02  2.9622  2.951269  0.998769  211.6000  277.2243  102.2482  20250505   7.5  4.0  C/2010 B1 (Cardinal)                                     MPC185655
    CK10B030  2010 01 21.782   0.00480   1.00000    83.172     4.420   144.572              9.0  4.0  C/2010 B3 (STEREO)                                       MPC 72130
    CK10B040  2010 01 21.84    0.0050    1.0000     73.87    355.14    144.49               9.0  4.0  C/2010 B4 (STEREO)                                       MPC 72130
    CK10B050  2010 01 22.31    0.0050    1.0000     78.92    357.21    146.79               9.0  4.0  C/2010 B5 (STEREO)                                       MPC 72130
    CK10B060  2010 01 21.63    0.0071    1.0000     77.36    355.33    143.40               9.0  4.0  C/2010 B6 (SOHO)                                         MPC 72130
    CK10B070  2010 01 22.66    0.0052    1.0000     46.65    325.74    148.07               9.0  4.0  C/2010 B7 (SOHO)                                         MPC 72130
    CK10B080  2010 01 26.45    0.0049    1.0000     78.41    359.84    144.53               9.0  4.0  C/2010 B8 (SOHO)                                         MPC 72130
    CK10B090  2010 01 27.02    0.0057    1.0000     95.67     14.72    141.51               9.0  4.0  C/2010 B9 (SOHO)                                         MPC 72130
    CK10B100  2010 01 27.95    0.0050    1.0000     83.13      3.94    143.83               9.0  4.0  C/2010 B10 (SOHO)                                        MPC 72130
    CK10B110  2010 01 28.53    0.0057    1.0000     78.32      0.49    145.80               9.0  4.0  C/2010 B11 (SOHO)                                        MPC 72130
    CK10B120  2010 01 29.85    0.0043    1.0000     94.16     16.24    143.22               9.0  4.0  C/2010 B12 (SOHO)                                        MPC 72130
    CK10B130  2010 01 25.81    0.0071    1.0000     45.62    341.98    152.14               9.0  4.0  C/2010 B13 (SOHO)                                        MPC 72131
    PK10C010  2028 10  4.4232  5.251989  0.261039    3.4159  141.7108    9.1246  20230225   9.5  4.0  P/2010 C1 (Scotti)                                       MPC 75008
    CK10C030  2010 02  7.15    0.0052    1.0000    114.44     64.59    128.29               9.0  4.0  C/2010 C3 (SOHO)                                         MPC 72131
    CK10C040  2010 02  7.99    0.0051    1.0000     61.46    333.75    135.99               9.0  4.0  C/2010 C4 (SOHO)                                         MPC 72131
    CK10C050  2010 02 12.00    0.0051    1.0000     77.75    358.86    144.08               9.0  4.0  C/2010 C5 (SOHO)                                         MPC 72131
    CK10C060  2010 02 14.74    0.0093    1.0000    304.23    151.02     15.95               9.0  4.0  C/2010 C6 (SOHO)                                         MPC 72131
    CK10C070  2010 02 15.60    0.0410    1.0000      3.11    122.98     90.36               9.0  4.0  C/2010 C7 (SOHO)                                         MPC 72131
    CK10C080  2010 02 15.64    0.0409    1.0000      8.42    122.93     91.73               9.0  4.0  C/2010 C8 (SOHO)                                         MPC 72131
    PK10D020  2027 07  9.4779  3.685996  0.451576  119.9426  319.8758   57.1031  20230225  16.0  4.0  P/2010 D2 (WISE)                                         MPC 75008
    CK10D030  2010 08 27.4578  4.287595  0.999626  304.8689  255.2830   76.4300  20230225   9.0  4.0  C/2010 D3 (WISE)                                         MPC112389
    CK10D040  2009 04  2.5225  7.162532  0.887641   44.5493  266.7758  105.6287  20230225   6.5  4.0  C/2010 D4 (WISE)                                         MPC 76025
    CK10D050  2010 02 19.17    0.0349    1.0000     67.67     55.49     48.81               9.0  4.0  C/2010 D5 (SOHO)                                         MPC 72131
    CK10D060  2010 02 19.89    0.0048    1.0000     82.80      0.28    144.62               9.0  4.0  C/2010 D6 (SOHO)                                         MPC 72131
    CK10D070  2010 02 22.22    0.0050    1.0000     86.26      5.35    144.18               9.0  4.0  C/2010 D7 (SOHO)                                         MPC 72131
    CK10D080  2010 02 22.37    0.0051    1.0000     68.46    358.48    146.67               9.0  4.0  C/2010 D8 (SOHO)                                         MPC 72131
    CK10D56G  2010 05  9.4000  1.595862  0.975892  317.9962    3.5868  160.4547  20230225  16.0  4.0  C/2010 DG56 (WISE)                                       MPC 74248
    CK10E010  2009 11  6.7261  2.653340  0.975808  296.7777  169.6067   71.7529  20230225  11.5  4.0  C/2010 E1 (Garradd)                                      MPC 70361
    PK10E020  2035 08 14.2977  2.423923  0.719457    8.3127  177.7900   15.3859  20230225  14.0  4.0  P/2010 E2 (Jarnac)                                       MPC 75009
    CK10E030  2010 04  5.6766  2.268059  0.990739   50.4993  117.2652   96.3370  20100325  15.0  4.0  C/2010 E3 (WISE)                                         MPEC 2021-BE3
    CK10E050  2009 11  9.4532  3.910120  0.842036  147.7362   17.1880   18.8869  20230225  10.5  4.0  C/2010 E5 (Scotti)                                       MPC 70361
    CK10E060  2010 03 12.893   0.00480   1.00000    83.206     4.381   144.595              9.0  4.0  C/2010 E6 (STEREO)                                       MPC 70816
    CK10E070  2010 03  8.64    0.0050    1.0000     86.43      7.47    143.74               9.0  4.0  C/2010 E7 (SOHO)                                         MPC 72131
    CK10E080  2010 03  9.39    0.0048    1.0000     87.60      3.95    141.19               9.0  4.0  C/2010 E8 (SOHO)                                         MPC 72132
    CK10E090  2010 03 10.94    0.0051    1.0000     98.02     17.13    135.70               9.0  4.0  C/2010 E9 (SOHO)                                         MPC 72132
    CK10E100  2010 03 11.93    0.0049    1.0000     79.80    359.21    143.95               9.0  4.0  C/2010 E10 (SOHO)                                        MPC 72132
    CK10E110  2010 03 14.10    0.0047    1.0000     84.44      5.18    144.44               9.0  4.0  C/2010 E11 (SOHO)                                        MPC 72132
    CK10E120  2010 03 14.10    0.0057    1.0000     83.62      5.02    144.55               9.0  4.0  C/2010 E12 (SOHO)                                        MPC 72132
    CK10E130  2010 03 16.56    0.0056    1.0000     79.19      5.03    144.65               9.0  4.0  C/2010 E13 (SOHO)                                        MPC 72132
    CK10F010  2009 11  9.1862  3.574621  0.947499  127.2932  344.6401   64.9332  20230225   9.5  4.0  C/2010 F1 (Boattini)                                     MPC 72132
    CK10F030  2010 07 25.3507  5.477658  0.912618   31.4057  157.3488    4.6329  20230225   8.5  4.0  C/2010 F3 (Scotti)                                       MPC 82316
    CK10F040  2010 04  6.109   0.61383   1.00000   120.718   237.294    89.143             13.5  4.0  C/2010 F4 (Machholz)                                     MPC 69906
    CK10F050  2010 03 16.97    0.0050    1.0000     83.94      4.53    142.70               9.0  4.0  C/2010 F5 (SOHO)                                         MPC 72132
    CK10F060  2010 03 18.12    0.0075    1.0000     84.38      5.82    144.50               9.0  4.0  C/2010 F6 (SOHO)                                         MPC 72132
    CK10F070  2010 03 18.76    0.0054    1.0000     62.90    325.40    141.17               9.0  4.0  C/2010 F7 (SOHO)                                         MPC 72132
    CK10F080  2010 03 21.51    0.0362    1.0000     50.52     79.73     64.79               9.0  4.0  C/2010 F8 (SOHO)                                         MPC 72132
    CK10F090  2010 03 24.78    0.0048    1.0000     85.65      5.21    144.38               9.0  4.0  C/2010 F9 (SOHO)                                         MPC 72132
    CK10F100  2010 03 25.96    0.0048    1.0000     79.77    359.88    144.25               9.0  4.0  C/2010 F10 (SOHO)                                        MPC 72133
    CK10F110  2010 03 27.93    0.0050    1.0000     77.84      1.29    143.14               9.0  4.0  C/2010 F11 (SOHO)                                        MPC 72133
    CK10F87B  2010 11 11.6565  2.818044  0.987823  264.7414   89.8622  107.6838  20230225  10.0  4.0  C/2010 FB87 (WISE-Garradd)                               MPC 82316
    CK10G010  2010 03 30.5234  1.190617  0.997163  168.4865  287.5086   78.2333  20230225  12.5  4.0  C/2010 G1 (Boattini)                                     MPC 70816
    CK10G020  2011 09  3.3813  1.950904  0.978558  137.0172  246.6283  103.7919  20230225   8.0  4.0  C/2010 G2 (Hill)                                         MPC 83142
    CK10G030  2010 04 14.7996  4.903012  0.996554   75.2066  313.8075  108.4332  20220809   8.5  4.0  C/2010 G3 (WISE)                                         MPEC 2022-N37
    CK10G040  2010 04 10.249   0.00474   1.00000    83.409     4.390   144.668              9.0  4.0  C/2010 G4 (SOHO)                                         MPC 72133
    CK10G050  2010 04 15.16    0.0341    1.0000     47.31     79.34     64.23               9.0  4.0  C/2010 G5 (SOHO)                                         MPC 72133
    CK10G060  2010 04 16.27    0.0050    1.0000     78.42    359.48    143.93               9.0  4.0  C/2010 G6 (SOHO)                                         MPC 72133
    CK10H010  2010 06 13.4559  2.775728  0.999060  234.1209  347.2549   36.3291  20220809  13.0  4.0  C/2010 H1 (Garradd)                                      MPEC 2022-N37
    PK10H020  2025 03  9.7897  3.077802  0.196813  128.0124   64.1867   14.2789  20230225   6.0  4.0  P/2010 H2 (Vales)                                        MPC 72851
    PK10H030  2010 04 19.8921  0.047573  0.984616   24.8606   78.3483   23.8790  20100504  20.0  2.0  P/2010 H3 (SOHO)                                         MPC 70361
    PK10H040  2027 05 23.1008  4.849854  0.266445  179.2060   44.7341    2.3178  20240331  10.5  4.0  P/2010 H4 (Scotti)                                       MPEC 2024-GJ3
    PK10H050  2029 05 28.1421  6.078613  0.152546  174.8097   24.5916   14.0576  20230225  13.0  2.0  P/2010 H5 (Scotti)                                       MPC 74637
    CK10H060  2010 04 18.33    0.0050    1.0000     86.47      1.28    145.40               9.0  4.0  C/2010 H6 (SOHO)                                         MPC 72133
    CK10H070  2010 04 23.68    0.0051    1.0000     83.39      6.16    142.69               9.0  4.0  C/2010 H7 (SOHO)                                         MPC 72851
    CK10H080  2010 04 26.88    0.0047    1.0000     80.82    359.96    144.10               9.0  4.0  C/2010 H8 (SOHO)                                         MPC 72851
    CK10H090  2010 04 26.81    0.0072    1.0000     82.01      7.90    142.44               9.0  4.0  C/2010 H9 (SOHO)                                         MPC 72851
    CK10H100  2010 04 28.22    0.0077    1.0000     83.47     11.21    143.16               9.0  4.0  C/2010 H10 (SOHO)                                        MPC 72852
    CK10H110  2010 04 28.16    0.0050    1.0000     76.95    357.01    144.90               9.0  4.0  C/2010 H11 (SOHO)                                        MPC 72852
    CK10H120  2010 04 24.10    0.0051    1.0000     41.20    300.83    137.22               9.0  4.0  C/2010 H12 (SOHO)                                        MPC 72852
    CK10J010  2010 02  3.9622  1.717686  0.952901  333.2856  254.9557  134.3592  20230225  12.0  4.0  C/2010 J1 (Boattini)                                     MPC 71278
    CK10J020  2010 05 31.8035  3.423032  0.998769    4.6821  311.7519  125.9936  20230225   9.0  4.0  C/2010 J2 (McNaught)                                     MPC 75712
    PK10J030  2010 08 23.4802  2.455098  0.726742  157.3183  106.6606   13.2553  20100901  11.0  4.0  P/2010 J3 (McMillan)                                     MPC 98558
    CK10J040  2010 05  3.170   1.08553   1.00000    83.751   316.404   162.297             19.5  4.0  C/2010 J4 (WISE)                                         MPC 70362
    CK10J060  2010 05  1.98    0.0075    1.0000     18.09    277.65    126.41               9.0  4.0  C/2010 J6 (SOHO)                                         MPC 72852
    CK10J070  2010 05  6.49    0.0066    1.0000     83.09      8.90    142.34               9.0  4.0  C/2010 J7 (SOHO)                                         MPC 72852
    CK10J080  2010 05  9.11    0.0074    1.0000     85.70     11.55    141.71               9.0  4.0  C/2010 J8 (SOHO)                                         MPC 72852
    CK10J090  2010 05  9.26    0.0048    1.0000     75.45    354.51    144.93               9.0  4.0  C/2010 J9 (SOHO)                                         MPC 72852
    CK10J100  2010 05 11.55    0.0051    1.0000     61.30    335.07    146.03               9.0  4.0  C/2010 J10 (SOHO)                                        MPC 72852
    CK10J110  2010 05 12.14    0.0076    1.0000     84.33      5.86    144.46               9.0  4.0  C/2010 J11 (SOHO)                                        MPC 72852
    CK10J120  2010 05 12.47    0.0048    1.0000     77.31    355.55    144.87               9.0  4.0  C/2010 J12 (SOHO)                                        MPC 72852
    CK10J130  2010 05 12.57    0.0049    1.0000     82.66      2.25    145.06               9.0  4.0  C/2010 J13 (SOHO)                                        MPC 72852
    CK10J140  2010 05 13.63    0.0055    1.0000     84.72      6.10    144.48               9.0  4.0  C/2010 J14 (SOHO)                                        MPC 72853
    CK10J150  2010 05 12.76    0.0056    1.0000     83.31      6.48    142.65               9.0  4.0  C/2010 J15 (SOHO)                                        MPC 72853
    CK10J160  2010 05 16.38    0.0061    1.0000     76.33    352.84    146.91               9.0  4.0  C/2010 J16 (SOHO)                                        MPC 72853
    PK10J81C  2034 05 23.7158  1.798571  0.778090   12.4273   30.8784   38.8180  20230225   9.0  4.0  P/2010 JC81 (WISE)                                       MPC 84315
    CK10K030  2010 05 18.44    0.0074    1.0000     59.01    331.64    138.86               9.0  4.0  C/2010 K3 (SOHO)                                         MPC 72853
    CK10K040  2010 05 18.63    0.0045    1.0000     72.81    350.10    144.40               9.0  4.0  C/2010 K4 (SOHO)                                         MPC 72853
    CK10K050  2010 05 23.07    0.0056    1.0000     85.83      8.03    143.91               9.0  4.0  C/2010 K5 (SOHO)                                         MPC 72853
    CK10K060  2010 05 23.23    0.0045    1.0000     80.05    359.37    145.28               9.0  4.0  C/2010 K6 (SOHO)                                         MPC 72853
    CK10K070  2010 05 23.55    0.0057    1.0000     66.73    339.79    148.13               9.0  4.0  C/2010 K7 (SOHO)                                         MPC 72853
    CK10K07W  2010 10 12.5850  2.535266  0.973174  332.2682  104.9217  147.0657  20230225  15.0  2.0  C/2010 KW7 (WISE)                                        MPC 74248
    CK10K080  2010 05 27.02    0.0079    1.0000     94.15     25.12    136.49               9.0  4.0  C/2010 K8 (SOHO)                                         MPC 72853
    CK10K090  2010 05 28.30    0.0051    1.0000     82.76      4.58    142.79               9.0  4.0  C/2010 K9 (SOHO)                                         MPC 72853
    CK10K100  2010 05 30.87    0.0046    1.0000     73.26    351.20    147.27               9.0  4.0  C/2010 K10 (SOHO)                                        MPC 72853
    CK10K110  2010 05 31.04    0.0051    1.0000     76.31    355.29    146.36               9.0  4.0  C/2010 K11 (SOHO)                                        MPC 72853
    CK10K120  2010 06  1.44    0.0069    1.0000     94.32     20.29    139.52               9.0  4.0  C/2010 K12 (SOHO)                                        MPC 72854
    CK10L030  2010 11  9.6267  9.919005  0.999779  122.0004   38.3767  102.6941  20230225   4.5  4.0  C/2010 L3 (Catalina)                                     MPC 83518
    CK10L040  2010 02 16.1257  2.847769  0.963796   95.9102  125.3831  102.7058  20230225  11.5  4.0  C/2010 L4 (WISE)                                         MPC112389
    CK10L050  2033 01 17.5536  0.794245  0.901053  214.6511  206.7104  147.1501  20230225  18.0  4.0  C/2010 L5 (WISE)                                         MPC 74248
    CK10L060  2010 06  1.80    0.0079    1.0000    102.87     36.96    132.30               9.0  4.0  C/2010 L6 (SOHO)                                         MPC 72854
    CK10L070  2010 06  5.39    0.0051    1.0000     78.02    357.90    144.81               9.0  4.0  C/2010 L7 (SOHO)                                         MPC 72854
    CK10L080  2010 06  5.40    0.0060    1.0000     40.66    314.94    142.09               9.0  4.0  C/2010 L8 (SOHO)                                         MPC 72854
    CK10L090  2010 06  7.95    0.0050    1.0000     89.66     11.97    142.74               9.0  4.0  C/2010 L9 (SOHO)                                         MPC 72854
    CK10L100  2010 06  8.76    0.0051    1.0000     86.55      7.91    142.79               9.0  4.0  C/2010 L10 (SOHO)                                        MPC 72854
    CK10L110  2010 06  8.64    0.0339    1.0000     57.00     73.27     72.65               9.0  4.0  C/2010 L11 (SOHO)                                        MPC 72854
    CK10L120  2010 06  9.42    0.0051    1.0000     56.58    332.95    146.77               9.0  4.0  C/2010 L12 (SOHO)                                        MPC 72854
    CK10L130  2010 06 12.02    0.0048    1.0000     85.36      6.46    142.91               9.0  4.0  C/2010 L13 (SOHO)                                        MPC 72854
    CK10L140  2010 06 12.65    0.0047    1.0000     75.91    355.47    145.94               9.0  4.0  C/2010 L14 (SOHO)                                        MPC 72854
    CK10L150  2010 06 12.90    0.0073    1.0000     97.71     25.90    123.38               9.0  4.0  C/2010 L15 (SOHO)                                        MPC 72854
    CK10L160  2010 06 14.55    0.0054    1.0000     85.23      6.55    144.36               9.0  4.0  C/2010 L16 (SOHO)                                        MPC 72854
    CK10L170  2010 06 14.56    0.0066    1.0000     67.69    345.52    143.56               9.0  4.0  C/2010 L17 (SOHO)                                        MPC 72854
    CK10L180  2010 06 15.88    0.0052    1.0000     89.53     10.81    141.72               9.0  4.0  C/2010 L18 (SOHO)                                        MPC 72854
    CK10L190  2010 06 15.88    0.0056    1.0000     84.10      5.90    142.95               9.0  4.0  C/2010 L19 (SOHO)                                        MPC 72855
    AK10LD5N  2011 05 25.8290  1.738638  0.999876  181.5375  184.7524   64.6416  20240331  14.0  2.0  A/2010 LN135                                             MPEC 2024-H77
    CK10M010  2010 12 10.5851  7.966685  0.993597  167.3799   66.5365  116.4821  20101230   9.0  4.0  C/2010 M1 (Gibbs)                                        MPEC 2020-HN5
    CK10M020  2010 06 17.39    0.0072    1.0000     89.81     11.13    142.97               9.0  4.0  C/2010 M2 (SOHO)                                         MPC 72855
    CK10M030  2010 06 17.9190  0.016782  1.000000   16.4464  295.2907  125.6475             9.0  4.0  C/2010 M3 (SOHO)                                         MPC 84616
    CK10M040  2010 06 20.7318  0.046600  1.000000   31.2387   78.6049   24.5270             9.0  4.0  C/2010 M4 (SOHO)                                         MPC 84616
    CK10M050  2010 06 21.9236  0.005176  1.000000   69.0137  348.0854  145.4336             9.0  4.0  C/2010 M5 (SOHO)                                         MPC 84616
    CK10M060  2010 06 21.5559  0.001129  1.000000  352.0387   60.8324   54.9297             9.0  4.0  C/2010 M6 (SOHO)                                         MPC 84616
    CK10M070  2010 06 22.3690  0.007300  1.000000   87.2066    8.2466  143.6473             9.0  4.0  C/2010 M7 (SOHO)                                         MPC 84616
    CK10M080  2010 06 22.4722  0.004116  1.000000   86.4313    5.0204  144.0972             9.0  4.0  C/2010 M8 (SOHO)                                         MPC 84617
    CK10N030  2010 07  7.2362  0.007438  1.000000   54.1448  336.0789  144.7464             9.0  4.0  C/2010 N3 (SOHO)                                         MPC 84617
    CK10N040  2010 07  7.0783  0.017958  1.000000   12.8398  309.1745  138.6907             9.0  4.0  C/2010 N4 (SOHO)                                         MPC 84617
    CK10N050  2010 07 14.3751  0.002779  1.000000   94.3571    7.8241  130.0519             9.0  4.0  C/2010 N5 (SOHO)                                         MPC 84617
    CK10O010  2010 07 19.1804  0.006284  1.000000  122.2844   84.3281   75.7631             9.0  4.0  C/2010 O1 (SOHO)                                         MPC 84617
    CK10O020  2010 07 19.4220  0.009194  1.000000   49.8204  334.0301  144.3450             9.0  4.0  C/2010 O2 (SOHO)                                         MPC 84617
    CK10O030  2010 07 19.9455  0.004125  1.000000  122.1024   49.3506  119.1885             9.0  4.0  C/2010 O3 (SOHO)                                         MPC 84617
    CK10O040  2010 07 23.5286  0.023041  1.000000  338.4744  125.0017   57.5119             9.0  4.0  C/2010 O4 (SOHO)                                         MPC 84617
    CK10O050  2010 07 24.1133  0.003436  1.000000   99.2045   19.8654  139.0013             9.0  4.0  C/2010 O5 (SOHO)                                         MPC 84617
    CK10O060  2010 07 29.3770  0.033537  1.000000   57.4580   72.5602   72.0443             9.0  4.0  C/2010 O6 (SOHO)                                         MPC 84617
    CK10O070  2010 08  1.4040  0.059258  1.000000  352.2189  321.2712  141.3318             9.0  4.0  C/2010 O7 (SOHO)                                         MPC 84617
    CK10P060  2010 08  3.8963  0.002293  1.000000   94.6963    9.8569  143.5599             9.0  4.0  C/2010 P6 (SOHO)                                         MPC 84617
    CK10P070  2010 08  9.9931  0.022319  1.000000   48.5580  344.2237  145.9572             9.0  4.0  C/2010 P7 (SOHO)                                         MPC 84617
    CK10P080  2010 08 13.3677  0.005855  1.000000   83.9507    4.9667  144.3792             9.0  4.0  C/2010 P8 (SOHO)                                         MPC 84617
    CK10P090  2010 08 13.8595  0.041595  1.000000  250.5733  154.9899  134.9739             9.0  4.0  C/2010 P9 (SOHO)                                         MPC 84618
    CK10Q020  2010 08 24.7948  0.008030  1.000000   51.3773  325.8157  133.4815             9.0  4.0  C/2010 Q2 (SOHO)                                         MPC 84618
    CK10Q030  2010 08 26.2437  0.042879  1.000000   29.3010  340.3567  143.4816             9.0  4.0  C/2010 Q3 (SOHO)                                         MPC 84618
    CK10R010  2012 05 21.5542  5.632462  1.001363  114.7862  343.7765  156.9984  20230225   6.0  4.0  C/2010 R1 (LINEAR)                                       MPC 88325
    CK10R030  2010 09  4.6044  0.003293  1.000000   87.2629    8.7821  146.6555             9.0  4.0  C/2010 R3 (SOHO)                                         MPC 84618
    CK10R040  2010 09  6.7262  0.001332  1.000000  111.3953   26.9655  139.0000             9.0  4.0  C/2010 R4 (SOHO)                                         MPC 84618
    CK10R050  2010 09  7.2806  0.004923  1.000000   82.7680    5.5015  144.7954             9.0  4.0  C/2010 R5 (SOHO)                                         MPC 84618
    CK10R060  2010 09 13.2768  0.001806  1.000000   68.5909  321.4060  139.2648             9.0  4.0  C/2010 R6 (SOHO)                                         MPC 84618
    CK10S010  2013 05 14.8656  5.938277  1.000066  118.7852   93.5578  125.3805  20230225   3.5  4.0  C/2010 S1 (LINEAR)                                       MPC115879
    CK10S020  2010 09 20.1999  0.015110  1.000000   40.2920  342.8374  136.7063             9.0  4.0  C/2010 S2 (SOHO)                                         MPC 84618
    CK10S030  2010 09 19.6785  0.035167  1.000000   60.8693   67.6238   76.9721             9.0  4.0  C/2010 S3 (SOHO)                                         MPC 84618
    CK10S040  2010 09 21.7933  0.000596  1.000000  349.8315    6.7583  143.3770             9.0  4.0  C/2010 S4 (SOHO)                                         MPC 84618
    CK10S050  2010 09 22.1283  0.005254  1.000000   76.2727  359.6838  144.1478             9.0  4.0  C/2010 S5 (SOHO)                                         MPC 84618
    CK10S060  2010 09 22.7918  0.001848  1.000000   90.0816    1.8596  144.0871             9.0  4.0  C/2010 S6 (SOHO)                                         MPC 84618
    CK10S070  2010 09 28.2187  0.003332  1.000000   87.9924  351.4775  144.3543             9.0  4.0  C/2010 S7 (SOHO)                                         MPC 84619
    CK10S080  2010 09 30.3376  0.005117  1.000000   86.1637    6.6486  144.4087             9.0  4.0  C/2010 S8 (SOHO)                                         MPC 84619
    CK10S090  2010 09 30.3589  0.015425  1.000000  249.9344  336.3792   84.6376             9.0  4.0  C/2010 S9 (SOHO)                                         MPC 84619
    PK10T020  2024 03 13.3626  3.772316  0.324925  352.7619   58.0785    7.8741  20230225  11.5  4.0  P/2010 T2 (PANSTARRS)                                    MPC 74248
    CK10T030  2010 10  2.5535  0.003308  1.000000   87.7150    4.6131  144.6997             9.0  4.0  C/2010 T3 (SOHO)                                         MPC 84619
    CK10T040  2010 10  2.1990  0.033893  1.000000   66.1623   65.5405   84.0950             9.0  4.0  C/2010 T4 (SOHO)                                         MPC 84619
    CK10T050  2010 10  4.4665  0.033701  1.000000   44.2691    9.7963  142.7161             9.0  4.0  C/2010 T5 (SOHO)                                         MPC 84619
    CK10T060  2010 10  4.6962  0.035657  1.000000   57.8602   72.0825   72.0000             9.0  4.0  C/2010 T6 (SOHO)                                         MPC 84619
    CK10T070  2010 10 13.0717  0.031513  1.000000   43.2978   13.6283  142.2084             9.0  4.0  C/2010 T7 (SOHO)                                         MPC 84619
    CK10U030  2019 02 25.4152  8.439982  0.997034   88.0371   42.9907   55.5606  20230225   1.0  4.0  C/2010 U3 (Boattini)                                     MPEC 2023-J95
    CK10U040  2010 10 16.6429  0.000669  1.000000   42.7750  288.1834  141.2522             9.0  4.0  C/2010 U4 (SOHO)                                         MPC 84619
    CK10U050  2010 10 18.1747  0.043460  1.000000   33.3621   19.2964  139.5202             9.0  4.0  C/2010 U5 (SOHO)                                         MPC 84619
    CK10U060  2010 10 19.3536  0.015283  1.000000   77.0222   12.4960  142.6344             9.0  4.0  C/2010 U6 (SOHO)                                         MPC 84619
    CK10U070  2010 10 19.3718  0.003785  1.000000   76.3757  355.4643  143.6321             9.0  4.0  C/2010 U7 (SOHO)                                         MPC 84619
    CK10U080  2010 10 21.4847  0.005191  1.000000   85.1137    5.9148  144.5780             9.0  4.0  C/2010 U8 (SOHO)                                         MPC 84620
    CK10U090  2010 10 19.8994  0.046043  1.000000   34.8558   17.4303  140.5160             9.0  4.0  C/2010 U9 (SOHO)                                         MPC 84620
    CK10U100  2010 10 20.9654  0.005312  1.000000   85.7416    7.8087  144.9095             9.0  4.0  C/2010 U10 (SOHO)                                        MPC 84620
    CK10U110  2010 10 23.3505  0.043962  1.000000   74.3307   26.2530   12.2357             9.0  4.0  C/2010 U11 (SOHO)                                        MPC 84620
    CK10U120  2010 10 25.4876  0.015153  1.000000   73.3945   17.9453  141.1822             9.0  4.0  C/2010 U12 (SOHO)                                        MPC 84620
    PK10U55H  2028 06  3.3676  2.901811  0.563924  225.1314  232.9163    8.0380  20230225  11.0  4.0  P/2010 UH55 (Spacewatch)                                 MPC 79021
    CK10V040  2010 11  5.3574  0.011151  1.000000   84.8507   19.5525  139.6031             9.0  4.0  C/2010 V4 (SOHO)                                         MPC 84620
    CK10V050  2010 11  5.5307  0.015132  1.000000   73.6742    1.0878  142.5908             9.0  4.0  C/2010 V5 (SOHO)                                         MPC 84620
    CK10V060  2010 11  5.7007  0.033467  1.000000   57.4111   72.1269   71.8154             9.0  4.0  C/2010 V6 (SOHO)                                         MPC 84620
    CK10V070  2010 11 10.9954  0.004931  1.000000   82.4907    3.7291  145.9336             9.0  4.0  C/2010 V7 (SOHO)                                         MPC 84620
    CK10V080  2010 11 14.5057  0.005372  1.000000   85.2567    6.6452  144.4613             9.0  4.0  C/2010 V8 (SOHO)                                         MPC 84620
    CK10V090  2010 11 12.8862  0.050476  1.000000  285.8456   41.6361  111.5581             9.0  4.0  C/2010 V9 (SOHO)                                         MPC 84620
    CK10V100  2010 11 12.5519  0.110994  1.000000  316.6012   45.1576  118.0228             9.0  4.0  C/2010 V10 (SOHO)                                        MPC 84620
    CK10V110  2010 11 12.9815  0.032862  1.000000   57.7671   73.4076   70.8746             9.0  4.0  C/2010 V11 (SOHO)                                        MPC 84620
    CK10W020  2010 11 19.2460  0.005410  1.000000   85.3727    6.8664  144.4373             9.0  4.0  C/2010 W2 (SOHO)                                         MPC 84620
    CK10W030  2010 11 22.5149  0.104493  1.000000   35.3332   51.8860  120.8063             9.0  4.0  C/2010 W3 (SOHO)                                         MPC 84621
    CK10W040  2010 11 21.4097  0.157466  1.000000   21.6984   53.7230  118.9377             9.0  4.0  C/2010 W4 (SOHO)                                         MPC 84621
    CK10W050  2010 11 25.2399  0.035986  1.000000   56.7745   73.4851   72.3041             9.0  4.0  C/2010 W5 (SOHO)                                         MPC 84621
    CK10W060  2010 11 25.5050  0.035602  1.000000   56.3836   73.6087   72.1167             9.0  4.0  C/2010 W6 (SOHO)                                         MPC 84621
    CK10W070  2010 11 27.5027  0.008612  1.000000   98.2978   30.8026  133.2545             9.0  4.0  C/2010 W7 (SOHO)                                         MPC 84621
    CK10W080  2010 11 28.8382  0.005282  1.000000   87.4591    8.8997  143.8187             9.0  4.0  C/2010 W8 (SOHO)                                         MPC 84621
    CK10W090  2010 11 30.3191  0.119719  1.000000   34.0278   60.9916  103.6836             9.0  4.0  C/2010 W9 (SOHO)                                         MPC 84621
    CK10X010  2011 09 15.0074  0.474452  0.999211  345.0168  321.6593    1.8850  20230225  10.0  4.0  C/2010 X1 (Elenin)                                       MPC 76025
    CK10X020  2010 12  3.8728  0.005300  1.000000   93.1056   17.6402  141.1141             9.0  4.0  C/2010 X2 (SOHO)                                         MPC 84621
    CK10X030  2010 12  4.3760  0.006893  1.000000   14.3146  288.5516  132.0235             9.0  4.0  C/2010 X3 (SOHO)                                         MPC 84621
    CK10X040  2010 12  3.5651  0.073913  1.000000  294.7104   64.7964   91.0439             9.0  4.0  C/2010 X4 (SOHO)                                         MPC 84621
    CK10X050  2010 12  5.8339  0.008977  1.000000  106.6013   46.4612  124.1699             9.0  4.0  C/2010 X5 (SOHO)                                         MPC 84621
    CK10X060  2010 12  8.6625  0.210682  1.000000   18.8129   71.3107   94.0357             9.0  4.0  C/2010 X6 (SOHO)                                         MPC 84621
    CK10X070  2010 12  7.8216  0.004777  1.000000   77.8576  357.9098  145.6459             9.0  4.0  C/2010 X7 (SOHO)                                         MPC 84621
    CK10X080  2010 12  7.9982  0.009559  1.000000    7.0595  287.4072  130.0062             9.0  4.0  C/2010 X8 (SOHO)                                         MPC 84621
    CK10X090  2010 12 10.3345  0.005024  1.000000   87.2600   10.0309  142.3307             9.0  4.0  C/2010 X9 (SOHO)                                         MPC 84622
    CK10X100  2010 12  8.8138  0.047325  1.000000  291.8982   65.6772   77.8645             9.0  4.0  C/2010 X10 (SOHO)                                        MPC 84622
    CK10X110  2010 12 14.4255  0.035554  1.000000   87.7541   69.0637   97.7502             9.0  4.0  C/2010 X11 (SOHO)                                        MPC 84622
    CK10X120  2010 12 14.2034  0.005610  1.000000   92.5046   16.4144  140.3388             9.0  4.0  C/2010 X12 (SOHO)                                        MPC 84622
    CK10X130  2010 12 13.9650  0.010502  1.000000   42.7394  324.7331  146.1736             9.0  4.0  C/2010 X13 (SOHO)                                        MPC 84622
    CK10X140  2010 12 15.0767  0.007397  1.000000   84.8472    6.0940  144.6805             9.0  4.0  C/2010 X14 (SOHO)                                        MPC 84622
    CK10X150  2010 12 14.7181  0.005309  1.000000  102.8453   30.9383  134.8722             9.0  4.0  C/2010 X15 (SOHO)                                        MPC 84622
    CK10X160  2010 12 15.9340  0.009269  1.000000   82.7192    2.3075  142.3549             9.0  4.0  C/2010 X16 (SOHO)                                        MPC 84622
    CK10X170  2010 12 16.1664  0.005473  1.000000   98.4777   23.4724  137.6681             9.0  4.0  C/2010 X17 (SOHO)                                        MPC 84622
    CK10Y010  2010 12 15.9359  0.057518  1.000000  293.2623   73.8898   71.0418             9.0  4.0  C/2010 Y1 (SOHO)                                         MPC 84622
    CK10Y020  2010 12 17.0767  0.008316  1.000000   72.0871  353.6198  146.9561             9.0  4.0  C/2010 Y2 (SOHO)                                         MPC 84622
    CK10Y030  2010 12 17.3682  0.006421  1.000000  114.8149   48.5772  123.5520             9.0  4.0  C/2010 Y3 (SOHO)                                         MPC 84622
    CK10Y040  2010 12 17.4235  0.007425  1.000000   44.6839  326.4728  144.9378             9.0  4.0  C/2010 Y4 (SOHO)                                         MPC 84622
    CK10Y050  2010 12 18.7082  0.005352  1.000000  101.7019   27.0942  139.0854             9.0  4.0  C/2010 Y5 (SOHO)                                         MPC 84622
    CK10Y060  2010 12 18.2357  0.007470  1.000000  115.4590   54.8837  117.5706             9.0  4.0  C/2010 Y6 (SOHO)                                         MPC 84623
    CK10Y070  2010 12 18.4603  0.006908  1.000000   89.6074    9.0350  135.1342             9.0  4.0  C/2010 Y7 (SOHO)                                         MPC 84623
    CK10Y080  2010 12 18.8629  0.008382  1.000000  116.2207   58.8015  110.6495             9.0  4.0  C/2010 Y8 (SOHO)                                         MPC 84623
    CK10Y090  2010 12 19.4944  0.006813  1.000000   65.6895  339.4184  134.1084             9.0  4.0  C/2010 Y9 (SOHO)                                         MPC 84623
    CK10Y100  2010 12 21.0455  0.005058  1.000000   87.1720    9.1684  144.6014             9.0  4.0  C/2010 Y10 (SOHO)                                        MPC 84623
    CK10Y110  2010 12 19.9599  0.037252  1.000000  343.7702  288.7149  124.0803             9.0  4.0  C/2010 Y11 (SOHO)                                        MPC 84623
    CK10Y120  2010 12 20.7076  0.004880  1.000000   79.6345    0.4006  144.1902             9.0  4.0  C/2010 Y12 (SOHO)                                        MPC 84623
    CK10Y130  2010 12 20.9017  0.006145  1.000000   65.6530  347.4737  147.1849             9.0  4.0  C/2010 Y13 (SOHO)                                        MPC 84623
    CK10Y140  2010 12 20.4686  0.007623  1.000000   41.9221  324.2573  143.6236             9.0  4.0  C/2010 Y14 (SOHO)                                        MPC 84623
    CK10Y150  2010 12 22.4609  0.005012  1.000000   89.0298   11.2560  144.2953             9.0  4.0  C/2010 Y15 (SOHO)                                        MPC 84623
    CK10Y160  2010 12 21.8338  0.007750  1.000000   57.0447  329.4710  133.4882             9.0  4.0  C/2010 Y16 (SOHO)                                        MPC 84623
    CK10Y170  2010 12 23.3579  0.004764  1.000000   82.5740    3.4681  143.7303             9.0  4.0  C/2010 Y17 (SOHO)                                        MPC 84623
    CK10Y180  2010 12 23.3457  0.006143  1.000000   58.5181  339.0027  145.1342             9.0  4.0  C/2010 Y18 (SOHO)                                        MPC 84623
    CK10Y190  2010 12 27.2824  0.004718  1.000000  118.0535   49.4019  122.3187             9.0  4.0  C/2010 Y19 (SOHO)                                        MPC 84623
    CK10Y200  2010 12 27.0887  0.037208  1.000000  320.9043  293.7814  131.7343             9.0  4.0  C/2010 Y20 (SOHO)                                        MPC 84624
    CK11A030  2011 12 13.5236  2.372965  0.997831  141.6290  124.6118   26.0892  20230225  10.0  4.0  C/2011 A3 (Gibbs)                                        MPC 98558
    CK11B010  2011 02  2.5226  0.004138  1.000000   84.6068    3.9463  145.3179             9.0  4.0  C/2011 B1 (SOHO)                                         MPC 84624
    CK11C010  2011 04 19.1667  0.899193  0.998603   86.6859  190.4730   16.1571  20230225  15.5  4.0  C/2011 C1 (McNaught)                                     MPC 82317
    PK11C020  2032 02 18.1151  5.416411  0.269300  160.5666   11.9537   10.8871  20230225   9.0  4.0  P/2011 C2 (Gibbs)                                        MPC 84021
    CK11C030  2011 04  3.3895  1.537182  0.995012  207.0233   20.8498   48.9881  20230225  17.0  4.0  C/2011 C3 (Gibbs)                                        MPC 75516
    PK11E010  2021 10 19.3072  0.052341  0.982789   73.6650   27.8706   11.7422  20211102   9.0  4.0  P/2011 E1 (SOHO)                                         unp
    CK11F010  2013 01  7.7793  1.838095  1.000113  192.7057   85.1337   56.5410  20230225   5.0  4.0  C/2011 F1 (LINEAR)                                       MPC 89309
    PK11FE3R  2029 02  9.0372  3.769966  0.450837  349.9585  190.8775   15.9754  20230225  14.0  2.0  P/2011 FR143 (Lemmon)                                    MPC 79866
    CK11G010  2011 09 18.9580  2.122024  1.000575  355.0213  153.2534  162.1369  20230225  12.0  4.0  C/2011 G1 (McNaught)                                     MPC 80044
    CK11J020  2013 12 21.7139  3.440239  0.999994   85.2083  163.8448  122.5918  20230225   5.5  3.6  C/2011 J2 (LINEAR)                                       MPC106343
    CK11J02b  2013 12 21.5960  3.439411  1.000753   85.1658  163.8414  122.5943  20230225   9.0  3.6  C/2011 J2-B (LINEAR)                                     MPEC 2015-K84
    CK11J02c  2013 12 21.6887  3.439256  1.000789   85.1830  163.8466  122.5896  20230225  11.0  3.6  C/2011 J2-C (LINEAR)                                     unp
    CK11J030  2011 01 21.5699  1.460943  0.925299   27.9294   21.6603  114.9978  20230225  15.0  4.0  C/2011 J3 (LINEAR)                                       MPC 75713
    PK11J15B  2032 01 14.9751  5.042937  0.315607  111.0713  153.5400   19.1393  20230225   9.0  4.0  P/2011 JB15 (Spacewatch-Boattini)                        MPC 82317
    CK11K010  2011 04 20.2783  3.405400  1.000327  167.3121   70.8369  122.5221  20230225  12.0  4.0  C/2011 K1 (Schwartz-Holvorcem)                           MPC 75516
    CK11K36P  2016 05 29.1442  4.895606  0.875738  180.9062  173.2620   18.9879  20230225   4.5  4.0  C/2011 KP36 (Spacewatch)                                 MPEC 2023-J95
    CK11L010  2010 12  8.3528  2.269564  0.794585  294.6004  252.3498   65.4789  20230225  11.0  4.0  C/2011 L1 (McNaught)                                     MPC 83518
    CK11L020  2011 11  4.6558  1.931960  1.000101  256.8241  131.5512  104.5607  20230225  12.5  4.0  C/2011 L2 (McNaught)                                     MPC 78588
    CK11L030  2011 08 12.7137  1.932334  0.998778   27.6749  307.7559   87.4214  20230225  12.5  4.0  C/2011 L3 (McNaught)                                     MPC 77405
    CK11L040  2013 03  8.8384  0.293197  0.999839  333.3762   65.3572   84.5438  20230225   5.5  4.0  C/2011 L4 (PANSTARRS)                                    MPC115880
    CK11L060  2011 01 23.5661  6.812040  1.002003  331.8942  214.6626  171.4508  20230225   9.0  4.0  C/2011 L6 (Boattini)                                     MPC 82718
    CK11M010  2011 09  7.2535  0.883756  1.002116  119.1819  325.3492   70.1964  20230225  12.0  4.0  C/2011 M1 (LINEAR)                                       MPC 75714
    PK11N010  2027 12 30.3580  2.838922  0.545273  330.3560   77.6273   35.7625  20230225  11.5  4.0  P/2011 N1 (ASH)                                          MPC 87913
    CK11N020  2011 10 16.8558  2.591331  0.999254  357.2913  273.9637   33.6860  20230225  11.5  4.0  C/2011 N2 (McNaught)                                     MPC 76569
    CK11N030  2011 07  6.00    0.0053    1.0000     85.10      6.41    144.41               9.0  4.0  C/2011 N3 (SOHO)                                         MPC 75517
    CK11O010  2012 08 21.3763  3.896613  0.996357  232.4232   89.8017   76.4401  20230225   7.0  4.0  C/2011 O1 (LINEAR)                                       MPC 87476
    PK11P010  2030 12 16.6446  5.015028  0.327622  349.1126    4.2970    5.6597  20230225   9.0  4.0  P/2011 P1 (McNaught)                                     MPEC 2022-ED3
    CK11P020  2010 09  8.4518  6.172678  0.367237   76.5311  203.8712    8.9798  20230225   8.5  4.0  C/2011 P2 (PANSTARRS)                                    MPC107047
    CK11Q010  2011 06 24.9750  6.818811  0.998123  136.0814  142.1353   94.8100  20230225   9.5  4.0  C/2011 Q1 (PANSTARRS)                                    MPC 79867
    CK11Q020  2012 01 23.0667  1.353741  0.999006   34.7872  287.2098   37.2380  20230225  10.0  4.0  C/2011 Q2 (McNaught)                                     MPC 79342
    CK11Q040  2011 09 22.9450  1.121940  0.973219    2.0363  252.1835  147.7238  20230225  12.5  4.0  C/2011 Q4 (SWAN)                                         MPC 79342
    CK11R010  2012 10 17.9312  2.100123  1.000214  309.2067  221.7804  116.2179  20230225   6.5  4.0  C/2011 R1 (McNaught)                                     MPC 88325
    PK11S010  2014 08 16.6011  6.852920  0.201646  192.4675  218.9075    2.6878  20230225   8.0  4.0  P/2011 S1 (Gibbs)                                        MPEC 2022-HC2
    CK11S020  2011 10 18.2171  1.116034  0.931526  192.2361  288.0248   17.5559  20230225  15.5  4.0  C/2011 S2 (Kowalski)                                     MPC 80897
    CK11U030  2012 06  1.8255  1.090599  0.999677  288.2733  228.8525  116.8921  20230225  14.0  4.0  C/2011 U3 (PANSTARRS)                                    MPC 78186
    CK11UU5F  2012 07 25.2862  2.105557  0.999033  121.5949  297.5968   94.0442  20230225   9.0  4.0  C/2011 UF305 (LINEAR)                                    MPC 88325
    PK11V010  2026 04 23.2375  1.738776  0.548918  269.6919   46.4816    7.3843  20230913  15.5  4.0  P/2011 V1 (Boattini)                                     MPEC 2023-UR6
    PK11W010  2022 02  8.0541  3.322235  0.288214  282.7603  161.8311    3.7179  20230225  11.5  4.0  P/2011 W1 (PANSTARRS)                                    MPC 82718
    CK11W030  2011 12 19.4869  0.005928  0.999919   58.3029  333.4540  139.0681  20230225  14.5  4.0  C/2011 W3 (Lovejoy)                                      MPC 77807
    PK11Y020  2027 10  2.7468  1.805634  0.710505  131.9233  309.3652    6.3786  20230225  15.0  4.0  P/2011 Y2 (Boattini)                                     MPC 79342
    CK11Y030  2011 08 23.7696  3.465047  0.704004  340.3000   84.7975   26.5504  20230225   8.0  4.0  C/2011 Y3 (Boattini)                                     MPC 79342
    CK12A010  2013 11 28.5781  7.573195  0.998268  191.7293  277.9744  120.9617  20230225   6.0  4.0  C/2012 A1 (PANSTARRS)                                    MPC 93583
    CK12A020  2012 11  3.1856  3.522637  0.995887  101.4293  191.1699  125.6765  20230225   8.5  4.0  C/2012 A2 (LINEAR)                                       MPC 91611
    PK12A030  2020 05  6.8566  0.595805  0.769609  219.7844  174.5732   11.0146  20200421  17.0  4.0  P/2012 A3 (SOHO)                                         unp
    PK12B010  2030 03 23.6557  3.859344  0.409045  162.4841   36.2150    7.6110  20220121   9.0  4.0  P/2012 B1 (PANSTARRS)                                    MPEC 2022-K19
    CK12B030  2011 12  9.9276  3.536622  1.000620   50.7736  252.9428  106.7854  20230225  10.0  4.0  C/2012 B3 (La Sagra)                                     MPC 82719
    CK12B98J  2083 12 17.1794  2.166996  0.874745   73.1932  123.8000    2.6321  20831207  12.5  4.0  C/2012 BJ98 (Lemmon)                                     MPC 83519
    CK12C010  2013 01 29.3692  4.865174  0.996293  280.0509  300.6281   96.2088  20230225   7.5  4.0  C/2012 C1 (McNaught)                                     MPC 89309
    CK12C020  2012 03  7.4298  0.804455  1.002404   62.7091  118.0072  162.7404  20230225  17.0  4.0  C/2012 C2 (Bruenjes)                                     MPC 80898
    PK12C030  2011 10  6.7469  3.605925  0.630111  344.9542  135.3677    9.0920            13.0  4.0  P/2012 C3 (PANSTARRS)                                    MPC 78590
    CK12C17H  2012 09 26.7538  1.316260  1.000052  138.5284  125.6180   27.7728  20230225  11.0  4.0  C/2012 CH17 (MOSS)                                       MPC 84022
    CK12E010  2011 07  7.4658  7.525360  0.996529   49.0182  286.2592  122.5456  20230225   6.5  4.0  C/2012 E1 (Hill)                                         MPC 84022
    CK12E020  2012 03 15.0314  0.006952  1.000000   83.3435    7.7078  144.2218            10.0  4.0  C/2012 E2 (SWAN)                                         MPC 79023
    CK12E030  2011 05 12.0930  3.835106  0.981600  103.5702    5.7909  105.8427  20230225  10.0  4.0  C/2012 E3 (PANSTARRS)                                    MPC 82318
    CK12F010  2012 02 22.3725  2.529603  0.965235  300.8072  130.4473  159.5810  20230225  14.0  4.0  C/2012 F1 (Gibbs)                                        MPC 79868
    PK12F020  2029 03 20.9037  2.910138  0.540786   33.3142  226.9725   14.7014  20230225  12.0  4.0  P/2012 F2 (PANSTARRS)                                    MPC 84931
    CK12F030  2015 04  7.4314  3.472371  1.004676  104.3679  164.5061   11.3278  20201217   6.5  4.0  C/2012 F3 (PANSTARRS)                                    MPEC 2021-BE3
    CK12F060  2013 03 23.4921  0.741629  0.998303  305.2352  332.1125   82.6390  20230225  10.0  4.0  C/2012 F6 (Lemmon)                                       MPC 90766
    PK12G010  2020 09 30.2323  2.791040  0.329766  266.0577  283.2801   12.1761  20220121  15.0  4.0  P/2012 G1 (PANSTARRS)                                    MPEC 2022-ED3
    CK12H020  2068 05  2.0855  1.716340  0.882844  295.8712  184.2149   92.8907  20680519  15.5  4.0  C/2012 H2 (McNaught)                                     unp
    CK12J010  2012 12 11.5994  3.133095  1.001375  147.3262  234.8793   34.1031  20230225   8.0  4.0  C/2012 J1 (Catalina)                                     MPC109140
    CK12K010  2014 08 25.1070  1.041847  0.999774  202.9886  317.7685  142.2419  20230225   5.6  3.2  C/2012 K1 (PANSTARRS)                                    MPC103843
    PK12K030  2026 07 15.6022  2.095886  0.422421  172.2411  125.8191   13.1910  20230225  15.0  4.0  P/2012 K3 (Gibbs)                                        MPC 80898
    CK12K050  2012 11 29.5701  1.117785  0.997905  138.9040  279.0895   92.8459  20230225  12.0  4.0  C/2012 K5 (LINEAR)                                       MPC103843
    CK12K060  2013 05 22.9835  3.356878  0.998706  339.1782  207.2063  135.1672  20230225   8.5  4.0  C/2012 K6 (McNaught)                                     MPC111766
    CK12K080  2014 08 23.3108  6.467047  1.001889   75.9442  312.7582  106.1637  20230225   6.0  4.0  C/2012 K8 (Lemmon)                                       MPC100577
    CK12K51A  2011 11  6.2708  4.866167  0.990858   93.9858  344.8449   70.7367  20250505   8.7  4.0  C/2012 KA51 (Palomar)                                    MPC184408
    CK12L010  2012 12 27.5414  2.226609  0.995518  139.8055  271.7280   87.2444  20230225  10.5  4.0  C/2012 L1 (LINEAR)                                       MPC 88326
    CK12L020  2013 05  5.0296  1.505185  0.996335  205.7593  270.2764   71.0875  20230225  10.0  4.0  C/2012 L2 (LINEAR)                                       MPC 88326
    CK12L030  2012 06  8.3688  3.078121  0.989861  107.4249   53.7750  134.2939  20230225  13.0  4.0  C/2012 L3 (LINEAR)                                       MPC 84023
    CK12L26P  2015 08 18.3319  6.572158  1.003937  145.5747  153.9216   25.3404  20230225   6.5  4.0  C/2012 LP26 (Palomar)                                    MPC112389
    PK12N00J  2012 06 14.9822  1.299151  0.846563  338.4083  315.5839   84.5837  20230225  14.5  4.0  P/2012 NJ (La Sagra)                                     MPC 88326
    CK12O00P  2012 12  3.2690  3.642234  0.996178  351.7038  267.4301  114.7750  20230225  13.5  2.0  C/2012 OP (Siding Spring)                                MPC 84625
    PK12O010  2025 10 31.6024  1.437203  0.594217  238.2824   91.9781    7.4285  20230225  17.5  4.0  P/2012 O1 (McNaught)                                     MPC 81470
    PK12O020  2026 04  1.1437  1.697612  0.531887  183.4723  120.6877   24.4746  20230225  17.0  4.0  P/2012 O2 (McNaught)                                     MPC 80899
    CK12Q010  2012 02 13.3386  9.510166  0.638237  139.5070  184.3490   45.1303  20230225   4.0  4.0  C/2012 Q1 (Kowalski)                                     MPC115880
    CK12S010  2013 11 28.2598  0.014277  1.000003  345.1327  297.0039   58.5096  20251121   8.5  3.2  C/2012 S1 (ISON)                                         MPEC 2025-W75
    CK12S030  2013 08 30.4814  2.335013  1.000427  183.9116  121.2568  113.0053  20230225  10.0  4.0  C/2012 S3 (PANSTARRS)                                    MPC 88327
    CK12S040  2013 06 23.8158  4.372006  0.998732  163.5052  172.9439  126.5846  20230225   8.5  4.0  C/2012 S4 (PANSTARRS)                                    MPC 88327
    PK12T030  2027 08  8.7536  2.358527  0.616591  195.5209  114.3867    9.5622  20230225  15.0  4.0  P/2012 T3 (PANSTARRS)                                    MPC 80900
    CK12T040  2012 10 14.3340  1.959890  0.991282  219.9119   99.4354   24.0919  20230225  13.5  4.0  C/2012 T4 (McNaught)                                     MPEC 2022-L66
    CK12T050  2013 02 21.6732  0.333444  1.000427  318.2819  231.1244   71.8236  20230225  13.0  4.0  C/2012 T5 (Bressi)                                       MPC 84023
    CK12T060  2012 08 30.3874  1.749577  0.875388  197.7910  186.0972   33.5764  20230225  15.0  4.0  C/2012 T6 (Kowalski)                                     MPC 82720
    CK12U010  2014 07  4.5871  5.252658  0.995098   69.9830   26.9695   56.5535  20230225   7.5  4.0  C/2012 U1 (PANSTARRS)                                    MPC 95208
    PK12U020  2031 12  3.3342  3.565033  0.500086  228.2481  185.3436   10.7645  20230225  12.5  4.0  P/2012 U2 (PANSTARRS)                                    MPC 82720
    CK12U030  2012 10 31.3337  0.005282  1.000000   81.1851    1.4257  144.1435             9.0  4.0  C/2012 U3 (STEREO)                                       MPC 84626
    CK12V010  2013 07 18.2852  2.122452  0.998766  123.7481   85.6640  157.8559  20230225  12.0  4.0  C/2012 V1 (PANSTARRS)                                    MPEC 2022-L66
    CK12V020  2013 08 11.1469  1.459335  0.996487  217.3845  262.1458   67.4656  20230225   9.0  4.0  C/2012 V2 (LINEAR)                                       MPC 88695
    CK12X010  2014 02 17.8145  1.626854  0.990278  132.5746  112.9897   44.3491  20230225   4.8  3.6  C/2012 X1 (LINEAR)                                       MPC108592
    CK12X020  2013 03 25.9826  4.735681  0.766266  215.4743  270.9705   34.1763  20230225   9.0  4.0  C/2012 X2 (PANSTARRS)                                    MPC 88327
    CK12Y010  2013 01 16.0183  2.003332  0.945630  268.4843  193.4588   21.0201  20230225  15.0  4.0  C/2012 Y1 (LINEAR)                                       MPC 83521
    CK12Y030  2012 08 28.8075  1.760414  0.937213  235.4919  122.7698   73.6495  20230225  11.0  4.0  C/2012 Y3 (McNaught)                                     MPC 83521
    CK13A010  2014 10 25.4154  1.418455  1.000286    2.6457  301.0120  129.0657  20230225   8.2  2.4  C/2013 A1 (Siding Spring)                                MPC103843
    PK13A76L  2029 06 26.1998  2.037492  0.686458   27.0534  145.9888  144.8551  20230225  16.0  4.0  P/2013 AL76 (Catalina)                                   MPC 82721
    CK13B020  2013 06 29.1571  3.712966  0.998528  156.0862  332.1206   43.4549  20230225  11.0  4.0  C/2013 B2 (Catalina)                                     MPC 87915
    CK13C020  2015 08 29.5501  9.113768  0.425837  308.7413  247.5846   21.3734  20251121   4.0  4.0  C/2013 C2 (Tenagra)                                      MPEC 2025-YF1
    PK13CC9U  2018 06 24.3447  0.797854  0.722732  211.9276   46.2285   12.1554  20180611  18.0  2.0  P/2013 CU129 (PANSTARRS)                                 MPEC 2013-Y32
    CK13D010  2013 04  3.4609  2.487468  0.779664  252.9834  294.8349   10.0688  20230225  14.0  4.0  C/2013 D1 (Holvorcem)                                    MPC 84024
    CK13E010  2013 06 17.9140  7.762378  1.001507  311.6264  133.9918  158.7476  20230225   5.5  4.0  C/2013 E1 (McNaught)                                     MPC 90270
    CK13E020  2013 03  8.7477  1.428812  0.994158   96.4276  181.9901   21.7452  20230225  11.5  4.0  C/2013 E2 (Iwamoto)                                      MPC 88327
    CK13E030  2013 03 15.7012  0.004646  1.000000   80.8928    1.3859  144.0751             9.0  4.0  C/2013 E3 (STEREO)                                       MPC 84626
    CK13F010  2012 11 30.0831  1.865348  1.001850   91.9770   30.4582   79.9566  20230225  13.0  4.0  C/2013 F1 (Boattini)                                     MPC 84626
    CK13F020  2013 04 17.7531  6.193997  0.991530  122.7481  344.3841   61.9036  20230225   7.0  4.0  C/2013 F2 (Catalina)                                     MPC 88695
    CK13F030  2013 05 25.8280  2.270020  0.997223   18.9183  266.1254   85.3433  20230225  12.0  4.0  C/2013 F3 (McNaught)                                     MPC 84933
    CK13F040  2013 03 27.5077  0.008332  1.000000   60.7103  336.3844  138.4716             9.0  4.0  C/2013 F4 (STEREO)                                       MPC 84626
    CK13F050  2013 03 29.7519  0.005310  1.000000   80.9276    1.3015  144.2291             9.0  4.0  C/2013 F5 (STEREO)                                       MPC 84626
    PK13G010  2032 01 20.9053  3.373061  0.511029   51.5240  221.3289    5.4581  20230225  11.0  4.0  P/2013 G1 (Kowalski)                                     MPC 91612
    CK13G020  2012 11 30.9273  2.185279  0.999879  294.2116  274.1544   95.9953  20230225  11.5  4.0  C/2013 G2 (McNaught)                                     MPC 84933
    CK13G030  2014 11 14.4079  3.867811  1.002674   76.7317  208.0375   64.4168  20230225   9.0  4.0  C/2013 G3 (PANSTARRS)                                    MPC102950
    PK13G040  2022 06 19.2382  2.622090  0.409158  214.6416  339.6076    5.9166  20230225  15.0  4.0  P/2013 G4 (PANSTARRS)                                    MPC 84025
    CK13G050  2013 09  3.8585  0.934248  0.999705  165.9680  143.9672   40.8289  20230225  14.0  4.0  C/2013 G5 (Catalina)                                     MPEC 2022-L66
    CK13G060  2013 07 26.1002  2.040645  0.994885  215.6841   44.5324  123.8183  20230225  13.5  4.0  C/2013 G6 (Lemmon)                                       MPC 87478
    CK13G070  2014 03 20.0579  4.680931  0.998808  218.4463   48.4264  104.8888  20230225   7.5  4.0  C/2013 G7 (McNaught)                                     MPC 95209
    CK13G080  2013 11 16.7426  5.161769  1.000367   80.3815  240.9777   27.5346  20230225   8.5  4.0  C/2013 G8 (PANSTARRS)                                    MPC 95209
    CK13G090  2015 01 17.1853  5.322204  1.001227  205.1921   35.8505  146.1729  20230225   7.0  4.0  C/2013 G9 (Tenagra)                                      MPC100277
    CK13H010  2013 05 13.5781  2.682595  0.986405  136.9341   84.9671   27.0775  20230225  13.0  4.0  C/2013 H1 (La Sagra)                                     MPC 84933
    CK13H020  2014 01 27.9951  7.514248  1.002004   36.2859  262.7386  128.3154  20230225   6.5  4.0  C/2013 H2 (Boattini)                                     MPC 94670
    PK13J020  2029 03 11.2237  2.133206  0.657228   37.8261  289.3929   15.5188  20230225  13.0  4.0  P/2013 J2 (McNaught)                                     MPC 91613
    CK13J030  2013 02 23.0377  3.997595  0.996621  321.2056  201.0299  118.2639  20230225  10.0  4.0  C/2013 J3 (McNaught)                                     MPC 87916
    CK13J050  2012 12  3.6744  4.922002  1.002150   19.4300  256.8275  135.9498  20220809  10.0  4.0  C/2013 J5 (Boattini)                                     MPEC 2022-N37
    CK13J060  2013 04  4.7616  2.444611  0.958971  125.9175   68.5897   85.0621  20230225  14.5  4.0  C/2013 J6 (Catalina)                                     MPC 84627
    CK13K010  2013 06  1.0802  0.956660  0.987970  171.5693  125.7229   42.5082  20230225  18.0  4.0  C/2013 K1 (Christensen)                                  MPC 84319
    CK13L020  2012 05  9.9757  4.914026  1.000592    2.1685  285.8508  106.7636  20230225   8.0  4.0  C/2013 L2 (Catalina)                                     MPC 87916
    PK13N030  2014 02 18.4273  3.010806  0.592911  323.9499   17.5049    2.1719  20230225  13.0  4.0  P/2013 N3 (PANSTARRS)                                    MPC 86229
    CK13N040  2013 08 19.2698  1.198837  0.974147  141.8828  322.8871   36.9931  20230225  12.0  4.0  C/2013 N4 (Borisov)                                      MPC 88328
    PK13N050  2031 03 28.9250  1.818172  0.732503  176.9304  187.1742   23.4579  20230225  17.0  4.0  P/2013 N5 (PANSTARRS)                                    MPC 85834
    CK13O030  2013 09  7.4032  3.217128  0.996098  338.2715  276.8023  102.8027  20230225  11.5  4.0  C/2013 O3 (McNaught)                                     MPC 90767
    PK13P010  2013 02 27.4074  3.395520  0.604403  138.2587  160.6001   18.7167  20230225  12.0  4.0  P/2013 P1 (PANSTARRS)                                    MPC 85834
    CK13P020  2014 02 17.6233  2.838696  0.996818  105.1318    2.3210  125.8173  20230225  11.5  4.0  C/2013 P2 (PANSTARRS)                                    MPC 93584
    CK13P030  2014 11 23.5732  8.670628  1.001189  177.2018  177.2078   93.8648  20230225   5.5  4.0  C/2013 P3 (Palomar)                                      MPC111767
    CK13P040  2014 08 15.1244  5.957924  0.595822  113.4922  256.5710    4.2631  20230225   7.5  4.0  C/2013 P4 (PANSTARRS)                                    MPC 96865
    CK13P67E  2013 12  9.6602  1.873048  0.964521   59.9168  326.0474  116.9247  20230225  14.0  4.0  C/2013 PE67 (Catalina-Spacewatch)                        MPC 88696
    CK13R010  2013 12 22.7330  0.811826  0.998428   67.1663   70.7112   64.0410  20131214   7.0  4.0  C/2013 R1 (Lovejoy)                                      MPEC 2021-BE3
    PK13R030  2024 03 20.3972  2.196168  0.275623   11.2208  342.0567    0.8650  20230225  14.0  4.0  P/2013 R3 (Catalina-PANSTARRS)                           MPEC 2022-V95
    PK13R03a  2024 03 20.0245  2.196200  0.275554   11.2996  342.0116    0.8641  20230225   9.0  4.0  P/2013 R3-A (Catalina-PANSTARRS)                         unp
    PK13R03b  2024 03 20.4211  2.196222  0.275599   11.2345  342.0675    0.8653  20230225   9.0  4.0  P/2013 R3-B (Catalina-PANSTARRS)                         MPEC 2015-M77
    CK13S010  2013 08  3.3728  2.808296  0.998446  165.8269  221.3180   84.1025  20230225  13.0  4.0  C/2013 S1 (Catalina)                                     MPC 86230
    PK13T010  2027 10 11.4540  2.200337  0.624290  346.1448   10.1100   24.2973  20230225  16.5  4.0  P/2013 T1 (PANSTARRS)                                    MPC 85835
    PK13T020  2019 11 30.9823  1.742467  0.501010  345.5698    0.8191    9.4558  20230225  16.0  4.0  P/2013 T2 (Schwartz)                                     MPC 86643
    CK13T05W  2014 08 12.8998  5.814184  0.974627  190.2191  319.6762   31.4029  20230225   7.5  4.0  C/2013 TW5 (Spacewatch)                                  MPC104789
    CK13U010  2013 11 24.1610  2.403345  0.797880  143.2315  210.9978   23.9764  20230225  13.5  4.0  C/2013 U1 (Catalina)                                     MPC 86643
    CK13U020  2014 10 26.2354  5.115574  0.988291  107.5620    6.9776   43.3421  20230225   7.5  4.0  C/2013 U2 (Holvorcem)                                    MPC104790
    CK13U04Q  2014 07  6.2735  1.101275  0.981515   23.7287  317.8337  145.1906  20230225  13.5  4.0  C/2013 UQ4 (Catalina)                                    MPC102951
    CK13U10S  2015 11 16.5065  0.812541  1.000427  340.5487  186.5333  148.7153  20230225   4.4  4.0  C/2013 US10 (Catalina)                                   MPC110080
    CK13V010  2014 04 18.1059  1.661509  1.000505   48.0656   72.8372   65.3242  20230225  10.5  4.0  C/2013 V1 (Boattini)                                     MPC102951
    CK13V020  2014 10 10.5112  3.497661  0.999179   94.2085   48.4883   37.9736  20230225   7.0  4.0  C/2013 V2 (Borisov)                                      MPC100277
    CK13V030  2013 10 28.7181  1.370195  0.890749  339.3831  100.9145   32.1679  20230225  14.0  4.0  C/2013 V3 (Nevski)                                       MPC 88329
    CK13V040  2015 10  6.4080  5.173023  0.998522   40.2891   55.5527   68.0018  20230225   6.0  4.0  C/2013 V4 (Catalina)                                     MPC111767
    CK13V050  2014 09 27.7916  0.642867  0.998266  315.3691  279.2125  154.8373  20230225   9.0  4.0  C/2013 V5 (Oukaimeden)                                   MPC102951
    PK13W010  2020 09 10.2527  1.419449  0.592963    1.2319  117.8315    4.6961  20230225  17.5  4.0  P/2013 W1 (PANSTARRS)                                    MPC 91613
    CK13W020  2014 11 20.1945  4.368921  0.545895  303.7928  178.3904    4.8499  20230225  13.5  2.0  C/2013 W2 (PANSTARRS)                                    MPC109141
    CK13X010  2016 04 20.0228  1.332088  1.000881  165.3736  131.7278  163.1743  20230225  10.5  2.0  C/2013 X1 (PANSTARRS)                                    MPC111767
    CK13Y020  2014 06  8.0328  1.938887  0.991075  308.9447  243.5525   29.4222  20230225  12.0  4.0  C/2013 Y2 (PANSTARRS)                                    MPC 90768
    PK13Y46G  2023 01  6.2993  1.785421  0.454618  242.5926   48.8488    7.8577  20230225  10.0  4.0  P/2013 YG46 (Spacewatch)                                 MPC101095
    PK14A020  2028 03 15.2698  2.099193  0.645818  356.1381  106.6404   24.5442  20230225  15.0  4.0  P/2014 A2 (Hill)                                         MPC 89728
    CK14A040  2015 09  3.4861  4.188322  0.998735  356.6213   29.5874  121.4166  20230225   6.0  4.0  C/2014 A4 (SONEAR)                                       MPC108592
    CK14A050  2014 08  7.3665  4.774620  0.940744  182.0942  310.0136   31.9752  20230225  10.0  4.0  C/2014 A5 (PANSTARRS)                                    MPEC 2022-L66
    CK14A52A  2015 02 24.3088  2.019466  1.000034  292.3839  330.3225  105.0800  20230225  10.0  4.0  C/2014 AA52 (Catalina)                                   MPC 96865
    CK14B010  2017 09  6.9473  9.547232  0.997875  345.6782  161.4223   28.4114  20220121   4.0  4.0  C/2014 B1 (Schwartz)                                     MPEC 2022-HC2
    PK14C010  2020 07  6.5493  2.577009  0.353825  188.6410   40.1845    3.2884  20240331  15.5  4.0  P/2014 C1 (TOTAS)                                        MPEC 2024-F34
    CK14C020  2014 02 20.8008  0.504972  0.999358   55.7552  283.2719  135.5334  20230225  18.0  4.0  C/2014 C2 (STEREO)                                       MPC 88697
    CK14C030  2014 01 19.0286  1.852911  0.983132  346.2209  204.8333  151.6766  20230225  14.0  4.0  C/2014 C3 (NEOWISE)                                      MPC 90272
    CK14E020  2014 07  2.5164  0.663953  0.999142  344.0418   56.3912  156.3918  20140702   7.1  4.4  C/2014 E2 (Jacques)                                      MPEC 2020-SI8
    CK14F010  2013 10  5.1937  3.512550  0.999446    8.4998  240.0080  108.0876  20230225  10.5  4.0  C/2014 F1 (Hill)                                         MPC 90769
    CK14F020  2015 01  4.9929  4.296442  0.971752   85.9589  267.3507  118.9636  20230225   9.5  4.0  C/2014 F2 (Tenagra)                                      MPEC 2022-L66
    CK14F030  2021 05 28.4024  5.727563  0.602618    5.1190  325.9843    6.5210  20241017   6.0  4.0  C/2014 F3 (Sheppard-Trujillo)                            MPC181177
    CK14G010  2013 11  9.5941  5.495325  0.993170   77.3964  337.9630  165.6762  20220809   9.0  4.0  C/2014 G1 (PANSTARRS)                                    MPEC 2022-M21
    CK14G030  2015 02  4.6984  4.690174  0.913220  148.2008    4.8501  156.0974  20230225   9.0  4.0  C/2014 G3 (PANSTARRS)                                    MPC101095
    CK14H010  2014 04 14.3728  2.146716  0.984655  169.3934   34.9483   99.7236  20230225  14.5  4.0  C/2014 H1 (Christensen)                                  MPC 88697
    CK14HJ5U  2015 05 16.0732  5.159278  0.766445  145.5298  115.7560    5.8184  20230225  10.5  4.0  C/2014 HU195 (Valdes-TOTAS)                              MPC105541
    CK14J010  2014 06 21.3620  1.696752  0.805939  195.4367   41.9727  159.6031  20230225  17.0  4.0  C/2014 J1 (Catalina)                                     MPC109588
    PK14L020  2030 05 22.5524  2.220815  0.647806  182.7026  149.3662    5.2002  20230225  12.0  4.0  P/2014 L2 (NEOWISE)                                      MPC 98560
    PK14L030  2014 06 29.9251  1.860308  0.772547  178.6959  115.5092    6.2708  20230225  16.0  4.0  P/2014 L3 (Hill)                                         MPC 90769
    CK14L050  2014 11 23.6382  6.224420  0.999090   45.5731   35.6671  122.9477  20230225   8.0  4.0  C/2014 L5 (Lemmon)                                       MPC 95731
    CK14M010  2015 08 29.1878  5.600504  1.000832  337.3247  234.9069  160.2320  20230225   9.0  4.0  C/2014 M1 (PANSTARRS)                                    MPC103844
    CK14M020  2014 07 15.4411  6.945578  0.997838   40.6117  245.3717   32.3561  20220809   6.0  4.0  C/2014 M2 (Christensen)                                  MPEC 2022-M88
    CK14M030  2014 06 17.9150  2.463681  0.980628   94.1110   80.6586  164.9569  20230225  14.0  4.0  C/2014 M3 (Catalina)                                     MPC 90769
    PK14M040  2029 03 17.8293  2.372312  0.595714  148.0029  263.2298    3.3414  20230225  15.0  4.0  P/2014 M4 (PANSTARRS)                                    MPC 91614
    CK14N020  2014 10  9.8887  2.196310  1.000099  238.0889  143.8989  133.0281  20230225  14.5  4.0  C/2014 N2 (PANSTARRS)                                    MPC 93586
    CK14N030  2015 03 14.3431  3.879835  0.998781  353.5651   19.7507   61.7061  20230225   7.0  4.0  C/2014 N3 (NEOWISE)                                      MPC103844
    PK14O030  2014 04 17.7893  4.640540  0.385021  204.3903   87.7053    7.8068  20140413  10.5  4.0  P/2014 O3 (PANSTARRS)                                    MPC 98560
    CK14O04E  2016 12 12.8413  6.248912  1.003025   65.8809  240.4131   81.3170  20201217  11.0  2.0  C/2014 OE4 (PANSTARRS)                                   MPEC 2021-J28
    CK14Od2G  2022 01  8.2779  9.987925  0.184974  255.4657  145.8291    9.0321  20251121   6.0  4.0  C/2014 OG392 (PANSTARRS)                                 MPEC 2025-YF1
    CK14Q010  2015 07  3.7530  0.312967  0.999552  119.4619    9.5159   43.1078  20230225   8.0  4.0  C/2014 Q1 (PANSTARRS)                                    MPC100578
    CK14Q020  2015 01 27.6904  1.282058  0.996478   12.2599   94.9195   80.4232  20230225   2.7 10.0  C/2014 Q2 (Lovejoy)                                      MPC115880
    CK14Q02U  2014 07  9.8902  2.223196  0.990876  320.4634  333.0002  124.8150  20140702  15.0  4.0  C/2014 QU2 (PANSTARRS)                                   MPC 90770
    CK14Q030  2014 11 16.1796  1.648323  0.940495   47.3352   63.2098   90.2137  20230225  -0.5 20.0  C/2014 Q3 (Borisov)                                      MPC102952
    CK14Q060  2015 01  7.3493  4.244612  1.001084    2.7815  326.5665   49.8211  20230225   9.5  4.0  C/2014 Q6 (PANSTARRS)                                    MPC118840
    CK14R010  2014 11 14.2059  1.347356  0.991516   55.6976  103.9733    9.9337  20230225   6.5  8.8  C/2014 R1 (Borisov)                                      MPC 95211
    CK14R030  2016 08  9.4094  7.263385  1.000049  113.3582  334.0779   90.9118  20230225   6.5  4.0  C/2014 R3 (PANSTARRS)                                    MPEC 2021-F20
    CK14R040  2014 10 20.6785  1.797281  0.997016  180.5655  279.4256   42.4765  20230225  13.0  4.0  C/2014 R4 (Gibbs)                                        MPC 92982
    CK14S010  2013 10 25.4056  8.136862  1.000114  288.7176  352.6597  123.6711  20230225   7.0  4.0  C/2014 S1 (PANSTARRS)                                    MPEC 2022-M21
    CK14S020  2015 12 10.8285  2.068610  0.987827   87.1286    8.2296   64.6368  20230225  10.0  4.0  C/2014 S2 (PANSTARRS)                                    MPC104790
    CK14S030  2014 08  8.6953  2.051175  0.975356  292.9682  355.9625  169.3088  20230225  17.0  4.0  C/2014 S3 (PANSTARRS)                                    MPEC 2022-L66
    CK14T64G  2014 05 29.6279  3.231218  0.782617  294.8183   50.1438   22.2504  20230225  13.0  4.0  C/2014 TG64 (Catalina)                                   MPC 91615
    CK14U030  2014 09  1.2090  2.534533  0.992438   50.8838  163.5527  152.8579  20230225  14.5  4.0  C/2014 U3 (Kowalski)                                     MPEC 2022-M21
    PK14U040  2021 02 13.6535  1.878073  0.464806  347.8162   11.9162    6.4283  20230225  18.0  4.0  P/2014 U4 (PANSTARRS)                                    MPC 91616
    CK14UR1N  2031 01 16.1536 10.960666  1.004348  326.0743  189.9782   95.4459  20251121   2.5  3.2  C/2014 UN271 (Bernardinelli-Bernstein)                   MPEC 2025-YF1
    PK14V010  2027 11 25.8257  2.551373  0.534376  177.6385  166.2217   22.5261  20230225  14.0  4.0  P/2014 V1 (PANSTARRS)                                    MPC 95211
    CK14W020  2016 03 10.4831  2.670209  0.998344   85.0094   69.9628   81.9986  20160222   7.5  4.0  C/2014 W2 (PANSTARRS)                                    MPEC 2021-BE3
    CK14W030  2014 02 26.4286  6.026252  1.004042  158.5837  286.3447   90.1414  20230225   8.5  4.0  C/2014 W3 (PANSTARRS)                                    MPC 98561
    PK14W040  2015 12 31.1216  4.258872  0.353507   67.6320   33.3457   15.2871  20230225  11.0  4.0  P/2014 W4 (PANSTARRS)                                    MPC105542
    CK14W050  2016 02 10.5483  2.398480  0.979314  281.2537  245.3454  145.4949  20160222  10.0  4.0  C/2014 W5 (Lemmon-PANSTARRS)                             MPEC 2020-HN5
    CK14W060  2015 03 14.7976  3.091046  0.999557  209.8640  338.1494   53.4498  20230225  10.5  4.0  C/2014 W6 (Catalina)                                     MPC 95211
    CK14W070  2014 12 26.4754  1.487408  0.868933   33.2111  151.2364   98.0762  20230225  16.0  4.0  C/2014 W7 (Christensen)                                  MPC 92982
    CK14W080  2015 09 11.2016  5.014268  0.975714  228.2390  224.8278   41.8866  20150915  11.0  4.0  C/2014 W8 (PANSTARRS)                                    MPEC 2021-BE3
    CK14W090  2015 02  8.7518  1.603495  0.856494  167.7814   21.4224   10.5943  20230225  16.0  4.0  C/2014 W9 (PANSTARRS)                                    MPC 94672
    CK14W100  2016 02 16.1770  7.654228  0.999140   43.1895   42.2156   83.4243  20230225   8.0  4.0  C/2014 W10 (PANSTARRS)                                   MPEC 2022-O01
    CK14W110  2015 03  5.1209  3.749771  0.604920  227.3935  294.8160   20.4966  20230225  10.0  4.0  C/2014 W11 (PANSTARRS)                                   MPC107047
    PK14X010  2030 06 16.0506  1.800881  0.709735   33.8963   61.5370   26.0426  20230225  15.0  4.0  P/2014 X1 (Elenin)                                       MPC 94281
    CK14X08B  2015 04  1.8878  3.017288  0.994750  351.2382   37.3300  149.8332  20230225  13.5  4.0  C/2014 XB8 (PANSTARRS)                                   MPC 96866
    CK14Y010  2016 01 17.5850  2.242062  1.001827  182.2628   19.4719   14.9283  20160113   9.5  4.0  C/2014 Y1 (PANSTARRS)                                    MPEC 2020-K19
    CK15A010  2015 03  8.7619  2.005445  0.900408  245.0256  340.9614   80.0983  20230225  14.5  4.0  C/2015 A1 (PANSTARRS)                                    MPC 96279
    CK15A020  2015 09  2.7145  5.253851  1.007681  212.7576  258.4698  108.7957  20150915  10.5  4.0  C/2015 A2 (PANSTARRS)                                    MPEC 2021-BE3
    PK15A030  2015 02 22.4894  1.155759  0.852822  249.2766  277.0964  172.5199  20150227  20.0  4.0  P/2015 A3 (PANSTARRS)                                    MPC 92275
    PK15B010  2015 09 21.5986  5.975073  0.380746  188.4185  353.3558   18.0381  20150915   8.5  4.0  P/2015 B1 (PANSTARRS)                                    MPC 99270
    CK15B020  2016 05  3.7727  3.381212  0.999454  284.8351  341.8566  104.9646  20230225   9.5  4.0  C/2015 B2 (PANSTARRS)                                    MPC108592
    PK15B040  2015 02 19.9297  3.758524  0.570633  227.5933  267.2149    1.7489  20150227  11.0  4.0  P/2015 B4 (Lemmon-PANSTARRS)                             MPC109141
    PK15C010  2015 05  1.2498  2.892694  0.562129  178.4046  348.8615   13.8790  20150518  12.5  4.0  P/2015 C1 (TOTAS-Gibbs)                                  MPC101096
    CK15C020  2015 03  4.3279  0.704610  0.997951  333.8915   49.1114   94.7966  20230225  14.0  4.0  C/2015 C2 (SWAN)                                         MPC 95211
    CK15D010  2015 02 21.7809  0.026426  1.001064  234.5691   95.5029   68.9170  20230225   9.0  4.0  C/2015 D1 (SOHO)                                         MPC 94282
    CK15D020  2013 09 28.3985  5.607835  0.561149  292.0890  162.8861   31.9471  20230225   8.0  4.0  C/2015 D2 (PANSTARRS)                                    MPC 98561
    CK15D030  2016 05  3.0576  8.148305  1.003880    2.9935  157.0445  128.5452  20200531   5.5  4.0  C/2015 D3 (PANSTARRS)                                    MPEC 2020-L06
    CK15D040  2014 10 26.6287  0.879517  0.988932  315.0650  305.5987   77.3104  20230225  12.0  4.0  C/2015 D4 (Borisov)                                      MPC 96279
    PK15D050  2014 04 19.2024  4.578616  0.503870   40.0342   74.9826   20.4966  20140413   9.0  4.0  P/2015 D5 (Kowalski)                                     MPC109141
    PK15D060  2015 07  1.9480  4.544304  0.361993  125.8187   45.5038   20.2721  20241017  10.5  4.0  P/2015 D6 (Lemmon-PANSTARRS)                             MPEC 2024-R10
    CK15E61R  2017 05 10.4538  1.042937  0.997874   68.2999  235.1616    6.3390  20201217  11.0  2.0  C/2015 ER61 (PANSTARRS)                                  MPEC 2021-F20
    CK15E61b  2017 05  9.7534  1.054821  0.999450   68.6414  235.1172    6.3119  20230225  13.5  2.0  C/2015 E61-B (PANSTARRS)                                 MPEC 2018-BF5
    CK15F020  2064 09 11.2527  1.212473  0.911451  352.5433  261.6149   28.2901  20640828  16.5  4.0  C/2015 F2 (Polonia)                                      unp
    CK15F030  2015 03  8.8917  0.827851  0.995393   57.3175   31.9299   73.9843  20230225  14.5  4.0  C/2015 F3 (SWAN)                                         MPC 96279
    CK15F040  2015 08 12.4400  1.650051  0.986503   36.3931  285.9920   48.6694  20230225  11.0  4.0  C/2015 F4 (Jacques)                                      MPEC 2022-L66
    CK15F050  2015 03 30.5671  0.347499  0.977754   13.3995  287.7483  149.2173  20230225  15.5  4.0  C/2015 F5 (SWAN-Xingming)                                MPC 95212
    CK15G00X  2015 08 27.4890  1.960380  0.878642  108.7574  235.2689   90.1488  20230225  14.0  4.0  C/2015 GX (PANSTARRS)                                    MPC102096
    CK15G020  2015 05 25.4907  0.768899  1.000533  257.1826  109.9640  147.5859  20230225  11.0  4.0  C/2015 G2 (MASTER)                                       MPC109142
    CK15H010  2015 03 28.4716  1.948211  0.939909   22.0214  325.8763  140.6960  20230225  13.5  4.0  C/2015 H1 (Bressi)                                       MPC 98561
    CK15H020  2016 09 12.4067  4.993243  1.004974  288.2367  350.6466   33.6386  20230225   7.5  4.0  C/2015 H2 (PANSTARRS)                                    MPC117068
    CK15J010  2014 06 28.2998  6.033514  0.999830  315.5936  220.1325   95.1164  20230225   8.5  4.0  C/2015 J1 (PANSTARRS)                                    MPC100579
    CK15J020  2015 09  6.7398  4.353502  0.984550  203.9582   56.8440   17.2378  20230225  10.0  4.0  C/2015 J2 (PANSTARRS)                                    MPC101096
    CK15K010  2014 10 12.1905  2.582144  0.987167  280.7080    4.9203   29.2545  20230225   9.0  4.0  C/2015 K1 (MASTER)                                       MPC101096
    CK15K020  2015 06  5.2698  1.478157  0.994946   16.0023  223.8255   28.9306  20230225  20.0  4.0  C/2015 K2 (PANSTARRS)                                    MPC 95733
    CK15K040  2015 04 30.3028  2.027205  1.000961  357.7920  250.9183   80.0896  20230225  15.0  4.0  C/2015 K4 (PANSTARRS)                                    MPC 95733
    PK15K050  2015 06  6.4324  2.986178  0.553985  106.0105  134.2666   39.9880  20150518  13.5  4.0  P/2015 K5 (PANSTARRS)                                    MPC 95213
    CK15K070  2013 02 20.0550  9.940425  1.004373    5.1033  257.9355  159.8905  20130309   8.1  4.0  C/2015 K7 (COIAS)                                        MPC181178
    CK15L02C  2015 05  1.1051  5.901831  0.999648  342.0067  223.7042   93.7508  20230225   8.0  4.0  C/2015 LC2 (PANSTARRS)                                   MPC111767
    CK15M010  2015 05 13.4711  2.118802  0.995491  164.3161  100.3278   57.2643  20230225  16.5  4.0  C/2015 M1 (PANSTARRS)                                    MPC 95734
    PK15M020  2015 09 13.1130  5.943466  0.179600  225.8935   86.7087    3.9693  20230225   8.5  4.0  P/2015 M2 (PANSTARRS)                                    MPC107684
    CK15M030  2015 08 23.4321  3.581496  0.974052  124.1009  143.0107   65.8717  20230225  12.0  4.0  C/2015 M3 (PANSTARRS)                                    MPC115881
    CK15O010  2018 02 19.7858  3.722377  1.001195   89.5340  299.8001   27.1753  20230225   6.5  4.0  C/2015 O1 (PANSTARRS)                                    MPEC 2021-P47
    CK15P030  2015 07 24.9664  0.731542  0.997174  133.1636   88.2855   58.1311  20230225  15.5  4.0  C/2015 P3 (SWAN)                                         MPC 96280
    PK15P040  2016 01 24.0769  2.504793  0.585757  280.5936  104.7644    8.7185  20230225  14.0  4.0  P/2015 P4 (PANSTARRS)                                    MPC 99819
    PK15PM9D  2015 08 17.7089  4.838835  0.327393  352.6667  342.7062    2.0249  20230225  11.5  2.0  P/2015 PD229 (Cameron-ISON)                              MPEC 2022-K19
    PK15Q020  2015 09 10.3377  1.819129  0.754471  244.4075  228.2451  146.2020  20150915  15.5  4.0  P/2015 Q2 (Pimentel)                                     MPC 96867
    PK15R010  2029 10  4.0267  2.150811  0.634253  300.5241   48.3876   22.6850  20230225  14.0  4.0  P/2015 R1 (PANSTARRS)                                    MPC 98562
    PK15R020  2024 12 15.5091  2.454647  0.452713  149.8344  168.6219   15.4836  20230225  14.5  4.0  P/2015 R2 (PANSTARRS)                                    MPC 95734
    CK15R030  2014 02 12.5477  4.902184  1.000356  272.0454   36.3051   83.4245  20220809  10.0  4.0  C/2015 R3 (PANSTARRS)                                    MPEC 2022-N37
    CK15T020  2017 05 20.4484  6.935360  1.000353   30.7625   51.0604  124.5473  20170507   8.0  4.0  C/2015 T2 (PANSTARRS)                                    MPEC 2021-F20
    CK15T040  2016 06 16.4257  2.300486  0.971017  270.1042  251.9264   88.1497  20230225  11.0  4.0  C/2015 T4 (PANSTARRS)                                    MPC102953
    CK15T050  2016 01 30.5086  9.350407  0.670982   62.0092  311.1906   11.0426  20230225   7.5  4.0  C/2015 T5 (Sheppard-Tholen)                              MPC102097
    PK15T19O  2025 11 23.9477  2.911069  0.359790   89.4375  321.6060    6.5049  20251121  14.0  4.0  P/2015 TO19 (Lemmon-PANSTARRS)                           MPEC 2025-XC7
    PK15TK0P  2016 10 29.1649  3.367966  0.536361   82.4474    7.0072    8.7846  20230225  11.0  4.0  P/2015 TP200 (LINEAR)                                    MPC110080
    CK15TK9Q  2016 08 24.7832  1.407142  0.996940  281.9252  223.4386   11.3326  20230225  10.5  4.0  C/2015 TQ209 (LINEAR)                                    MPEC 2022-N37
    CK15V010  2017 12 16.7791  4.281703  0.998476  179.6815  197.1919  139.2278  20230225   6.5  4.0  C/2015 V1 (PANSTARRS)                                    MPC115881
    CK15V020  2017 06 10.1403  1.649635  1.001487  164.9743   70.0112   49.8072  20230225   5.0  4.0  C/2015 V2 (Johnson)                                      MPC112390
    CK15V030  2015 11 24.8111  4.249715  0.994545    0.8767    2.2224   86.2803  20230225   9.0  4.0  C/2015 V3 (PANSTARRS)                                    MPC102953
    CK15V040  2016 08 27.8667  5.444083  0.704442  306.7803  179.9310   60.8156  20230225   8.5  4.0  C/2015 V4 (PANSTARRS)                                    MPC104791
    CK15V62L  2017 08 27.9808  2.729223  1.001999  129.0403   95.2868  165.8322  20230225   8.0  4.0  C/2015 VL62 (Lemmon-Yeung-PANSTARRS)                     MPC115881
    CK15W00Z  2016 04 14.4059  1.386150  0.990899   66.8985   40.3407  134.7981  20230225  15.0  4.0  C/2015 WZ (PANSTARRS)                                    MPC102098
    CK15W010  2016 05 12.4714  2.240301  0.998521   48.1722  114.2805   87.4561  20230225  13.0  4.0  C/2015 W1 (Gibbs)                                        MPC109142
    PK15W020  2015 10  4.7914  2.658507  0.635357  117.4884  294.2188   11.6100  20230225  13.0  4.0  P/2015 W2 (Catalina)                                     MPC101098
    CK15X01Y  2018 04 26.3634  7.922646  1.000839  196.1448  281.5889  148.8532  20230225   5.5  4.0  C/2015 XY1 (Lemmon)                                      MPEC 2022-OB6
    CK15X020  2015 12 16.5957  1.921828  0.877722   42.3028  101.0698   72.1802  20230225  16.0  4.0  C/2015 X2 (Catalina)                                     MPC100281
    PK15X030  2026 10 22.8478  2.801799  0.440042  306.8380   77.2631   24.4105  20230225  15.0  4.0  P/2015 X3 (PANSTARRS)                                    MPEC 2023-J29
    CK15X040  2015 11  4.9389  3.371268  0.811898  176.1685  262.4968   29.5417  20230225  10.0  4.0  C/2015 X4 (Elenin)                                       MPEC 2022-K19
    CK15X050  2017 12 27.7211  6.791368  0.999898   27.5603  122.3026  124.3226  20230225   7.5  4.0  C/2015 X5 (PANSTARRS)                                    MPC119995
    PK15X060  2025 05 11.9408  2.275373  0.173240  329.7784  106.9384    4.5647  20230225  16.0  4.0  P/2015 X6 (PANSTARRS)                                    MPC115881
    CK15X070  2016 07 29.3363  3.663342  0.998756  348.2250  139.8646   57.5650  20230225   9.0  4.0  C/2015 X7 (ATLAS)                                        MPC109143
    CK15X080  2015 10 22.9628  1.175153  0.940095   20.2951  191.1499  155.1051  20230225  16.0  4.0  C/2015 X8 (NEOWISE)                                      MPC107048
    CK15Y010  2016 05 12.2448  2.507606  0.988663   24.5890  135.7406   71.2001  20230225  12.0  4.0  C/2015 Y1 (LINEAR)                                       MPC109143
    CK15Y01G  2015 09 29.8549  2.048495  0.879212  102.2547  350.6282   57.3551  20230225  13.0  4.0  C/2015 YG1 (NEOWISE)                                     MPC105543
    CK16A010  2017 11 21.1826  5.312341  0.999535   10.1108  128.1416  121.2128  20230225   6.0  4.0  C/2016 A1 (PANSTARRS)                                    MPEC 2022-O08
    PK16A030  2017 04 26.4776  4.839138  0.386071  340.9531  187.2310    8.5105  20220809  10.0  4.0  P/2016 A3 (PANSTARRS)                                    MPEC 2022-OB6
    CK16A050  2015 06 28.7471  2.919662  0.994875  321.2836  136.1579   40.2467  20230225  13.5  4.0  C/2016 A5 (PANSTARRS)                                    MPEC 2022-N37
    CK16A060  2015 11  6.7735  2.386748  0.988740  140.7941  300.2206  120.9448  20230225  15.0  4.0  C/2016 A6 (PANSTARRS)                                    MPEC 2021-BE3
    PK16A070  2027 06  7.7354  2.193026  0.564479  352.5541  221.4575   16.6031  20230225  16.0  4.0  P/2016 A7 (PANSTARRS)                                    MPC102098
    CK16A080  2016 08 30.6690  1.881130  0.946334  130.2654  111.2326  148.2116  20160909  12.0  4.0  C/2016 A8 (LINEAR)                                       MPEC 2021-BE3
    CK16B010  2016 12  2.4583  3.220889  0.991793    8.6474  232.0736   50.3966  20230225   9.5  4.0  C/2016 B1 (NEOWISE)                                      MPC107048
    CK16C010  2016 02 19.0206  8.466682  1.002365  328.7684  181.8045   56.2199  20200531   5.5  4.0  C/2016 C1 (PANSTARRS)                                    MPEC 2020-L06
    CK16C020  2016 04 16.4306  1.577300  0.975749  214.6421   24.4235   37.9275  20230225  16.0  4.0  C/2016 C2 (NEOWISE)                                      MPC101098
    CK16E010  2017 06  4.1916  8.179853  1.005747   47.4666  233.0614  131.8912  20200531   6.5  4.0  C/2016 E1 (PANSTARRS)                                    MPEC 2020-L06
    CK16E020  2016 02  7.5846  1.067892  1.000285  322.1602  187.0649  135.9467  20230225  20.0  4.0  C/2016 E2 (Kowalski)                                     MPEC 2022-L66
    PK16G010  2021 03 22.0564  2.037617  0.211204  111.1738  204.0241   10.9697  20210705  14.0  4.0  P/2016 G1 (PANSTARRS)                                    MPEC 2021-P47
    CK16J020  2016 04 13.9529  1.501898  1.000673  318.4985  186.4947  130.3197  20230913  17.0  4.0  C/2016 J2 (Denneau)                                      MPEC 2024-C04
    CK16K00A  2016 02  4.4405  5.405591  1.000623   63.2354  317.5069  104.6706  20220809   8.5  4.0  C/2016 KA (Catalina)                                     MPEC 2022-N37
    CK16K010  2016 07 14.0273  2.305131  1.000864   18.3920  325.6773   90.9264  20230225  13.0  4.0  C/2016 K1 (LINEAR)                                       MPEC 2020-W26
    CK16M010  2018 08 10.5362  2.213890  0.999953  209.9305   92.2345   90.9421  20220121   5.0  4.0  C/2016 M1 (PANSTARRS)                                    MPEC 2022-ED3
    CK16N040  2017 09 17.7862  3.198332  0.999731   55.9288  354.0295   72.6686  20230225   8.5  4.0  C/2016 N4 (MASTER)                                       MPEC 2022-OB6
    CK16N060  2018 07 17.9274  2.664063  0.997937  162.6888  298.9836  105.8416  20210705   7.0  4.0  C/2016 N6 (PANSTARRS)                                    MPEC 2021-P47
    PK16P010  2021 06 11.1353  2.274090  0.289155  270.2201  319.7701   24.4379  20230225  15.0  4.0  P/2016 P1 (PANSTARRS)                                    MPC102099
    CK16P040  2016 10 17.8353  5.913877  0.986066  356.2400  320.7351   29.9020  20220809  10.5  4.0  C/2016 P4 (PANSTARRS)                                    MPEC 2022-M21
    PK16P050  2023 05 20.8254  4.429815  0.057402   33.7110  185.3671    7.0386  20251121  13.2  4.0  P/2016 P5 (COIAS)                                        MPEC 2025-W75
    CK16Q020  2021 05 12.3173  7.080958  1.003226   84.5522  322.3328  109.3583  20240331   6.0  4.0  C/2016 Q2 (PANSTARRS)                                    MPEC 2024-H50
    CK16Q040  2018 02  1.5331  7.096854  0.583428   99.7517  271.2968    7.2454  20230225   7.0  4.0  C/2016 Q4 (Kowalski)                                     MPEC 2023-J95
    CK16R020  2018 05  9.4634  2.594947  0.994613   33.1108   80.4934   58.3171  20230225   7.0  4.0  C/2016 R2 (PANSTARRS)                                    MPEC 2021-N06
    CK16R030  2016 10  8.5142  0.455443  0.997597  118.1369   78.9887   53.0452  20230225  18.0  4.0  C/2016 R3 (Borisov)                                      MPC102099
    PK16R040  2028 11 16.5085  2.793750  0.476130  174.1114  168.2862   10.8775  20230225  12.5  4.0  P/2016 R4 (Gibbs)                                        MPEC 2022-K19
    PK16S010  2017 03 16.8248  2.411885  0.708780  273.6155  227.5400   94.6901  20170328  12.0  4.0  P/2016 S1 (PANSTARRS)                                    MPC105543
    CK16T010  2017 02  1.4548  2.306423  0.981704  137.5668   56.4881  129.8822  20230225  14.5  4.0  C/2016 T1 (Matheny)                                      MPC105238
    CK16T020  2016 12 30.7154  1.895910  0.981001   92.0649  339.1994   81.4393  20230225  14.5  4.0  C/2016 T2 (Matheny)                                      MPC107685
    CK16T030  2017 09  7.3695  2.635072  0.979632  194.5816  271.6264   22.7148  20230225  10.5  4.0  C/2016 T3 (PANSTARRS)                                    MPC110082
    CK16U010  2017 01 12.2167  0.326850  1.000343  162.7800   61.7441   46.1112  20230225  17.0  4.0  C/2016 U1 (NEOWISE)                                      MPC103847
    CK16V18Z  2017 03  5.0058  0.907611  0.994124   36.3361   98.8561   24.0407  20230225  19.5  4.0  C/2016 VZ18 (PANSTARRS)                                  MPC106345
    PK16W48M  2017 02 26.7849  1.748071  0.786710   35.8566   59.8747  117.5482  20170216  15.0  4.0  P/2016 WM48 (Lemmon)                                     MPC106345
    CK16X010  2019 04 28.2375  7.561400  0.993988  224.4868  256.3963   26.4529  20210705   6.0  4.0  C/2016 X1 (Lemmon)                                       MPEC 2021-P47
    CK17A010  2017 05 17.1351  2.290342  0.971456    2.0482  121.0671   49.7945  20170507  13.0  4.0  C/2017 A1 (PANSTARRS)                                    MPEC 2020-L06
    CK17A030  2017 01 31.2036  3.836839  0.911376  303.8839   97.8027   98.4637  20230225   9.5  4.0  C/2017 A3 (Elenin)                                       MPEC 2020-L06
    CK17A05B  2018 02 14.6512  9.203516  0.996688   78.2633   42.6105   32.4653  20230225   5.5  4.0  C/2017 AB5 (PANSTARRS)                                   MPC114598
    CK17B030  2019 02  1.8200  3.927841  1.000595  284.8263    2.1747   54.1583  20220809   6.0  4.0  C/2017 B3 (LINEAR)                                       MPEC 2022-OB6
    PK17B040  2017 01  5.8178  2.800894  0.364952   11.0197  121.4578   20.0584            14.5  4.0  P/2017 B4 (PANSTARRS)                                    MPC103847
    CK17C010  2110 03 10.3124  1.495622  0.927858  109.9830  357.3488   65.7376  21100321  18.0  4.0  C/2017 C1 (NEOWISE)                                      MPEC 2020-L06
    CK17C020  2017 01 21.6128  2.430994  0.975269  138.7743  249.8197  118.5831  20170107  14.0  4.0  C/2017 C2 (PANSTARRS)                                    MPEC 2020-L06
    PK17D010  2027 02  1.1311  2.719769  0.436719    7.9579   82.1854   20.7638  20220809  14.0  4.0  P/2017 D1 (Fuls)                                         MPEC 2022-OB6
    CK17D020  2017 07 13.9824  2.504739  0.999862  334.6854  330.9808   31.2527  20230225  11.0  4.0  C/2017 D2 (Barros)                                       MPC112391
    CK17D030  2017 04 27.2799  4.974018  1.002059  340.8577  186.6551  125.5790  20200531   8.0  4.0  C/2017 D3 (ATLAS)                                        MPEC 2020-K19
    PK17D040  2016 09  5.4468  2.799426  0.629109  212.1770  264.8895   10.5456  20230225  13.0  4.0  P/2017 D4 (PANSTARRS)                                    MPEC 2022-OB6
    CK17D050  2017 01  9.5626  2.159831  0.981228  287.7324   92.7190  131.0512  20201217  16.0  4.0  C/2017 D5 (PANSTARRS)                                    MPEC 2020-SI8
    CK17E010  2017 04  9.7394  0.912198  1.003286  152.8455  142.5963   14.5628  20230225  14.0  4.0  C/2017 E1 (Borisov)                                      MPC106346
    CK17E020  2116 02 14.1903  2.348636  0.891340   89.1344   11.4141   79.0341  21160218  11.5  4.0  C/2017 E2 (Tsuchinshan)                                  MPEC 2020-SI8
    CK17E030  2017 06  7.0701  5.934200  1.005660  334.4314  220.8078   70.6658  20220809   6.5  4.0  C/2017 E3 (PANSTARRS)                                    MPEC 2022-O08
    CK17E040  2017 04 22.9836  0.493056  1.001470   87.0530  222.7293   87.8199  20230225  17.0  4.0  C/2017 E4 (Lovejoy)                                      MPC105239
    CK17E050  2016 06 11.9209  1.781111  0.995451  306.9273  206.5038  122.6706  20220809  13.0  4.0  C/2017 E5 (Lemmon)                                       MPEC 2022-M21
    CK17F010  2017 11 28.6319  4.495851  1.001739   64.7506  158.7905  146.4645  20230225  10.5  4.0  C/2017 F1 (Lemmon)                                       MPC111769
    CK17F020  2017 11 25.2226  6.921383  1.001472  134.8912   38.6696   42.5631  20230225   7.5  4.0  C/2017 F2 (PANSTARRS)                                    MPC114598
    PK17F36L  2025 08  8.4939  2.830987  0.032694   90.1771  313.4524   15.6870  20250505  14.7  4.0  P/2017 FL36 (PANSTARRS)                                  MPC184408
    PK17G010  2016 04 16.2774  2.520233  0.649779  225.2534  247.1220    5.1531  20230913  13.5  4.0  P/2017 G1 (PANSTARRS)                                    MPEC 2024-C04
    PK17G020  2017 06 13.9163  2.846247  0.650329  105.9407   79.8182   47.9065  20170616  13.0  4.0  P/2017 G2 (PANSTARRS)                                    MPC108595
    CK17G030  2017 04 15.9482  2.578342  0.991353   72.9381  279.3832  159.0127  20230225  14.0  4.0  C/2017 G3 (PANSTARRS)                                    MPEC 2020-SI8
    CK17K010  2018 03 17.0300  7.283618  1.002557    4.4292  225.6897  154.0214  20230225   7.0  4.0  C/2017 K1 (PANSTARRS)                                    MPC115882
    CK17K020  2022 12 18.2109  1.800109  0.998653  236.1576   88.2216   87.6384  20251121   1.5  4.0  C/2017 K2 (PANSTARRS)                                    MPEC 2025-YF1
    PK17K030  2017 05 30.6984  2.344063  0.580123  253.4333  354.2906    4.2732  20210705  14.5  4.0  P/2017 K3 (Gasparovic)                                   MPEC 2021-N06
    CK17K040  2018 01  7.8568  2.664247  0.907187   15.3363  298.9557   16.6657  20230225  10.0  4.0  C/2017 K4 (ATLAS)                                        MPC114598
    CK17K050  2020 03 27.3968  7.686122  1.004589  172.0636  102.4051   82.2508  20230225   5.0  4.0  C/2017 K5 (PANSTARRS)                                    MPEC 2021-P47
    CK17K060  2018 01  4.2533  1.995435  0.998470  303.7637   84.9433   57.1899  20230225  11.0  4.0  C/2017 K6 (Jacques)                                      MPC114599
    CK17M030  2017 04 28.5452  4.646834  0.972091  110.2189    7.0330   77.6138  20230225  10.5  4.0  C/2017 M3 (PANSTARRS)                                    MPEC 2020-SI8
    CK17M040  2019 01 17.9772  3.252864  1.001321  167.6170   65.9485  105.6432  20220809   6.0  4.0  C/2017 M4 (ATLAS)                                        MPEC 2022-OB6
    CK17M050  2018 06  4.0253  6.006769  1.004913   92.8709  216.2967   15.8607  20230225   6.5  4.0  C/2017 M5 (TOTAS)                                        MPC118841
    CK17O010  2017 10 16.3196  1.490627  0.996178   20.8384   25.7280   39.9944  20230225  11.0  4.0  C/2017 O1 (ASASSN)                                       MPEC 2022-OB6
    PK17P010  2018 06 23.0041  5.455161  0.310760  122.6529  221.4719    7.6886  20230225  10.0  4.0  P/2017 P1 (PANSTARRS)                                    MPC114599
    CK17P020  2017 12  5.6166  2.478482  0.999029  132.5428  165.4689   50.0348  20230225  10.0  4.0  C/2017 P2 (PANSTARRS)                                    MPC114599
    CK17S020  2017 08 30.9584  3.618436  0.825077  306.1244   62.3801   12.6608  20230225  13.0  4.0  C/2017 S2 (PANSTARRS)                                    MPC108595
    CK17S030  2018 08 16.5578  0.206092  1.000093  255.7711  171.3208   99.3619  20230225  11.0  4.0  C/2017 S3 (PANSTARRS)                                    MPC114599
    CK17S060  2018 02 26.2467  1.552918  1.001033  135.0427  131.1846  152.8642  20230225  12.5  4.0  C/2017 S6 (Catalina)                                     MPC109591
    CK17S070  2017 05 28.0067  7.614457  1.002318  187.7548  262.7869  124.2198  20170616   7.0  4.0  C/2017 S7 (Lemmon)                                       MPEC 2020-SI8
    PK17S080  2022 09 15.2132  1.692409  0.390813  254.8436  191.5359   29.8479  20230225  16.0  4.0  P/2017 S8 (PANSTARRS)                                    MPEC 2022-OB6
    CK17T010  2018 02 20.6501  0.585872  0.999946   97.1362  102.5321   96.9200  20230225  14.5  4.0  C/2017 T1 (Heinze)                                       MPC114600
    CK17T020  2020 05  4.9494  1.611438  0.998920   92.8740   64.4360   57.2823  20230913   5.0  4.0  C/2017 T2 (PANSTARRS)                                    MPEC 2024-A43
    CK17T030  2018 07 19.2043  0.823607  0.999342  246.8405  230.1916   88.2874  20230225  10.0  4.0  C/2017 T3 (ATLAS)                                        MPC114600
    PK17T13W  2018 06 21.9065  2.067178  0.710300  119.8825  322.2837   44.8600  20230225  15.0  2.0  P/2017 TW13 (Lemmon)                                     MPC115882
    CK17U020  2017 08 28.2501  6.721302  0.997571  147.9076  149.7525   95.4009  20230225   9.0  4.0  C/2017 U2 (Fuls)                                         MPC114600
    PK17U030  2019 04 13.7164  4.439035  0.099167  296.5462  165.1099   15.9185  20220121  11.0  4.0  P/2017 U3 (PANSTARRS)                                    MPEC 2022-K19
    CK17U040  2018 09 21.5403  7.724669  0.999272  158.9775  245.9080  158.2016  20230225   7.0  4.0  C/2017 U4 (PANSTARRS)                                    MPEC 2023-CD7
    CK17U050  2017 12 19.9166  4.315303  0.744950  261.9603  163.1358   18.9806  20230225  12.0  4.0  C/2017 U5 (PANSTARRS)                                    MPC114600
    CK17U070  2019 09 15.3561  6.428229  1.001746  326.4314  276.2699  142.6151  20230225   8.3  2.0  C/2017 U7 (PANSTARRS)                                    MPEC 2023-A50
    CK17W020  2017 10 31.5179  3.940865  0.710333  168.8802  312.7603   98.2036  20230225  11.0  4.0  C/2017 W2 (Leonard)                                      MPC114600
    PK17W030  2018 02 26.8209  3.839864  0.507361  326.7295  210.7271   18.2827  20190427  10.5  4.0  P/2017 W3 (Gibbs)                                        MPC114601
    CK17X010  2018 06 14.5083  4.662727  0.851147  283.1135  251.1275   31.3111  20180611  10.0  4.0  C/2017 X1 (PANSTARRS)                                    MPEC 2021-S45
    CK17Y010  2017 09  1.0947  3.700897  0.998086  134.2117  307.4956   55.2429  20230225  11.5  4.0  C/2017 Y1 (PANSTARRS)                                    MPEC 2022-N37
    CK17Y020  2020 11  5.1203  4.628793  1.001529  147.9015   66.0326  128.4482  20240331  15.0  4.0  C/2017 Y2 (PANSTARRS)                                    MPEC 2024-DC6
    PK17Y030  2018 02 11.2279  1.275794  0.870538   67.5396  153.8710   27.5819  20190427  16.5  4.0  P/2017 Y3 (Leonard)                                      MPC111770
    CK18A010  2017 10 21.7881  2.405980  0.904254   96.1388  336.6757   53.6260  20230225  12.5  4.0  C/2018 A1 (PANSTARRS)                                    MPC114601
    CK18A030  2019 01 12.4025  3.275538  0.992592   86.3779  194.2935  139.5393  20210705   8.5  4.0  C/2018 A3 (ATLAS)                                        MPEC 2021-P47
    CK18A040  2018 05 19.5781  2.389343  0.803911  355.9556   97.5780    3.1508  20230225  14.0  4.0  C/2018 A4 (PANSTARRS)                                    MPEC 2023-J29
    PK18A050  2017 09 24.4655  2.681640  0.523520  359.4863   87.7894   23.6002  20230225  15.0  4.0  P/2018 A5 (PANSTARRS)                                    MPC109147
    CK18A060  2019 07 10.5903  3.018691  0.798940  264.3150  340.4095   77.1017  20240331   9.0  4.0  C/2018 A6 (Gibbs)                                        MPEC 2024-JU4
    CK18B010  2018 03 28.4344  5.127158  0.999548   68.4043  133.2244  162.4244  20230225   9.0  4.0  C/2018 B1 (Lemmon)                                       MPEC 2022-O08
    PK18C010  2018 02 26.1768  2.598039  0.535481  234.5311  270.4129    5.1360  20190427  13.5  4.0  P/2018 C1 (Lemmon-Read)                                  MPC114601
    CK18C020  2018 06  2.1561  1.956238  1.001401  134.1141   91.1389   34.4583  20190427  13.0  4.0  C/2018 C2 (Lemmon)                                       MPC114601
    CK18D04O  2019 08 17.5017  2.410533  0.905140  176.2820  251.4078  160.4424  20230225  11.0  4.0  C/2018 DO4 (Lemmon)                                      MPEC 2022-M88
    CK18E010  2018 04 18.0410  2.692591  0.949975  299.2609  146.8466   72.5139  20230225  10.5  4.0  C/2018 E1 (ATLAS)                                        MPC114602
    CK18E020  2017 12 23.8083  3.919111  0.998684  277.4452   67.1612   97.6364  20220809  10.5  4.0  C/2018 E2 (Barros)                                       MPEC 2022-N37
    CK18E04N  2018 06  7.7610  1.448100  0.921269   35.0144  136.1639   81.5635  20190427  15.0  4.0  C/2018 EN4 (NEOWISE)                                     MPC114602
    CK18E09F  2018 05 21.0474  1.562190  0.996523   72.6351  172.5617   84.6287  20230225  18.0  2.0  C/2018 EF9 (Lemmon)                                      MPEC 2023-CD7
    CK18F010  2018 12 13.5218  2.994795  0.989023   71.6262  177.2755   46.0769  20210705  11.5  4.0  C/2018 F1 (Grauer)                                       MPEC 2021-R75
    CK18F030  2017 08 15.2313  2.483172  1.000000  293.0113  173.0311  105.5348            13.0  4.0  C/2018 F3 (Johnson)                                      MPC110084
    CK18F040  2019 12  3.0740  3.443781  0.999567  263.2187   26.5155   78.0838  20230225  11.0  6.0  C/2018 F4 (PANSTARRS)                                    MPEC 2023-A50
    CK18F04a  2019 12  3.9026  3.441493  1.000677  263.2278   26.5159   78.0865  20220121  11.0  6.0  C/2018 F4-A                                              MPEC 2021-Y10
    CK18F04b  2019 12  2.9990  3.443468  0.999602  263.2013   26.5152   78.0849  20230225  11.0  6.0  C/2018 F4-B                                              MPEC 2023-D41
    PK18H020  2027 03 22.1754  2.006285  0.542334  119.6651   68.2299    7.3908  20230225  16.6  2.0  P/2018 H2 (PANSTARRS)                                    MPC114602
    CK18K010  2018 04  7.0877  1.885643  0.937535  325.2421  260.2045  164.1970  20230225  14.9  4.0  C/2018 K1 (Weiland)                                      MPC114602
    CK18K03J  2019 09  9.7692  3.630114  0.995895  217.6663   91.6088  136.7052  20210705  12.2  2.0  C/2018 KJ3 (Lemmon)                                      MPEC 2021-R75
    CK18L020  2018 12  2.6843  1.713227  0.993440   56.2843  243.0221   67.3651  20210705  10.0  4.0  C/2018 L2 (ATLAS)                                        MPEC 2021-P47
    PK18L040  2018 07 31.8655  1.676382  0.660295  140.4501  145.1893   26.6246  20190427  17.5  4.0  P/2018 L4 (PANSTARRS)                                    MPC114603
    CK18M010  2018 07 10.8369  1.306159  0.939270   14.2170  339.4530   37.2992  20230225  15.5  4.0  C/2018 M1 (Catalina)                                     MPC117070
    CK18N010  2018 08  2.5347  1.310288  0.997365  354.7147  292.5058  159.4237  20220809  15.5  4.0  C/2018 N1 (NEOWISE)                                      MPEC 2022-M21
    CK18N020  2019 11 11.3922  3.128020  1.000996   25.2033   24.4900   77.5546  20230225   6.0  4.0  C/2018 N2 (ASASSN)                                       MPEC 2022-YN2
    CK18O010  2018 08 31.7764  1.562231  0.944318  162.7117   87.7944  154.0202  20230225  17.0  4.0  C/2018 O1 (ATLAS)                                        MPC114603
    PK18P040  2018 11  9.1595  3.673348  0.450533    8.3809  353.1277   23.1098  20230225  12.0  4.0  P/2018 P4 (PANSTARRS)                                    MPC114603
    CK18P050  2019 02 28.1279  4.587513  0.642888  131.9170  216.2604    7.2465  20230225  11.0  4.0  C/2018 P5 (PANSTARRS)                                    MPEC 2021-P47
    CK18R030  2019 06  7.7132  1.283952  0.999176  112.7025  324.6235   69.7364  20230225   9.5  4.0  C/2018 R3 (Lemmon)                                       MPC118841
    CK18R040  2018 03  2.9854  1.721254  0.995066  345.3292  298.5038   11.6738  20220809  14.0  4.0  C/2018 R4 (Fuls)                                         MPEC 2022-M21
    CK18R050  2019 01 10.2612  3.633132  0.841349  178.1651  171.1665  103.7487  20230225  11.5  4.0  C/2018 R5 (Lemmon)                                       MPC114603
    CK18S020  2018 11  6.8070  5.474018  0.618879  290.7786   85.1382   64.1474  20230225   7.5  4.0  C/2018 S2 (TESS)                                         MPEC 2022-QC6
    CK18S030  2016 06 29.2446  8.012062  1.002457  263.9486   25.0451   78.2978  20230225   6.0  4.0  C/2018 S3 (TESS)                                         MPEC 2023-D54
    CK18U010  2021 11  3.0844  4.992922  1.001356  180.4647   75.4803  108.2989  20211102   5.0  4.0  C/2018 U1 (Lemmon)                                       MPC184408
    CK18V010  2018 12  3.5087  0.386966  1.000540   88.7832  128.7322  143.9908  20190427  12.0  4.0  C/2018 V1 (Machholz-Fujikawa-Iwamoto)                    MPC114604
    CK18V020  2018 11 26.9904  2.474865  0.902963  318.6656  356.7900  159.1106  20181118  15.5  4.0  C/2018 V2 (ATLAS)                                        MPC115884
    PK18V02N  2026 08 15.6273  2.118730  0.478327  138.9264  226.4409   18.2596  20241017  15.0  4.0  P/2018 VN2 (Leonard)                                     MPC181178
    AK18V030  2019 09 10.2648  1.333477  0.989597    3.6007  308.7921  164.9265  20241017  15.7  2.0  A/2018 V3                                                MPC181178
    CK18V040  2019 03  1.7776  3.193574  0.984279  359.9294   78.3035   69.0105  20230225  12.5  4.0  C/2018 V4 (Africano)                                     MPEC 2022-M21
    PK18V050  2018 10  3.8647  4.699467  0.475587  260.6270  171.3322   10.5903  20230225  12.5  4.0  P/2018 V5 (Trujillo-Sheppard)                            MPEC 2021-P47
    CK18W010  2019 05 11.8662  1.359196  0.937318  251.2374  233.6327   83.3918  20230225  15.5  2.0  C/2018 W1 (Catalina)                                     MPEC 2021-P47
    CK18W020  2019 09  5.5880  1.455640  1.000394  157.9801  181.8397  116.6193  20210705   9.5  4.0  C/2018 W2 (Africano)                                     MPEC 2021-P47
    AK18W030  2021 04 13.0568  4.290500  0.993907  313.9644  251.6727  104.8195  20230225  10.5  2.0  A/2018 W3                                                MPEC 2023-M14
    CK18X020  2019 07  8.5390  2.125889  0.986143  162.0504  340.8299   23.0693  20190716  12.0  4.0  C/2018 X2 (Fitzsimmons)                                  MPC119996
    CK18X030  2018 12 31.3036  2.690320  0.782605  359.7305   78.8415   43.3924  20230225  14.5  4.0  C/2018 X3 (PANSTARRS)                                    MPC114604
    CK18Y010  2019 02  5.3257  1.284694  0.989999  357.8861  147.4559  160.4236  20230913  11.5  4.0  C/2018 Y1 (Iwamoto)                                      MPEC 2024-A43
    PK18Y020  2019 01  2.5496  3.893248  0.479193  162.4922  297.2641   11.6814  20190427  11.5  4.0  P/2018 Y2 (Africano)                                     MPC114605
    PK19A010  2018 10 11.1390  2.204340  0.569155  150.6995  312.2732   13.7489  20230225  16.0  4.0  P/2019 A1 (PANSTARRS)                                    MPC114605
    PK19A020  2018 11 20.5536  3.530404  0.382149  323.8646  139.4367   14.8609  20230225  10.5  4.0  P/2019 A2 (ATLAS)                                        MPEC 2021-P47
    PK19A030  2024 03  2.5072  2.307610  0.266098  325.5954   31.3565   15.3747  20230225  16.0  4.0  P/2019 A3 (PANSTARRS)                                    MPEC 2022-M21
    PK19A040  2023 03  3.2886  2.385805  0.087095  342.8838  119.3706   13.3059  20230225  15.0  4.0  P/2019 A4 (PANSTARRS)                                    MPEC 2022-L66
    CK19A050  2019 06  8.2350  6.321797  0.706847  355.9420  146.6281   67.5595  20210705   9.5  4.0  C/2019 A5 (PANSTARRS)                                    MPEC 2021-P47
    PK19A060  2018 08 30.2288  1.928954  0.639957  156.1613  280.2254   33.2502  20230225  16.0  4.0  P/2019 A6 (Lemmon-PANSTARRS)                             MPC114605
    CK19A090  2019 07 26.6177  1.427758  0.963840  237.8741  278.3718   84.3305  20200531  15.0  4.0  C/2019 A9 (PANSTARRS)                                    MPC118842
    CK19B010  2019 03 19.2863  1.594076  0.988539  174.7739  290.3572  123.3809  20230225  16.0  4.0  C/2019 B1 (Africano)                                     MPEC 2022-L66
    PK19B020  2019 06  8.0522  2.416444  0.372765  358.7173  176.4596   16.8291  20190606  14.5  4.0  P/2019 B2 (Groeller)                                     MPC115885
    CK19B030  2021 01 19.9772  6.826889  0.998853  263.9743  358.4211   66.5560  20240331   5.5  4.0  C/2019 B3 (PANSTARRS)                                    MPEC 2024-JU4
    CK19C010  2020 05  5.4016  6.580951  0.990849  319.1764  212.3863   36.0307  20210705  10.0  4.0  C/2019 C1 (ATLAS)                                        MPEC 2021-P47
    CK19D010  2019 05 11.5883  1.583194  0.988940   70.6341  231.6808   34.0297  20220809  13.0  4.0  C/2019 D1 (Flewelling)                                   MPEC 2022-O08
    CK19E030  2023 11 15.7289 10.313356  0.998260  280.7230  347.1857   84.3223  20251121   2.5  4.0  C/2019 E3 (ATLAS)                                        MPEC 2025-YF1
    CK19F010  2021 06 22.1468  3.607871  1.001462  251.3410   38.6639   54.2349  20240331   5.5  4.0  C/2019 F1 (ATLAS-Africano)                               MPEC 2024-GJ3
    CK19F020  2019 09  8.1475  2.236620  0.864892   11.6031  175.3310   19.3466  20251121  12.0  4.0  C/2019 F2 (ATLAS)                                        MPC188408
    CK19G020  2019 12  7.5937  2.297952  0.994382   82.6497  208.1786  159.2245  20240331  15.0  4.0  C/2019 G2 (PANSTARRS)                                    MPEC 2024-E01
    AK19G030  2018 12  4.1985  2.852178  0.834371  161.9415   49.8658  156.8110  20220809  17.1  2.0  A/2019 G3                                                MPEC 2022-VC5
    CK19G040  2018 09 16.0497  5.852643  1.002018  287.8212  130.4605  138.3708  20220809   9.5  4.0  C/2019 G4 (PANSTARRS)                                    MPEC 2022-P82
    PK19G21G  2019 05 10.0988  3.944437  0.471888  208.5855  340.5673    6.0852  20230225  12.0  4.0  P/2019 GG21 (PANSTARRS)                                  MPC114607
    CK19H010  2019 04 27.9802  1.846020  0.992610   19.3523  269.2440  104.5047  20220809  15.5  4.0  C/2019 H1 (NEOWISE)                                      MPEC 2022-M21
    CK19J010  2019 04  7.9285  2.484789  0.963762  167.7506   98.1529   24.5416  20230225  12.0  4.0  C/2019 J1 (Lemmon)                                       MPEC 2023-A50
    CK19J020  2019 07 19.8804  1.725084  0.989258   98.7084   25.5512  105.2614  20230225  13.0  4.0  C/2019 J2 (Palomar)                                      MPEC 2021-R75
    CK19J030  2019 08  1.9352  2.373359  1.000225   16.5687  270.5173  131.4111  20190427  13.5  4.0  C/2019 J3 (ATLAS)                                        MPC117071
    CK19J06U  2019 06  1.4861  2.046741  0.999925   95.0133   21.7568  148.3266  20220809  14.5  4.0  C/2019 JU6 (ATLAS)                                       MPEC 2022-M21
    CK19K010  2020 02 12.9364  2.012850  0.999971  265.7162   73.3579   87.0867  20220809  10.0  4.0  C/2019 K1 (ATLAS)                                        MPEC 2022-O08
    CK19K040  2019 06 16.4136  2.259388  0.999037  139.7697  180.1647  105.3058  20190606  12.5  4.0  C/2019 K4 (Ye)                                           MPC119997
    CK19K050  2019 06 23.0332  2.041468  0.987831  175.0927  177.1665   15.3186  20230225  13.0  4.0  C/2019 K5 (Young)                                        MPEC 2021-P47
    CK19K060  2020 05 20.1705  3.928670  0.997416  187.6151   42.9401  132.3732  20200531  11.5  4.0  C/2019 K6 (PANSTARRS)                                    MPEC 2021-P47
    CK19K070  2020 06 17.6153  4.477751  1.000926   27.4043  307.9986  103.5106  20240331   6.0  4.0  C/2019 K7 (Smith)                                        MPEC 2024-GJ3
    CK19K080  2019 07 21.6319  3.194293  0.998727   85.3684  291.0427   93.1575  20230225  11.5  4.0  C/2019 K8 (ATLAS)                                        MPEC 2021-R75
    CK19L010  2019 08 10.7770  2.898744  0.705463   50.0495  254.4300    9.9807  20230225  13.5  4.0  C/2019 L1 (PANSTARRS)                                    MPEC 2023-A50
    CK19L020  2019 04  1.9352  1.620355  0.935065   18.7166   12.5276  152.1905  20190318  16.0  4.0  C/2019 L2 (NEOWISE)                                      MPC115886
    PK19L02D  2020 01 25.6768  4.469387  0.133415  116.1537  178.2607   11.6467  20251121  12.0  4.0  P/2019 LD2 (ATLAS)                                       MPEC 2025-W75
    CK19L030  2022 01 10.0985  3.558230  1.003097  171.7413  290.7196   48.3455  20250505   4.5  4.0  C/2019 L3 (ATLAS)                                        MPC185656
    PK19L04M  2019 06 20.7793  2.358231  0.586375   68.2194   72.8796   36.4135  20251121  12.9  4.0  P/2019 LM4 (Palomar)                                     MPEC 2025-W75
    CK19L07B  2019 03 27.2357  2.482820  0.929430  335.8946    3.2854  164.2324  20190318  17.0  4.0  C/2019 LB7 (Kleyna)                                      MPC118095
    CK19M030  2019 01  3.0522  2.417867  1.002299   87.9349  154.8934   99.4386  20181228  12.2  4.0  C/2019 M3 (ATLAS)                                        MPC118095
    CK19M040  2019 09 12.5558  9.187206  1.004226  260.3711   52.6425   65.6854  20230225   5.0  4.0  C/2019 M4 (TESS)                                         MPEC 2023-JA2
    CK19N010  2020 12  1.3935  1.705428  0.999067  193.4233   13.5733   82.4301  20230225   7.5  4.0  C/2019 N1 (ATLAS)                                        MPEC 2023-C45
    AK19N020  2019 08 22.7752  1.947943  0.998836  347.1995  276.1112   89.3927  20230225  12.5  2.0  A/2019 N2                                                MPEC 2023-CD8
    CK19N03J  2020 10 22.1800  4.362075  1.001845  246.8811  142.4920   99.3164  20251121  12.0  4.0  C/2019 NJ3 (Lemmon)                                      MPEC 2025-W75
    CK19O020  2023 04  6.1163  9.681131  0.835126  129.5785   48.2622   93.3018  20250505   5.0  4.0  C/2019 O2 (PANSTARRS)                                    MPC185656
    CK19O030  2021 03  8.5765  8.820815  1.002903   60.1045  300.4742   89.7976  20250505   3.5  4.0  C/2019 O3 (Palomar)                                      MPC182878
    AK19O040  2020 02 10.4474  3.648274  0.889962   61.8732  354.9243  115.0985  20230225  15.5  2.0  A/2019 O4                                                MPEC 2021-P47
    CK19Q010  2020 07 21.3507  5.004921  1.001624   56.2401   42.4566  155.7312  20240331   8.5  4.0  C/2019 Q1 (Lemmon)                                       MPEC 2024-EF7
    AK19Q020  2019 07 22.3540  1.257807  0.978262  176.2518  187.9488  159.0268  20190427  18.0  2.0  A/2019 Q2                                                MPC117072
    CK19Q030  2018 08 21.4145  7.265563  1.002642  152.7796  151.3483   65.5364  20230225   8.5  4.0  C/2019 Q3 (PANSTARRS)                                    MPC117072
    PK19S020  2019 02 22.0753  3.766391  0.205808  217.0995   93.1927   10.4678  20230225  13.5  4.0  P/2019 S2 (PANSTARRS)                                    MPC117072
    PK19S030  2025 12 18.5877  1.806032  0.471206  213.0160  150.1865    8.6962  20230225  18.3  4.0  P/2019 S3 (PANSTARRS)                                    MPEC 2022-CN4
    CK19S040  2020 04  7.9844  3.442728  0.985210   71.3648   63.1577   92.0771  20230225  11.0  4.0  C/2019 S4 (Lemmon)                                       MPEC 2021-S45
    AK19T010  2021 01 14.7877  4.281719  0.889427   91.0734    6.9447  120.8769  20230225  13.0  2.0  A/2019 T1                                                MPEC 2023-N01
    CK19T020  2021 04 22.6002  2.646016  0.999450  239.4320  155.6525  111.4633  20230913   9.0  4.0  C/2019 T2 (Lemmon)                                       MPEC 2023-R20
    CK19T030  2021 03  4.3032  5.952137  0.998289  112.4548  139.5324  121.8383  20230913   6.8  4.0  C/2019 T3 (ATLAS)                                        MPEC 2023-UR6
    CK19T040  2022 06  8.7142  4.236777  0.995229  351.1104  199.8861   53.6244  20251121   5.0  4.0  C/2019 T4 (ATLAS)                                        MPC188408
    PK19T050  2019 08  1.7895  1.523113  0.809533  189.5628  247.6282   33.4666  20230225  15.0  4.0  P/2019 T5 (ATLAS)                                        MPEC 2021-P47
    PK19T060  2019 11  8.5202  2.049474  0.623072  328.9387   71.2753   18.6928  20230225  15.5  4.0  P/2019 T6 (PANSTARRS)                                    MPEC 2021-P47
    PK19U040  2026 04 27.8658  1.844532  0.476016  181.0033  200.0211   11.6991  20230225  19.0  4.0  P/2019 U4 (PANSTARRS)                                    MPC118096
    CK19U050  2023 03 29.3395  3.624641  1.000002  181.4452    2.6018  113.5139  20251121   4.5  4.0  C/2019 U5 (PANSTARRS)                                    MPEC 2025-XC7
    CK19U060  2020 06 18.7045  0.914273  0.997589  329.6422  235.7076   60.9971  20220121  10.0  4.0  C/2019 U6 (Lemmon)                                       MPEC 2022-H04
    CK19V010  2020 07 16.4504  3.094926  0.998008   51.1718   83.1636   61.8982  20230225  11.0  4.0  C/2019 V1 (Borisov)                                      MPEC 2022-N37
    PK19V020  2020 10 18.2999  5.018694  0.331182  335.8566  189.1842   11.8081  20220809  10.0  4.0  P/2019 V2 (Groeller)                                     MPEC 2022-L66
    PK19W010  2019 05  8.8971  3.334301  0.267057   18.7152   35.3767   23.4747  20230225  12.9  4.0  P/2019 W1 (PANSTARRS)                                    MPEC 2023-A50
    PK19X010  2019 07 21.8894  4.299559  0.303585   36.7803   43.6809   10.2497  20230225  10.4  4.0  P/2019 X1 (Pruyne)                                       MPEC 2021-P47
    PK19X020  2019 12  9.3239  1.820243  0.499559  213.4568  250.8299   15.8915  20230225  18.0  4.0  P/2019 X2 (Pan-STARRS)                                   MPEC 2020-C98
    CK19Y010  2020 03 15.8739  0.829841  0.990385   57.9340   31.5404   73.3769  20230225  13.7  4.0  C/2019 Y1 (ATLAS)                                        MPC119999
    CK19Y040  2020 05 30.7917  0.255582  0.999290  177.4517  120.6800   45.1775  20230913  11.8  6.0  C/2019 Y4 (ATLAS)                                        MPEC 2024-A43
    CK19Y04a  2020 05 31.0421  0.251003  1.001328  177.2447  120.9278   45.8250  20200531  11.9  6.0  C/2019 Y4-A (ATLAS)                                      MPEC 2020-L06
    CK19Y04b  2020 05 29.7828  0.256863  0.999817  177.3729  120.8482   45.0306  20250505  12.1  6.0  C/2019 Y4-B (ATLAS)                                      MPEC 2025-CE3
    CK19Y04c  2020 05 31.0003  0.252052  1.002045  177.2781  120.6534   45.6073  20200531  12.3  6.0  C/2019 Y4-C (ATLAS)                                      MPEC 2020-L06
    CK19Y04d  2020 05 31.1174  0.251452  0.996247  177.4169  121.0341   45.6487  20200531  13.8  6.0  C/2019 Y4-D (ATLAS)                                      MPEC 2020-L06
    CK19Y050  2019 08 18.0247  4.918952  0.993578  303.5528   51.7592   82.7718  20230225  11.0  4.0  C/2019 Y5 (PANSTARRS)                                    MPEC 2023-A50
    AK20A010  2019 12  2.4397  1.666706  0.935120  302.5293  119.2156  149.0384  20230225  18.0  2.0  A/2020 A1                                                MPEC 2023-A50
    CK20A020  2020 01  8.5551  0.974621  0.999343   68.1075  286.3140  120.6485  20230225  13.5  4.0  C/2020 A2 (Iwamoto)                                      MPEC 2022-YN2
    CK20A030  2019 06 29.2533  5.761507  1.001009  268.3880  120.8035  146.6745  20230225   8.0  4.0  C/2020 A3 (ATLAS)                                        MPEC 2023-A50
    PK20A040  2019 11 22.8524  2.835721  0.653920  144.7498  312.4028   24.9889  20230225  15.0  4.0  P/2020 A4 (PANSTARRS-Lemmon)                             MPEC 2022-P91
    AK20B010  2019 12 26.2459  1.741481  0.966108  154.6923  309.9931   18.5135  20230225  21.0  2.0  A/2020 B1                                                MPEC 2020-N08
    CK20B020  2020 01 26.4618  2.763234  0.959262  143.6315  354.3113   55.7552  20230225  10.0  4.0  C/2020 B2 (Lemmon)                                       MPEC 2020-HN5
    CK20B030  2019 10 19.4057  3.340397  0.996673  324.9652  185.8494   20.7098  20220809  13.0  4.0  C/2020 B3 (Rankin)                                       MPEC 2022-N37
    PK20B040  2021 11 19.7608  6.438892  0.191735  342.1043  185.9793   11.6094  20230225  10.5  4.0  P/2020 B4 (Sheppard)                                     MPEC 2023-KD6
    CK20F020  2022 07 12.1382  8.813635  1.001942   48.2258  250.2973  163.5899  20251121   4.5  4.0  C/2020 F2 (ATLAS)                                        MPEC 2025-X35
    CK20F030  2020 07  3.7691  0.295039  0.999170   37.3604   61.0578  129.0663  20230225   7.5  5.2  C/2020 F3 (NEOWISE)                                      MPEC 2021-O56
    CK20F050  2021 03 16.6422  4.326944  0.974156  310.6592  350.5167   52.2181  20241017   6.5  3.2  C/2020 F5 (MASTER)                                       MPEC 2024-UQ8
    CK20F060  2020 04 11.5599  3.510966  0.990499  344.5906  207.8805  174.5812  20200531  14.5  2.8  C/2020 F6 (PANSTARRS)                                    MPEC 2020-L06
    CK20F070  2021 11 13.6665  5.332190  0.990597  227.9473  321.8645   93.9526  20230913   7.0  4.0  C/2020 F7 (Lemmon)                                       MPEC 2024-A43
    CK20F080  2020 05 26.4390  0.431068  0.999846   68.0873  259.7981  110.5549  20241017  10.0  4.0  C/2020 F8 (SWAN)                                         MPC181179
    PK20G010  2020 03 17.5494  0.504018  0.860322  207.6290  240.0913   18.4996  20230225  17.0  4.0  P/2020 G1 (Pimentel)                                     MPEC 2020-L06
    CK20H020  2020 04 27.4411  0.828976  0.995529   26.6089  277.6724  124.8033  20241017  14.0  3.2  C/2020 H2 (Pruyne)                                       MPC181179
    CK20H030  2020 06  5.7161  2.300288  1.000000   30.4456  270.6227   62.5292            13.0  4.0  C/2020 H3 (Wierzchos)                                    MPEC 2020-HM1
    CK20H040  2020 08 29.2709  0.935889  0.992608  116.7671  307.5212   84.2896  20241017  15.0  3.2  C/2020 H4 (Leonard)                                      MPC181179
    CK20H050  2020 12  9.9559  9.335438  0.998381  326.2673  210.6167   70.2323  20250505   5.0  4.0  C/2020 H5 (Robinson)                                     MPC184409
    CK20H060  2021 09 30.2331  4.700129  0.998613   20.2562  213.7180   79.9783  20240331   8.0  3.2  C/2020 H6 (ATLAS)                                        MPEC 2024-JU4
    CK20H070  2020 06  2.9509  4.419545  0.996854   82.6780  323.5194  135.9235            11.0  4.0  C/2020 H7 (Lemmon)                                       MPEC 2020-KB7
    CK20H080  2020 06  4.4423  4.675271  0.992199  128.9346   68.4084   99.6456  20210705  10.5  4.0  C/2020 H8 (PANSTARRS)                                    MPEC 2021-N06
    AK20H090  2019 12 21.2908  2.578037  0.992943  312.8624  213.1495  137.8701  20220121  18.0  2.0  A/2020 H9                                                MPEC 2022-ED3
    CK20H110  2020 09 15.3538  7.628364  1.002357   91.4827  303.0301  151.4042  20230225   8.5  4.0  C/2020 H11 (PANSTARRS-Lemmon)                            MPEC 2023-HN7
    CK20J010  2021 04 18.6480  3.353877  1.000824  341.7515  226.6018  142.3048  20230225   8.5  3.2  C/2020 J1 (SONEAR)                                       MPEC 2023-KD6
    CK20K010  2023 05  8.5578  3.074313  0.998412  213.9630   94.3674   89.6703  20251121   5.5  4.0  C/2020 K1 (PANSTARRS)                                    MPEC 2025-YF1
    CK20K020  2020 08  6.2632  8.880417  1.003309   67.3500  288.3825   91.0234  20230225   6.5  4.0  C/2020 K2 (PANSTARRS)                                    MPEC 2021-N06
    CK20K030  2020 06  1.0031  1.583069  1.000000   64.4924   28.3546  129.0152            14.5  4.0  C/2020 K3 (Leonard)                                      MPEC 2020-KF9
    CK20K040  2020 03  3.7677  1.752953  0.926823  308.7771  264.0955  125.5656  20200531  16.5  4.0  C/2020 K4 (PANSTARRS)                                    MPEC 2020-L06
    CK20K050  2021 06  5.5706  1.535661  1.001508  249.5884   86.1643   67.1516  20210705  11.0  4.0  C/2020 K5 (PANSTARRS)                                    MPEC 2021-R75
    CK20K060  2021 09 15.8416  5.868874  1.003684   44.3362  291.5488  103.6499  20230225   8.0  4.0  C/2020 K6 (Rankin)                                       MPEC 2023-N01
    CK20K070  2019 10 28.3196  6.393352  0.935459  358.2608  286.0763   32.0413  20230225   8.0  4.0  C/2020 K7 (PANSTARRS)                                    MPEC 2023-A50
    CK20K080  2020 09 14.7600  0.472394  1.000172  259.9481  181.5544   31.4628  20230225  15.0  3.2  C/2020 K8 (Catalina-ATLAS)                               MPEC 2021-P47
    PK20K090  2021 02 12.3651  2.852088  0.321316  196.9782  166.3054   23.2099  20230225  12.5  4.0  P/2020 K9 (Lemmon-PANSTARRS)                             MPEC 2021-BE3
    PK20M010  2019 12 26.5479  2.796413  0.474077   72.6355  142.6426    8.5411  20230225  14.5  4.0  P/2020 M1 (PANSTARRS)                                    MPEC 2023-C45
    CK20M030  2020 10 25.8661  1.268124  0.953164  328.4886   71.2236   23.4639  20230225  14.5  4.0  C/2020 M3 (ATLAS)                                        MPEC 2022-H30
    AK20M040  2020 11 24.2188  5.951378  1.001018  104.6431  348.6223  160.1263  20230225  14.5  2.0  A/2020 M4                                                MPEC 2023-N01
    PK20M04K  2028 05 21.3340  6.117213  0.011477  119.2552    0.7038    6.8088  20220809   8.0  4.0  P/2020 MK4 (PANSTARRS)                                   MPEC 2024-NE4
    CK20M050  2021 08 19.8606  3.003160  1.000408  126.3109  352.0918   93.2216  20230225   9.0  4.0  C/2020 M5 (ATLAS)                                        MPEC 2023-FK0
    CK20N010  2021 03 12.3329  1.318646  1.000463  186.7559  279.9364   29.7102  20230225  12.5  4.0  C/2020 N1 (PANSTARRS)                                    MPEC 2022-GA9
    CK20N020  2020 08 23.7549  1.794230  0.982571  331.3070  257.1221  161.0430  20230225  16.0  3.2  C/2020 N2 (ATLAS)                                        MPEC 2021-P47
    CK20O020  2021 08 28.0996  4.861122  1.000783   10.2620  256.7879   71.7622  20240331   8.0  3.2  C/2020 O2 (Amaral)                                       MPEC 2024-JU4
    PK20O030  2021 01 30.5252  4.168256  0.103234   81.6681  266.8188    8.4440  20230225  12.0  4.0  P/2020 O3 (PANSTARRS)                                    MPEC 2023-C45
    CK20P010  2020 10 20.4105  0.340860  1.000307    8.8868   53.4883   45.1251  20230225  14.0  3.2  C/2020 P1 (NEOWISE)                                      MPEC 2021-BE3
    CK20P030  2021 04 22.0249  6.813351  1.002634   82.3037   19.4704   61.8835  20240331   6.0  4.0  C/2020 P3 (ATLAS)                                        MPEC 2024-JU4
    CK20P04a  2020 08  8.4682  0.090986  1.002140  177.5194  175.1827   26.3726  20230225   5.3  6.0  C/2020 P4-A (SOHO)                                       MPEC 2020-QN1
    CK20P04b  2020 08  8.3493  0.098737  1.000534  173.4621  171.4740   27.3278  20230225   0.0  6.0  C/2020 P4-B (SOHO)                                       MPEC 2020-QN1
    CK20P04c  2020 08  6.8018  0.086544  1.012865  116.7294  164.0445   37.4565  20200531  -1.6  6.0  C/2020 P4-C (SOHO)                                       MPEC 2020-QN1
    CK20P06V  2021 09 26.0470  2.295675  0.945301   71.3930  329.1462  128.2376  20220809  10.0  4.0  C/2020 PV6 (PANSTARRS)                                   MPEC 2022-PB4
    CK20Q010  2020 08 14.6672  1.315750  0.978441    9.9315   52.4120  142.9282  20230225  14.0  4.0  C/2020 Q1 (Borisov)                                      MPEC 2022-L66
    CK20Q020  2020 01 30.3987  5.406212  0.492675  118.2715  179.8278    3.3361  20230225  12.0  3.2  C/2020 Q2 (PANSTARRS)                                    MPEC 2023-CD7
    CK20R020  2022 02 25.2074  4.695036  0.988918  211.8392  195.0997   53.2272  20240331   9.0  4.0  C/2020 R2 (PANSTARRS)                                    MPEC 2024-F34
    CK20R040  2021 03  1.9621  1.028644  0.989579   46.7205  323.2740  164.4626  20220121  13.5  4.0  C/2020 R4 (ATLAS)                                        MPEC 2022-K19
    PK20R050  2020 05 29.4528  3.418224  0.314563   82.5980  272.9712   11.4459  20230225   9.5  6.0  P/2020 R5 (PANSTARRS)                                    MPEC 2023-C45
    CK20R060  2019 09  9.5866  3.131312  0.991210  272.0045   12.1778   82.8117  20220121  11.0  4.0  C/2020 R6 (Rankin)                                       MPEC 2021-Y10
    CK20R070  2022 09 16.1539  2.954050  0.999986  347.8048  268.3059  114.9032  20241017   7.0  3.2  C/2020 R7 (ATLAS)                                        MPEC 2024-PC5
    PK20S010  2021 01 17.5004  2.949693  0.507733  254.9487  129.5254   13.7298  20230225  14.0  4.0  P/2020 S1 (PANSTARRS)                                    MPEC 2021-BE3
    CK20S020  2020 12 22.1734  1.756713  0.828103  202.3071  197.6919   22.4051  20230225  17.0  4.0  C/2020 S2 (PANSTARRS)                                    MPEC 2022-ST7
    CK20S030  2020 12 11.6184  0.395399  0.997289  350.0647  222.5899   20.0220  20240331  13.5  3.2  C/2020 S3 (Erasmus)                                      MPEC 2024-JU4
    CK20S040  2023 02  9.2857  3.369782  1.001958   21.0056  117.7064   20.5675  20240331   8.5  3.2  C/2020 S4 (PANSTARRS)                                    MPEC 2024-N80
    PK20S050  2020 08  9.0822  2.681656  0.338518   53.1395  316.0697   12.3515  20230225  14.5  4.0  P/2020 S5 (PANSTARRS)                                    MPEC 2021-BE3
    PK20S070  2020 11 18.7214  2.964266  0.410701   40.5110  328.0895   16.0906  20230225  14.5  4.0  P/2020 S7 (PANSTARRS)                                    MPEC 2021-BE3
    CK20S080  2021 04 10.9333  2.363844  0.991442  160.3354   24.0518  108.5197  20210705  12.5  4.0  C/2020 S8 (Lemmon)                                       MPEC 2021-P47
    CK20T020  2021 07 11.0823  2.058789  0.993567  150.4629   83.0721   27.8380  20230225  11.0  3.2  C/2020 T2 (Palomar)                                      MPEC 2022-TD3
    PK20T030  2021 01 20.7361  1.434746  0.592053  357.0283   73.9994    7.2961  20230225  18.0  3.2  P/2020 T3 (PANSTARRS)                                    MPEC 2021-N06
    CK20T040  2021 07  5.2734  2.191893  1.000121   79.6031   50.6166   83.8389  20230225  13.0  3.2  C/2020 T4 (PANSTARRS)                                    MPEC 2021-N06
    CK20T050  2020 10  9.6226  1.888985  0.997783   90.2939  237.8605   66.6036  20201217  16.0  4.0  C/2020 T5 (Lemmon)                                       MPEC 2021-BE3
    PK20U020  2020 12 25.9933  1.847147  0.511081   84.6205  342.9088    6.4217  20230225  18.0  4.0  P/2020 U2 (PANSTARRS)                                    MPEC 2021-N06
    CK20U030  2021 02  6.1902  2.276858  0.965733  124.2846  282.6957   30.1580  20230225  15.0  4.0  C/2020 U3 (Rankin)                                       MPEC 2021-W31
    CK20U040  2022 04  9.7831  5.360900  1.000898   70.1425  120.3937  167.0076  20241017   7.0  4.0  C/2020 U4 (PANSTARRS)                                    MPEC 2024-TD8
    CK20U050  2022 04 28.0402  3.756818  0.999098   75.4481  107.3175   97.2888  20240331   8.0  4.0  C/2020 U5 (PANSTARRS)                                    MPEC 2024-GJ3
    CK20V020  2023 05  8.5759  2.229698  1.001165  162.4803  212.4158  131.6101  20251121   4.9  4.0  C/2020 V2 (ZTF)                                          MPC188409
    PK20V030  2021 02  8.8775  6.230638  0.256795  249.3402  198.2521   23.0331  20230225   8.3  4.0  P/2020 V3 (PANSTARRS)                                    MPEC 2023-D72
    PK20V040  2021 07 21.1146  5.156099  0.451619  257.3044  203.4884   14.2337  20251121   9.0  4.0  P/2020 V4 (Rankin)                                       MPC188409
    PK20W010  2020 04  8.2379  5.292392  0.266314  264.9945  124.3938   10.7868  20230225  10.0  4.0  P/2020 W1 (Rankin)                                       MPEC 2021-BE3
    CK20W050  2020 11 30.4804  3.369405  1.002031   24.5689   75.4458   88.6263  20241017  15.0  4.0  C/2020 W5 (Lemmon)                                       MPC181179
    PK20W05J  2021 06 29.9500  4.981344  0.171871  338.0511  177.7844   22.2887  20241017   8.5  4.0  P/2020 WJ5 (Lemmon)                                      MPEC 2024-PC5
    PK20X010  2020 07 20.7655  2.877920  0.365163  323.4838   55.9805   31.6960  20240331  13.0  4.0  P/2020 X1 (ATLAS)                                        MPEC 2024-F34
    CK20X020  2020 11 16.2748  3.826979  0.767589  347.3980  105.4074   18.1844  20230913  10.6  4.0  C/2020 X2 (ATLAS)                                        MPEC 2024-A43
    CK20X030  2020 12 14.9458  0.005012  1.000000   77.3583  357.1619  143.9368            15.0  2.0  C/2020 X3 (SOHO)                                         MPEC 2020-Y19
    CK20X040  2020 11 16.3178  5.221734  0.872592  140.3072  161.8992   80.6147  20230225   9.0  4.0  C/2020 X4 (Leonard)                                      MPEC 2021-S45
    CK20Y020  2022 06 18.0473  3.145168  0.997876  266.4118   26.5336  101.1893  20241017   6.5  4.0  C/2020 Y2 (ATLAS)                                        MPC181179
    CK20Y030  2020 12  3.4778  1.999208  0.986698  342.0405  191.4286   83.0991  20210705  13.5  4.0  C/2020 Y3 (ATLAS)                                        MPEC 2021-R75
    CK21A010  2022 01  3.5189  0.616077  1.000183  225.1466  255.9135  132.7586  20241017   8.5  4.0  C/2021 A1 (Leonard)                                      MPC181179
    CK21A020  2021 01 22.0683  1.413826  0.993793  338.7738  125.1030  107.0313  20241017  13.5  4.0  C/2021 A2 (NEOWISE)                                      MPC181180
    CK21A040  2021 03 20.0207  1.146144  0.973319  204.6914  307.0940  111.5614  20220121  16.0  4.0  C/2021 A4 (NEOWISE)                                      MPEC 2022-ED3
    PK21A050  2026 03 18.8240  2.622090  0.141269   62.0161  328.6866   18.1812  20241017  15.0  4.0  P/2021 A5 (PANSTARRS)                                    MPC181180
    CK21A060  2021 05  2.8653  7.924024  0.999160  351.6091  164.0463   75.5763  20241017   7.0  4.0  C/2021 A6 (PANSTARRS)                                    MPEC 2024-P23
    CK21A070  2021 07 15.2623  1.967205  0.999430  356.0357  154.5163   78.1498  20220809  10.0  4.0  C/2021 A7 (NEOWISE)                                      MPEC 2022-M88
    CK21A090  2023 12  4.3095  7.765262  0.999823  211.6625  314.8517  158.0178  20251121   6.0  4.0  C/2021 A9 (PANSTARRS)                                    MPEC 2025-X35
    CK21A100  2021 03 15.3791  1.262203  0.986079   82.4134  188.6483  151.8964  20230225  19.0  4.0  C/2021 A10 (NEOWISE)                                     MPEC 2021-N06
    CK21B020  2021 05  4.3512  2.511868  0.993030  334.9571  120.5456   38.0833  20230225  14.0  4.0  C/2021 B2 (PANSTARRS)                                    MPEC 2022-L66
    CK21B030  2021 03 10.9090  2.160156  0.938210  293.5590   67.2869  119.4882  20210705  13.5  4.0  C/2021 B3 (NEOWISE)                                      MPEC 2021-N06
    CK21C010  2020 12  6.9651  3.478180  0.999702  336.2476  186.8987  143.0453  20230225  11.5  4.0  C/2021 C1 (Rankin)                                       MPEC 2023-KD6
    PK21C020  2021 02 24.4289  4.890194  0.487349   78.8045   66.4937   21.9269  20210705  12.0  4.0  P/2021 C2 (PANSTARRS)                                    MPEC 2021-U31
    CK21C030  2021 02 11.7854  2.273412  0.962802  357.0236  181.9077  122.1734  20240331  14.0  4.0  C/2021 C3 (Catalina)                                     MPEC 2024-M41
    CK21C040  2021 01 15.8804  4.492620  0.998537  319.9950  194.2111  132.8261  20251121   9.0  4.0  C/2021 C4 (ATLAS)                                        MPEC 2025-UQ3
    CK21C050  2023 02 11.0162  3.241830  0.998243  270.9180  323.6743   50.7887  20240331   9.0  4.0  C/2021 C5 (PANSTARRS)                                    MPEC 2024-N80
    CK21C060  2021 11 13.2813  3.272148  1.001093  203.5787  332.1604  164.6255  20230225  12.0  4.0  C/2021 C6 (Lemmon)                                       MPEC 2022-YB4
    CK21D010  2021 02 27.7191  0.902361  0.990973   72.2111  311.3112   31.4491  20230225  13.0  4.0  C/2021 D1 (SWAN)                                         MPEC 2022-F14
    CK21D020  2022 02  3.9827  2.946255  1.001714  125.0272  305.6791   83.8183  20230225   9.0  4.0  C/2021 D2 (ZTF)                                          MPEC 2023-J29
    AK21E020  2020 12 10.4577  2.286705  0.990156  342.4340  190.8226  167.4882  20220809  15.0  2.0  A/2021 E2                                                MPEC 2022-UY9
    CK21E030  2022 06 11.7871  1.777130  1.000550  228.8339  104.4826  112.5338  20240331   8.5  4.0  C/2021 E3 (ZTF)                                          MPEC 2024-GJ3
    AK21E040  2022 04 25.0333  4.676995  0.991260   48.2665  171.1639  116.3630  20240331  13.5  2.0  A/2021 E4                                                MPEC 2024-N80
    CK21F010  2022 04  6.8811  0.995565  0.995838  146.8266  203.4633  107.3192  20230225  13.5  4.0  C/2021 F1 (Lemmon-PANSTARRS)                             MPEC 2022-QD9
    CK21G010  2021 07 20.9804  3.425670  0.952883  107.4466  270.7057  131.5479  20241017  14.0  4.0  C/2021 G1 (Leonard)                                      MPC181180
    CK21G020  2024 09  9.1346  4.982105  1.000912  343.2651  221.0918   48.4626  20251121   5.5  4.0  C/2021 G2 (ATLAS)                                        MPEC 2025-YF1
    CK21G030  2021 10 18.2235  5.180330  1.000319   10.6055  147.4094  102.8756  20230225  10.5  4.0  C/2021 G3 (PANSTARRS)                                    MPEC 2022-X67
    PK21H00S  2021 08  6.3820  0.796465  0.810114   46.0855  262.3906   12.1710  20220121  22.0  4.0  P/2021 HS (PANSTARRS)                                    MPEC 2021-Y10
    CK21J010  2021 02 19.4649  1.740767  0.934199  147.3304   88.3219   92.7183  20220121  15.5  4.0  C/2021 J1 (Maury-Attard)                                 MPEC 2022-C56
    CK21J020  2021 09 22.0598  4.704159  0.959759  172.0009   23.3361  156.2134  20230913  12.0  4.0  C/2021 J2 (PANSTARRS)                                    MPEC 2023-XP6
    PK21J030  2019 07  2.2083  4.911647  0.449013  125.8577  111.1052   14.5246  20240331   7.0  4.0  P/2021 J3 (ATLAS)                                        MPEC 2024-F34
    CK21K010  2021 05  4.4115  2.497819  0.803159  184.2801  140.9022   16.2758  20220809  11.0  4.0  C/2021 K1 (ATLAS)                                        MPEC 2022-O08
    CK21K020  2021 09  9.7749  5.469488  1.000991  343.3541  282.2972  100.8430  20230225   8.0  4.0  C/2021 K2 (MASTER)                                       MPEC 2022-O01
    CK21K030  2022 02  3.8283  5.232204  1.003925  182.0358  114.5555  134.7668  20230225  10.0  4.0  C/2021 K3 (Catalina)                                     MPEC 2022-L66
    PK21L020  2021 07 24.4801  1.938408  0.521548   51.5257  266.6610   21.0686  20220121  17.0  4.0  P/2021 L2 (Leonard)                                      MPEC 2021-W31
    CK21L030  2022 02 14.6049  8.458584  1.004391   91.6296  344.9943   78.5657  20240331   6.0  4.0  C/2021 L3 (Borisov)                                      MPEC 2024-H50
    PK21N010  2021 06  6.5279  0.962726  0.676648   21.2077  301.1629   11.5031  20220809  19.0  4.0  P/2021 N1 (ZTF)                                          MPEC 2022-TA0
    PK21N020  2021 11 14.2474  3.800565  0.452574  177.5395  221.7318   13.0612  20240331   9.5  4.0  P/2021 N2 (Fuls)                                         MPEC 2024-GJ3
    CK21N030  2020 08 19.5832  5.716441  0.962747  304.7637  337.4931   26.7405  20230225   8.5  4.0  C/2021 N3 (PANSTARRS)                                    MPEC 2022-YB4
    CK21O010  2021 08 13.9835  0.785813  0.999662   74.4338   41.5910   27.5928  20230225  10.5  4.0  C/2021 O1 (Nishimura)                                    MPEC 2022-A21
    CK21O030  2022 04 21.0462  0.287327  1.000097  299.9859  189.0187   56.7939  20220809  10.5  4.0  C/2021 O3 (PANSTARRS)                                    MPEC 2022-L66
    CK21P010  2022 06  2.5803  4.376373  0.998458   40.4963  359.6865   51.6347  20240331  11.0  4.0  C/2021 P1 (PANSTARRS)                                    MPEC 2024-F34
    CK21P020  2023 01 23.0804  5.068222  0.999598   76.7179   32.0935  150.0561  20250505   9.0  4.0  C/2021 P2 (PANSTARRS)                                    MPC185656
    PK21P030  2021 05 29.6614  2.917814  0.338726  334.0824  358.2439   27.1615  20240331  14.0  4.0  P/2021 P3 (PANSTARRS)                                    MPEC 2024-GJ3
    CK21P040  2022 07 30.3601  1.080362  0.996561  175.8126  348.0926   56.3107  20230225   9.5  4.0  C/2021 P4 (ATLAS)                                        MPEC 2023-A50
    PK21P20E  2021 06  7.0302  1.234557  0.670405  210.4642   99.6319   20.0111  20230225  17.0  4.0  P/2021 PE20 (ATLAS)                                      MPEC 2023-E68
    CK21Q030  2022 01 26.1970  5.204750  0.931135  114.0985  307.9114   77.7652  20230225   8.0  4.0  C/2021 Q3 (ATLAS)                                        MPEC 2023-FK0
    CK21Q040  2023 06 10.5174  7.564086  1.000826  147.0260  183.3339   71.5479  20251121   6.0  4.0  C/2021 Q4 (Fuls)                                         MPC188409
    PK21Q050  2027 08 14.1588  1.233592  0.624404  180.9470  239.7393   10.7418  20241017  15.0  4.0  P/2021 Q5 (ATLAS)                                        MPC181180
    CK21Q060  2024 03 25.3046  8.707605  1.003245  141.0646  133.5736  161.8269  20251121   6.0  4.0  C/2021 Q6 (PANSTARRS)                                    MPC188409
    CK21Q45M  2022 08 13.4795  2.773383  0.992306   72.8164  354.5896   22.8222  20230225  11.0  4.0  C/2021 QM45 (PANSTARRS)                                  MPEC 2023-FK0
    PK21R010  2021 12 17.0647  4.886064  0.414720  220.3571  143.3531    5.5191  20230225  11.0  4.0  P/2021 R1 (PANSTARRS)                                    MPEC 2022-X67
    CK21R020  2021 12 26.7188  7.313486  0.997058   32.4303   16.2954  134.4813  20230225   7.5  4.0  C/2021 R2 (PANSTARRS)                                    MPEC 2022-X67
    PK21R030  2021 05 26.8050  2.524857  0.331631    2.9325  304.2363   19.9278  20220121  16.0  4.0  P/2021 R3 (PANSTARRS)                                    MPEC 2021-W31
    PK21R040  2021 10 14.0391  2.327056  0.586008   56.6416  321.2953   21.0381  20230225  16.0  4.0  P/2021 R4 (Wierzchos)                                    MPEC 2021-W31
    PK21R050  2022 01 12.7054  3.325754  0.306503  167.5308  219.9542    7.8545  20240331  12.0  4.0  P/2021 R5 (Rankin)                                       MPEC 2024-JU4
    PK21R060  2021 11  1.0429  2.553063  0.593353  220.7427  176.1515   34.9265  20230225  14.5  4.0  P/2021 R6 (Groeller)                                     MPEC 2021-W31
    CK21R070  2021 04 16.5380  5.650699  0.993488  140.2744  170.1438  158.8469  20230225  10.5  4.0  C/2021 R7 (PANSTARRS)                                    MPEC 2022-X67
    PK21R080  2021 10  7.5050  2.131919  0.293510  190.7719  167.0742    2.2034  20230225  18.5  4.0  P/2021 R8 (Sheppard)                                     MPEC 2021-Y10
    CK21S010  2022 03  1.0500  6.119309  1.001868  148.1920  299.8778   52.0750  20230225   7.0  4.0  C/2021 S1 (ATLAS)                                        MPEC 2023-J29
    CK21S030  2024 02 14.6603  1.319364  0.999934    6.8304  215.5950   58.5497  20251121   5.5  4.0  C/2021 S3 (PANSTARRS)                                    MPEC 2025-YF1
    CK21S040  2024 01  3.7854  6.691442  0.957377   73.0323    5.4560   17.4791  20250505   6.5  4.0  C/2021 S4 (Tsuchinshan)                                  MPC184409
    CK21T010  2021 10 14.1150  3.058876  0.997747   51.5139   56.8520  140.3540  20230225  12.5  4.0  C/2021 T1 (Lemmon)                                       MPEC 2022-OB6
    CK21T020  2022 06  7.9059  1.247741  1.000325  263.5984  223.2320  117.5342  20230225  12.0  4.0  C/2021 T2 (Fuls)                                         MPEC 2023-A50
    CK21T040  2023 07 31.5377  1.483277  0.999838  329.8215  257.8846  160.7771  20230804   7.5  4.0  C/2021 T4 (Lemmon)                                       MPC184409
    PK21T81R  2022 04  3.5684  1.464948  0.833013  272.0049  220.1801   36.8159  20250505  15.6  4.0  P/2021 TR81 (Lemmon)                                     MPC184409
    PK21U010  2021 10  1.1148  2.445961  0.713005  145.0698  246.8134   30.5540  20230225  14.5  4.0  P/2021 U1 (Wierzchos)                                    MPEC 2022-ED3
    PK21U030  2021 10 24.9261  1.886849  0.549997  335.2181   75.1174   69.9525  20230225  15.5  4.0  P/2021 U3 (Attard-Maury)                                 MPEC 2022-L66
    CK21U040  2021 12 22.2811  1.788550  0.959813  237.3486  241.8052  152.8878  20241017  17.0  4.0  C/2021 U4 (Leonard)                                      MPC181180
    CK21U050  2022 01 26.5775  2.362631  0.989104  321.4474  182.7544   39.0502  20230225  13.0  4.0  C/2021 U5 (Catalina)                                     MPEC 2022-WQ9
    CK21V010  2022 04 30.4396  3.013797  0.995163  195.1149  207.6674   71.4536  20230225  13.0  4.0  C/2021 V1 (Rankin)                                       MPEC 2022-CN4
    PK21V020  2023 01 21.5544  3.496582  0.614673  259.8528  232.2758   12.6948  20240331  10.0  4.0  P/2021 V2 (Fuls)                                         MPEC 2024-JU4
    CK21X010  2023 05 27.1804  3.233949  1.000334  334.5834   10.5981  140.1017  20241017   7.0  4.0  C/2021 X1 (Maury-Attard)                                 MPEC 2024-TD8
    CK21X020  2022 07  8.1044  2.995708  1.000924  193.3149  228.8234  137.1610  20240331  13.0  4.0  C/2021 X2 (Bok)                                          MPEC 2024-E08
    CK21Y010  2023 04 30.7518  2.032537  1.001141  245.8324  244.7673   77.1934  20240331   7.0  4.0  C/2021 Y1 (ATLAS)                                        MPEC 2024-GJ3
    CK22A010  2022 01 31.0054  1.255246  0.999002  201.2238  285.4988  116.5732  20241017  18.0  4.0  C/2022 A1 (Sarneczky)                                    MPC181180
    CK22A020  2023 02 18.1879  1.735537  1.000094   88.3663  171.5885  108.1437  20241017   9.5  4.0  C/2022 A2 (PANSTARRS)                                    MPEC 2024-P23
    CK22A030  2023 09 28.8850  3.703885  0.995702  234.8566  325.4676   88.3426  20241017   8.0  4.0  C/2022 A3 (Lemmon-ATLAS)                                 MPEC 2024-UQ8
    PK22B010  2022 02 25.3482  1.896331  0.653071  148.8479  325.4705   10.9899  20230225  16.5  4.0  P/2022 B1 (Wierzchos)                                    MPEC 2022-K19
    AK22B030  2022 01 17.5470  3.698463  0.995822  150.6843  286.1826  132.0510  20230225  16.5  2.0  A/2022 B3                                                MPEC 2022-YB4
    CK22B040  2022 01 29.8973  1.379039  0.996384  152.9411  340.6509   20.0440  20230225  21.0  4.0  C/2022 B4 (Bok)                                          MPEC 2022-GA9
    PK22B09V  2020 10 23.9289  3.336597  0.234834   16.2122  337.2992   11.9339  20230225   9.5  4.0  P/2022 BV9 (Lemmon)                                      MPEC 2023-J29
    PK22C010  2021 11  4.3027  3.984997  0.448178    9.3298  113.1404    4.7623  20230225  12.0  4.0  P/2022 C1 (PANSTARRS)                                    MPEC 2023-J29
    PK22C020  2022 08  6.3003  3.370086  0.442036   89.2616  135.2626    9.9809  20230913  12.5  4.0  P/2022 C2 (PANSTARRS)                                    MPEC 2023-VM5
    PK22C030  2022 06 30.8981  4.374091  0.545858   93.9130  139.0464   12.8178  20230913  11.5  4.0  P/2022 C3 (PANSTARRS)                                    MPEC 2023-UR6
    PK22D010  2021 08 28.0904  3.352582  0.547016   88.7129   47.9671   44.0635  20220121  12.5  4.0  P/2022 D1 (PANSTARRS)                                    MPEC 2022-K19
    CK22D020  2022 03 27.5771  1.555163  0.995709  177.7919  312.4695   22.6549  20220121  17.0  4.0  C/2022 D2 (Kowalski)                                     MPEC 2022-K19
    PK22E010  2022 06 10.5993  2.945349  0.221171  115.0927  113.3472   19.0039  20220809  13.5  4.0  P/2022 E1 (Christensen)                                  MPEC 2022-L66
    CK22E020  2024 09 14.1999  3.667008  1.000426   41.7625  125.3960  137.1411  20251121   5.0  4.0  C/2022 E2 (ATLAS)                                        MPEC 2025-YF1
    CK22E030  2023 01 12.5421  1.113936  0.999995  145.8244  302.5125  109.1743  20250505   7.5  4.0  C/2022 E3 (ZTF)                                          MPC186629
    CK22F010  2022 08  5.2177  5.975400  0.998536  278.2979  350.6382   57.9937  20241017   7.0  4.0  C/2022 F1 (ATLAS)                                        MPEC 2024-PC5
    CK22F020  2022 03 23.5595  1.587094  0.934343  200.6225   58.7874   97.3084  20230225  14.5  4.0  C/2022 F2 (NEOWISE)                                      MPEC 2022-QD9
    CK22H010  2024 01 18.6997  7.689261  0.991008  246.2935    6.3293   49.8598  20250505   6.0  4.0  C/2022 H1 (PANSTARRS)                                    MPC185656
    CK22J010  2022 02 19.0471  1.604249  0.966348  305.6617  280.7231  105.9305  20220809  14.9  4.0  C/2022 J1 (Maury-Attard)                                 MPEC 2022-VC5
    CK22J020  2022 10 27.0750  1.827613  0.980138  133.0721  252.5592  149.0928  20230225  15.5  4.0  C/2022 J2 (Bok)                                          MPEC 2023-M14
    CK22J05K  2023 04 29.2263  2.692423  0.939036  247.3454   59.6481   16.8298  20241017  11.0  4.0  C/2022 JK5 (PANSTARRS)                                   MPC181181
    CK22K010  2021 12 17.5666  3.988151  1.002948  142.6431  136.3351   41.9666  20230225  11.0  4.0  C/2022 K1 (Leonard)                                      MPEC 2022-ST7
    CK22L010  2022 09 28.2511  1.591493  0.997073   59.8561  300.0276  123.4678  20230225  15.8  4.0  C/2022 L1 (Catalina)                                     MPEC 2023-CD7
    CK22L020  2024 03 12.0862  2.693923  1.000598  199.9290   39.2528  129.3097  20251121   6.5  4.0  C/2022 L2 (ATLAS)                                        MPEC 2025-YF1
    PK22L030  2022 10 29.9986  2.420873  0.627715   10.3631   29.8076   21.5428  20240331  16.5  4.0  P/2022 L3 (ATLAS)                                        MPEC 2024-DC6
    CK22L040  2021 12  8.7115  3.014929  0.988831  125.3173   66.0496  141.2285  20220809  14.0  4.0  C/2022 L4 (PANSTARRS)                                    MPEC 2022-N37
    CK22N010  2022 09  9.8182  1.479187  0.959671   40.9991  301.8787  164.7271  20250505  16.9  4.0  C/2022 N1 (Attard-Maury)                                 MPC186629
    CK22N020  2025 07 31.8845  3.825567  1.003458   75.4138  319.7371    5.5030  20251121   6.0  4.0  C/2022 N2 (PANSTARRS)                                    MPEC 2025-YF1
    CK22O010  2022 02 15.8867  7.431279  1.003829  268.9153   49.9173   71.0412  20230913   6.0  4.0  C/2022 O1 (ATLAS)                                        MPEC 2024-A43
    PK22O020  2023 01  7.0848  1.756840  0.721659   48.6329  330.4940    9.4243  20230225  16.0  4.0  P/2022 O2 (PANSTARRS)                                    MPEC 2023-HD1
    CK22P010  2022 11 28.4773  1.595222  0.913424  249.9363  205.0823  154.6067  20230225  13.0  4.0  C/2022 P1 (NEOWISE)                                      MPEC 2023-N01
    PK22P020  2022 07 10.8789  1.982605  0.558132  137.6331  291.2198   12.4406  20230913  12.5  4.0  P/2022 P2 (ZTF)                                          MPEC 2023-XP6
    CK22P030  2022 07 27.3577  2.561398  0.989517    0.0986   72.2332   59.5176  20230225  12.0  4.0  C/2022 P3 (ZTF)                                          MPEC 2023-HD1
    CK22Q020  2023 01 31.6082  1.644219  0.949845   44.0705  352.9454  151.4855  20230913  13.0  4.0  C/2022 Q2 (ATLAS)                                        MPEC 2023-R20
    CK22Q78E  2025 09 12.1639  5.475901  0.999921    0.6445  119.8879   36.6487  20251121   5.0  4.0  C/2022 QE78 (ATLAS)                                      MPEC 2025-YF1
    PK22R010  2023 10  7.3260  3.572048  0.504846  222.0125  175.9263    7.3730  20240331  11.5  4.0  P/2022 R1 (PANSTARRS)                                    MPEC 2024-M41
    CK22R020  2022 10 25.3769  0.631084  0.998517   78.3263   60.4115   52.9065  20241017  17.0  4.0  C/2022 R2 (ATLAS)                                        MPC181181
    CK22R030  2023 03  5.1716  5.128845  1.000580   72.8512    8.2380   43.0828  20230225   9.0  4.0  C/2022 R3 (Leonard)                                      MPC184410
    PK22R040  2022 07 10.3621  1.955632  0.490203  197.4287  176.6235   21.0217  20230225  16.5  4.0  P/2022 R4 (PANSTARRS)                                    MPEC 2022-X67
    PK22R050  2022 05 27.5669  2.469367  0.195526  240.6154  115.0542   15.2934  20230225  16.0  4.0  P/2022 R5 (PANSTARRS)                                    MPEC 2022-WQ9
    CK22R060  2025 08 26.5880  6.565600  1.005116  319.9492  150.7825   57.0225  20251121   5.0  4.0  C/2022 R6 (PANSTARRS)                                    MPEC 2025-YF1
    PK22S010  2022 08 19.1476  3.151483  0.508220  262.7549  136.0907   34.5821  20230225  13.0  4.0  P/2022 S1 (PANSTARRS)                                    MPEC 2023-HD1
    CK22S030  2023 01 21.6815  0.838256  1.000363  267.9704  157.3218   78.5588  20220809  17.0  4.0  C/2022 S3 (PANSTARRS)                                    MPEC 2022-VC5
    CK22S040  2024 07 18.7812  2.761858  0.998006  268.5620  220.1781  101.2164  20250505   8.0  4.0  C/2022 S4 (Lemmon)                                       MPC185657
    CK22S050  2022 11 27.4578  2.178789  0.893184  232.7759  214.8592  136.5327  20230225  15.0  4.0  C/2022 S5 (PANSTARRS)                                    MPEC 2023-HD1
    CK22T010  2024 02 17.4353  3.444752  1.000146  324.2991  236.9185   22.5440  20241017   9.0  4.0  C/2022 T1 (Lemmon)                                       MPEC 2024-O39
    CK22U010  2024 03 26.1702  4.202185  1.000499   78.6182   72.5300  128.1456  20251121   8.5  4.0  C/2022 U1 (Leonard)                                      MPEC 2025-UQ3
    CK22U020  2023 01 14.2273  1.328031  0.986192  147.9156  304.4708   48.2469  20230913  16.0  4.0  C/2022 U2 (ATLAS)                                        MPEC 2023-VM5
    CK22U030  2024 07 28.6806  4.827384  0.999808  189.1445  272.7870   33.6613  20251121   7.5  4.0  C/2022 U3 (Bok)                                          MPC188409
    CK22U040  2023 08  3.6732  2.898405  0.999112   89.0079  132.9250   52.0349  20230913  10.5  4.0  C/2022 U4 (Bok)                                          MPEC 2023-W26
    CK22V020  2023 11  1.9268  2.063603  0.943948  168.9506  332.8703   98.9029  20240331  12.0  4.0  C/2022 V2 (Lemmon)                                       MPEC 2024-H50
    PK22W010  2022 09 15.7312  3.367838  0.516623   17.7883   38.8162   13.4660  20230225  12.5  4.0  P/2022 W1 (Rankin)                                       MPEC 2023-CD7
    CK22W020  2023 03  8.7599  3.123125  0.990902  123.2779  320.4508   63.5221  20240331  11.5  4.0  C/2022 W2 (ATLAS)                                        MPEC 2024-EF7
    CK22W030  2023 06 22.7782  1.397733  0.995041  116.5239  132.2692  103.5578  20230913  13.0  4.0  C/2022 W3 (Leonard)                                      MPEC 2024-C04
    CK22Y010  2022 11 27.2310  2.957731  0.764317  174.7410  285.9147   18.8584  20230225  13.0  4.0  C/2022 Y1 (Hogan)                                        MPEC 2023-M14
    CK22Y020  2023 03 22.7119  2.545107  0.870726  105.5743  216.3499  165.9068  20230913  13.5  4.0  C/2022 Y2 (Lemmon)                                       MPEC 2023-TM6
    CK23A010  2023 03 18.7007  1.834815  0.991814  159.2475  318.3008   94.7383  20240331  14.5  4.0  C/2023 A1 (Leonard)                                      MPEC 2024-GJ3
    CK23A020  2023 01 20.3814  0.947257  0.997998  142.5654   94.4677   94.7081  20230225  13.5  4.0  C/2023 A2 (SWAN)                                         MPEC 2023-J95
    CK23A030  2024 09 27.7538  0.391587  1.000149  308.5321   21.5995  139.1094  20251121   6.5  3.2  C/2023 A3 (Tsuchinshan-ATLAS)                            MPEC 2025-YF1
    PK23B010  2023 05  1.1670  6.140258  0.129957   81.5422   78.5638   14.5881  20240331   5.5  4.0  P/2023 B1 (PANSTARRS)                                    MPEC 2024-F34
    CK23B020  2023 03 10.4894  1.743034  0.997114  317.3938  218.1209   40.7718  20230913  14.5  4.0  C/2023 B2 (ATLAS)                                        MPEC 2023-XP6
    PK23B030  2020 09  3.3198  3.983467  0.123299  239.8364  154.0055    9.1631  20230225  10.5  4.0  P/2023 B3 (PANSTARRS)                                    MPEC 2023-F81
    CK23C020  2024 11 16.7426  2.368376  0.998819  357.4355  301.0059   48.3224  20251121   7.0  4.0  C/2023 C2 (ATLAS)                                        MPEC 2025-YF1
    CK23E010  2023 07  1.1088  1.026953  0.946986  105.9278  164.5567   38.2995  20240331  15.5  4.0  C/2023 E1 (ATLAS)                                        MPEC 2024-D33
    CK23F010  2023 06 28.3549  1.708108  0.993523  216.6569   25.2475  131.7524  20230225  16.0  4.0  C/2023 F1 (PANSTARRS)                                    MPEC 2023-N01
    CK23F020  2023 03 21.1657  0.034239  1.011309   57.6921   71.4915   72.4335  20230225   9.0  4.0  C/2023 F2 (SOHO)                                         MPEC 2023-N01
    CK23F030  2025 02  2.6178  5.190901  1.003025  265.5363  109.4675  145.9632  20251121   6.0  4.0  C/2023 F3 (ATLAS)                                        MPEC 2025-YF1
    CK23H010  2024 11 28.5528  4.447236  0.994030  333.7382  292.6470   21.7834  20251121   8.5  4.0  C/2023 H1 (PANSTARRS)                                    MPEC 2025-YF1
    CK23H020  2023 10 29.1859  0.894386  0.996331  150.6455  217.0447  113.7536  20240331  14.0  4.0  C/2023 H2 (Lemmon)                                       MPEC 2024-GJ3
    CK23H030  2024 02 18.3173  5.231660  0.615826  193.2631   55.0939    2.4885  20250505  10.0  4.0  C/2023 H3 (PANSTARRS)                                    MPC186630
    AK23H040  2023 08  8.8025  2.119297  0.984936   64.8970  230.8136   76.6186  20230913  18.0  2.0  A/2023 H4                                                MPEC 2023-SQ0
    CK23H050  2025 06 30.3516  4.312658  1.000465   60.1108  159.4761   97.8546  20251121   7.0  4.0  C/2023 H5 (Lemmon)                                       MPEC 2025-YF1
    PK23J16N  2024 12 30.5483  2.299715  0.146815  353.1364   11.8762    3.7026  20241017  14.0  4.0  P/2023 JN16 (Lemmon)                                     MPEC 2024-UA9
    CK23K010  2023 09  7.7255  2.039417  0.997241  337.4606  223.7057  137.9985  20240331  13.0  4.0  C/2023 K1 (ATLAS)                                        MPEC 2024-GJ3
    PK23M010  2023 12 14.3224  2.826105  0.587766   79.6748  216.8621   12.2879  20230225  13.5  4.0  P/2023 M1 (PANSTARRS)                                    MPEC 2023-N01
    PK23M020  2023 07 26.3113  3.510331  0.369889  243.2134   83.2513   19.7273  20241017  12.5  4.0  P/2023 M2 (PANSTARRS)                                    MPEC 2024-TD8
    PK23M040  2022 04 14.3934  3.929135  0.278981  320.6186  296.2916    7.5922  20241017   7.5  4.0  P/2023 M4 (ATLAS)                                        MPEC 2024-TP3
    CK23P010  2023 09 17.6432  0.225073  0.996055  116.2956   66.8376  132.4769  20240331  10.0  4.0  C/2023 P1 (Nishimura)                                    MPEC 2024-MB8
    CK23Q010  2024 12  1.1163  2.576011  1.004858   84.4220    7.1239   36.6448  20251121  10.0  4.0  C/2023 Q1 (PANSTARRS)                                    MPC188410
    CK23Q020  2024 06 24.0560  3.209540  0.990774  171.7177   92.6793  104.0571  20240331  11.5  4.0  C/2023 Q2 (PANSTARRS)                                    MPEC 2024-N80
    CK23R010  2026 04 13.4193  3.570012  1.002398  144.2657   62.5662  149.3163  20251121   6.0  4.0  C/2023 R1 (PANSTARRS)                                    MPEC 2025-YF1
    CK23R020  2024 08 12.1420  0.905244  1.000267  337.2922  188.9180   30.6907  20240331  10.5  4.0  C/2023 R2 (PANSTARRS)                                    MPEC 2024-L77
    AK23R030  2023 12 18.1866  1.357514  0.998028   86.8915  347.3570   12.0872  20230913  20.0  2.0  A/2023 R3                                                MPEC 2023-UR6
    CK23R03N  2023 01 20.4042  5.182263  0.490183  130.6327  207.0631   10.3512  20251121   7.5  4.0  C/2023 RN3 (ATLAS)                                       MPC188410
    CK23R61S  2028 12  2.3530  7.995638  0.327964  119.4723  347.0281   19.9460  20251121   6.8  4.0  C/2023 RS61 (PANSTARRS)                                  MPEC 2025-YF1
    PK23S010  2025 02 24.2483  2.619886  0.318492  180.3278  317.2888    9.1576  20251121  11.5  4.0  P/2023 S1 (PANSTARRS)                                    MPC188410
    CK23S020  2023 10 15.3769  1.067720  0.992920   78.1088  230.5619   20.4854  20230913  15.0  4.0  C/2023 S2 (ATLAS)                                        MPEC 2023-XP6
    CK23S030  2024 01 19.6315  0.829968  0.970861  281.5638  233.8330  140.4975  20241017  16.0  4.0  C/2023 S3 (Lemmon)                                       MPEC 2024-P23
    PK23T010  2024 05 22.9338  2.816441  0.335571  202.8758  249.6004    6.6029  20230913  14.0  4.0  P/2023 T1 (PANSTARRS)                                    MPEC 2024-BE0
    CK23T020  2023 12 22.7924  1.995451  0.991272  111.1952  317.5322   48.5979  20240331  14.5  4.0  C/2023 T2 (Borisov)                                      MPEC 2024-GJ3
    CK23T030  2025 01 25.3874  3.548316  0.996132  302.8503  246.0024   27.2202  20251121   8.5  4.0  C/2023 T3 (Fuls)                                         MPC188410
    CK23T22D  2024 09 16.3070  2.356319  0.951296   32.5405    5.5719  170.4891  20251121  12.5  4.0  C/2023 TD22 (Lemmon)                                     MPEC 2025-UQ3
    CK23U010  2024 10 13.0531  4.973389  0.998422  255.6573  305.8008  108.1472  20251121   8.0  4.0  C/2023 U1 (Fuls)                                         MPEC 2025-YF1
    CK23V010  2025 07 13.0580  5.092590  1.000454  103.3180   15.0482  102.0116  20251121   8.5  4.0  C/2023 V1 (Lemmon)                                       MPC188411
    PK23V020  2024 02  3.7075  3.104148  0.570130  330.5220   95.4744    9.8884  20250505  13.5  4.0  P/2023 V2 (PANSTARRS)                                    MPC184411
    CK23V030  2023 08  6.1930  4.471685  0.662130  291.5163   91.5009   40.2543  20230913  11.5  4.0  C/2023 V3 (PANSTARRS)                                    MPEC 2024-A43
    CK23V040  2024 05 30.4224  1.121998  1.001242   50.8768   66.3271   67.1181  20251121  12.0  4.0  C/2023 V4 (Camarasa-Duszanowicz)                         MPEC 2025-UQ3
    CK23V050  2023 12 13.8679  0.846212  1.009276   56.9558   31.5196   73.5796  20240331  21.5  4.0  C/2023 V5 (Leonard)                                      MPEC 2024-GJ3
    PK23V060  2022 12 10.9132  4.375056  0.176817  193.3348  189.8304    3.9706  20241017  11.5  4.0  P/2023 V6 (PANSTARRS)                                    MPC181182
    CK23X010  2023 10 18.0854  0.950505  0.994094  321.4706  137.0114  110.5871  20240331  13.5  3.2  C/2023 X1 (Leonard)                                      MPEC 2024-GJ3
    CK23X020  2025 12 28.3668  5.088552  1.000034   64.7887   66.3009   76.9805  20251121   8.5  3.2  C/2023 X2 (Lemmon)                                       MPEC 2025-XC7
    PK23X030  2024 04 21.4391  3.030372  0.287693   40.7213   62.0133    4.4831  20230913  15.5  4.0  P/2023 X3 (PANSTARRS)                                    MPEC 2024-A43
    CK23X040  2024 05 25.0270  3.658319  0.631241  100.5863   28.7690   11.5937  20250505  12.0  4.0  C/2023 X4 (Hogan)                                        MPC184411
    CK23X070  2025 05 14.8549  4.821335  1.002176  354.3399  119.2082   69.0550  20240331   9.0  4.0  C/2023 X7 (PANSTARRS)                                    MPEC 2024-DA2
    PK23Y010  2023 11 29.7569  2.079798  0.445089   51.4344   78.8572    6.3841  20240331  17.0  4.0  P/2023 Y1 (Gibbs)                                        MPEC 2024-JU4
    PK23Y020  2023 08  9.9815  2.276436  0.392282   16.8525   79.2281    6.9928  20241017  15.5  4.0  P/2023 Y2 (Gibbs)                                        MPC181183
    CK24A010  2025 06 13.2424  3.874646  1.001287  353.2320  112.1395   94.5035  20251121   7.0  4.0  C/2024 A1 (ATLAS)                                        MPEC 2025-YF1
    CK24A020  2024 04 28.8358  1.879610  0.941881  295.5045   78.1661  119.1155  20250505  12.5  4.0  C/2024 A2 (ATLAS)                                        MPC182881
    CK24B010  2024 10  7.7473  1.633854  1.001133   66.2231   79.1885   70.9006  20251121  13.0  4.0  C/2024 B1 (Lemmon)                                       MPC188411
    CK24B020  2023 10  6.0878  4.077137  0.999048  130.3344  294.3781   99.8439  20241017  11.5  4.0  C/2024 B2 (Lemmon)                                       MPC181183
    CK24C010  2024 08 31.0397  4.412858  0.582907   94.4868   83.8094   14.2269  20250505  11.5  4.0  C/2024 C1 (PANSTARRS)                                    MPC185658
    CK24C020  2025 03 10.3687  8.991466  0.444197   87.5342   66.4436   27.2846  20240331   6.0  4.0  C/2024 C2 (PANSTARRS)                                    MPEC 2024-JU4
    CK24C030  2023 11  8.6064  6.712919  0.424552  159.6807  359.7068   22.4559  20250505   9.0  4.0  C/2024 C3 (PANSTARRS)                                    MPC184412
    CK24C040  2024 01 30.1935  1.471088  0.982462  321.5157  220.6834   79.2861  20241017  14.5  4.0  C/2024 C4 (ATLAS)                                        MPEC 2024-Q20
    CK24D010  2027 12  3.3735  6.693646  0.999219  125.7727  179.6635  132.4505  20250505   7.3  4.0  C/2024 D1 (Lemmon)                                       MPC185658
    CK24E010  2026 01 20.7674  0.566094  1.000078  243.6267  108.0796   75.2398  20251121   7.0  4.0  C/2024 E1 (Wierzchos)                                    MPEC 2025-YF1
    CK24E020  2023 10 23.9182  7.692104  0.851731  358.0446  135.6526  155.6513  20240331   8.0  4.0  C/2024 E2 (Bok)                                          MPEC 2024-JU4
    PK24F010  2023 10 25.5700  1.859855  0.460115  229.5432  251.5216    7.0083  20241017  16.0  4.0  P/2024 F1 (PANSTARRS)                                    MPC181183
    CK24F020  2024 07 28.9478  3.967363  0.601102  112.8833  138.9389   13.7441  20251121  11.0  4.0  C/2024 F2 (PANSTARRS)                                    MPC188411
    PK24F09G  2024 05 20.3535  1.596397  0.509798  245.9154  253.0437    1.7312  20241017  14.0  4.0  P/2024 FG9 (Nanshan-Hahn)                                MPEC 2024-UA9
    CK24G010  2024 10 21.0735  3.930131  0.967821  128.2242   30.6049   95.3949  20250505  10.0  4.0  C/2024 G1 (Wierzchos)                                    MPC184412
    CK24G020  2025 06 13.5698  5.348301  0.992473  328.7432  171.3988  122.1212  20251121   7.0  4.0  C/2024 G2 (ATLAS)                                        MPEC 2025-YF1
    CK24G030  2025 01 13.4285  0.093538  1.000010  108.1226  220.3374  116.8468  20250105   9.0  4.0  C/2024 G3 (ATLAS)                                        MPC184412
    CK24G040  2026 03 21.5361  4.900595  0.998507  131.4155  152.9756   33.0275  20251121   8.0  4.0  C/2024 G4 (PANSTARRS)                                    MPEC 2025-V36
    CK24G050  2024 09  6.9847  2.952913  0.994439  209.5573  316.3988   50.3902  20240331  13.0  4.0  C/2024 G5 (Leonard)                                      MPEC 2024-JC6
    CK24G060  2026 02 20.6330  6.429988  1.001935   23.4283  250.9513  120.4528  20251121   5.5  4.0  C/2024 G6 (ATLAS)                                        MPC188411
    CK24G070  2025 02 10.1282  6.027677  1.001918  289.6576  191.9610  131.5161  20250505   7.0  4.0  C/2024 G7 (ATLAS)                                        MPC184412
    AK24G080  2024 06 15.6047  1.172394  0.991836  249.1588   11.2477   97.4100  20241017  20.0  2.0  A/2024 G8                                                MPEC 2024-Q05
    PK24J010  2023 11 11.1295  2.637469  0.307428  200.3374  321.9541   13.1601  20241017  14.5  4.0  P/2024 J1 (PANSTARRS)                                    MPC181184
    CK24J020  2025 03 19.7633  1.811146  0.987747  143.1504  189.0599   79.2980  20251121  11.5  4.0  C/2024 J2 (Wierzchos)                                    MPEC 2025-W75
    CK24J030  2026 11 25.3819  3.865393  1.000473   74.0887  285.9615   75.6416  20251121   5.0  4.0  C/2024 J3 (ATLAS)                                        MPEC 2025-YF1
    CK24J040  2025 04 25.9576  5.695078  0.999041  127.8560   19.3106  117.5248  20251121   8.0  4.0  C/2024 J4 (Lemmon)                                       MPC188411
    PK24K010  2024 04 24.7342  3.482521  0.490657  349.4191  251.6235    1.8206  20241017  13.5  4.0  P/2024 K1 (PANSTARRS)                                    MPC181184
    CK24L010  2025 04 23.1944  5.348117  0.533562  171.7996   45.1394   99.1670  20250505  10.0  4.0  C/2024 L1 (PANSTARRS)                                    MPC186631
    CK24L020  2025 06 17.9881  8.326069  1.004294  345.9195  266.1806  139.5858  20241017   7.5  3.2  C/2024 L2 (PANSTARRS)                                    MPC181184
    CK24L030  2023 11 24.3036  6.858386  1.005319   59.0786  294.9907  111.5933  20241017   9.5  4.0  C/2024 L3 (PANSTARRS)                                    MPC181184
    CK24L050  2025 03 10.4122  3.432583  1.037005  290.5220  139.1780  166.5728  20251121   9.0  4.0  C/2024 L5 (ATLAS)                                        MPEC 2025-YF1
    CK24M010  2024 11 19.9799  1.703457  0.942774  345.5888   76.2147   73.7095  20251121  12.0  4.0  C/2024 M1 (ATLAS)                                        MPC188412
    CK24N010  2025 10 18.8743  4.398447  1.001064   91.2540  323.0248   88.7814  20251121  10.5  4.0  C/2024 N1 (PANSTARRS)                                    MPEC 2025-V36
    CK24N030  2025 04 11.5135  5.014661  1.001789   86.8927   82.6098   88.7286  20251121   8.0  4.0  C/2024 N3 (Sarneczky)                                    MPEC 2025-X35
    CK24N040  2025 01 10.3654  5.398313  1.004139  116.7317  339.6520   49.7797  20251121   7.5  4.0  C/2024 N4 (Sarneczky)                                    MPEC 2025-X35
    CK24O010  2023 01 28.9889  6.608145  1.001281  349.9236  303.3354   59.0732  20241017   8.5  4.0  C/2024 O1 (PANSTARRS)                                    MPEC 2024-PC5
    PK24O020  2024 04 20.2331  3.697601  0.499439  310.7911    6.8060   28.9737  20241017  12.0  4.0  P/2024 O2 (PANSTARRS)                                    MPEC 2024-UA9
    PK24O02C  2024 10  9.3276  0.592834  0.774236  258.5390  136.6183    7.6711  20241017  20.5  4.0  P/2024 OC2 (PANSTARRS)                                   MPC181184
    CK24P07N  2024 12  6.4363  1.524557  0.977361   74.2735  358.5840  101.2098  20250505  15.2  4.0  C/2024 PN7 (PANSTARRS)                                   MPC186632
    PK24Q010  2024 06 14.5339  1.636363  0.534800  284.4107   23.1385    5.0155  20241017  17.0  4.0  P/2024 Q1 (PANSTARRS)                                    MPEC 2024-UQ8
    CK24Q030  2025 03  5.2198  2.091556  1.001513   70.1273  337.2868  121.3782  20250505  15.0  4.0  C/2024 Q3 (PANSTARRS)                                    MPC185660
    CK24Q040  2024 11 11.9235  5.419603  0.990544  133.0448  324.2648    3.3166  20251121  10.0  4.0  C/2024 Q4 (PANSTARRS)                                    MPC188412
    PK24R010  2024 06 15.6704  1.749760  0.492922  230.5821   84.9826   12.7364  20241017  18.0  4.0  P/2024 R1 (PANSTARRS)                                    MPEC 2024-TP3
    PK24R020  2024 10  1.8164  2.303355  0.268680  203.9544  193.0252   15.1154  20250505  15.5  4.0  P/2024 R2 (PANSTARRS)                                    MPC182883
    PK24R030  2024 05  7.7435  2.345025  0.266605  309.0997   33.2812   14.7316  20241017  15.0  4.0  P/2024 R3 (PANSTARRS)                                    MPC181185
    CK24R040  2027 10 26.7042  4.408807  1.002493  109.0010  345.9399   95.3712  20251121   6.5  4.0  C/2024 R4 (PANSTARRS)                                    MPEC 2025-YF1
    CK24S010  2024 10 28.4356  0.007973  0.999907   69.9979  348.1984  142.1982  20251121  15.5  4.0  C/2024 S1 (ATLAS)                                        MPC188412
    PK24S020  2024 09 16.4319  2.048164  0.593927   49.1940    8.3668    7.5251  20241017  15.0  4.0  P/2024 S2 (Rankin)                                       MPC181185
    PK24T010  2024 09 30.4016  2.287009  0.653501  164.8668  279.7109   17.6202  20250505  14.5  4.0  P/2024 T1 (Rankin)                                       MPC182883
    PK24T020  2024 12  8.3333  1.972291  0.680460  343.8276  113.0614   12.9290  20250505  16.0  4.0  P/2024 T2 (Rankin)                                       MPC184413
    CK24T030  2025 03 15.3001  3.716011  0.958213  336.8941   74.8237   53.4348  20251121  11.5  4.0  C/2024 T3 (PANSTARRS)                                    MPEC 2025-YF1
    CK24T050  2027 05  6.2132  3.840488  1.002259  352.4560  100.6794   52.3868  20251121   5.5  4.0  C/2024 T5 (ATLAS)                                        MPEC 2025-YF1
    CK24U010  2024 06 30.5227  4.836894  0.989950  188.0980  270.2644  128.7553  20251121  10.0  4.0  C/2024 U1 (PANSTARRS)                                    MPC188412
    AK24U020  2026 01 15.3909  8.178947  1.002949   29.8307   56.0708  120.6656  20251121  12.1  2.0  A/2024 U2                                                MPEC 2025-YF1
    CK24V010  2025 04  4.1118  2.318462  0.990092  168.6677  328.1945   54.6251  20250505  14.8  4.0  C/2024 V1 (Borisov)                                      MPC185660
    CK24V020  2024 11  3.8242  1.242940  0.968402   13.7178  102.2015   95.9713  20241017  19.0  4.0  C/2024 V2 (Sarneczky)                                    MPC181185
    CK24W010  2025 03 19.0999  2.560714  0.942916  256.7375  310.7277   83.2004  20250505  15.0  4.0  C/2024 W1 (PANSTARRS)                                    MPC182883
    AK24W020  2025 02 27.4436  3.720694  1.002897  168.0075  241.9389  116.6222  20250505  15.6  2.0  A/2024 W2                                                MPC182883
    CK24X010  2025 08  3.2079  3.816649  0.594989  124.3771  351.9358    6.4698  20251121  11.3  4.0  C/2024 X1 (Fazekas)                                      MPEC 2025-YF1
    CK24X020  2025 07  7.9741  3.676419  0.927878  315.7968  122.5202  109.2258  20251121   9.6  4.0  C/2024 X2 (ATLAS)                                        MPEC 2025-YF1
    PK24X030  2024 09  5.7797  2.614175  0.626208  352.9443  113.3647    2.9723  20250505  14.6  4.0  P/2024 X3 (PANSTARRS)                                    MPC185660
    CK24X040  2025 09  2.0068  3.604572  0.642447  153.3107  258.9453   34.6659  20251121  12.6  4.0  C/2024 X4 (PANSTARRS)                                    MPEC 2025-YF1
    CK24X14K  2025 05 20.9095  2.059599  0.878858  243.4857  239.0891  109.2143  20250505  15.5  4.0  C/2024 XK14 (Bok)                                        MPC186632
    CK24Y010  2024 11 26.8644  0.822340  0.986737  238.1425  112.5434   64.7563  20250505  17.6  4.0  C/2024 Y1 (Masek)                                        MPC182884
    AK25A010  2027 03 13.2895  5.341688  1.002183   68.1312  101.3307   33.4240  20251121  11.3  2.0  A/2025 A1                                                MPEC 2025-YF1
    PK25A020  2024 10  5.6549  3.446343  0.322182  278.0434  189.3205   20.7336  20250505  13.2  4.0  P/2025 A2 (PANSTARRS)                                    MPC184414
    CK25A030  2026 03 15.0044  5.792374  0.431669  222.3027  322.4337    9.9769  20250505   9.0  4.0  C/2025 A3 (Tsuchinshan)                                  MPC184414
    CK25A040  2025 01 13.1454  3.824215  0.653912  102.7952   69.9133   32.0255  20250505  12.4  4.0  C/2025 A4 (PANSTARRS)                                    MPC185660
    CK25A060  2025 11  8.5384  0.529901  0.995663  132.9679  108.0979  143.6627  20251121  13.2  4.0  C/2025 A6 (Lemmon)                                       MPEC 2025-YF1
    AK25A070  2025 03 28.1158  2.883536  0.999264  195.5795  348.8557  133.6548  20251121  14.9  2.0  A/2025 A7                                                MPC188413
    CK25B010  2025 06 26.7746  3.530882  1.001387   23.5287  102.8402   39.6782  20250505  12.0  4.0  C/2025 B1 (PANSTARRS)                                    MPC182885
    CK25B020  2026 09 11.5851  8.239230  1.001556   78.8467   84.8667   91.7446  20251121   6.2  4.0  C/2025 B2 (Borisov)                                      MPEC 2025-YF1
    PK25C010  2025 02  6.5926  2.746024  0.345639  186.8092    9.0976    7.5167  20251121  10.8  4.0  P/2025 C1 (ATLAS)                                        MPC188413
    CK25D010  2028 05 20.9890 14.117837  1.003142  185.9182  312.9017   84.4553  20251121   1.2  4.0  C/2025 D1 (Groeller)                                     MPEC 2025-UQ3
    PK25D020  2029 03 16.8054  7.401416  0.150515  318.3257  257.1784    5.3584  20251121   8.2  4.0  P/2025 D2 (PANSTARRS)                                    MPEC 2025-UQ3
    PK25D030  2024 07 25.7157  2.965474  0.252446  294.4650  186.6360    9.6440  20250505  14.7  4.0  P/2025 D3 (PANSTARRS)                                    MPC186632
    PK25D040  2025 02 14.2989  3.254861  0.634612  332.8897  233.1189   15.9394  20251121  13.2  4.0  P/2025 D4 (ATLAS)                                        MPC188413
    CK25D050  2025 05 13.2899  2.012170  0.999402  211.4920    0.7380   73.3813  20250505  17.6  4.0  C/2025 D5 (PANSTARRS)                                    MPC184415
    CK25D060  2024 12 11.3591  2.504152  0.997871  285.4085  151.4905  145.7918  20251121  13.2  4.0  C/2025 D6 (ATLAS)                                        MPEC 2025-UQ3
    CK25E010  2026 09 23.7170  3.998137  0.997406  274.4210  344.5934   69.0615  20251121   9.7  4.0  C/2025 E1 (PANSTARRS)                                    MPEC 2025-YF1
    CK25F010  2025 04 20.4742  1.069969  0.996317  334.2306  122.7047  109.2361  20250505  18.0  4.0  C/2025 F1 (ATLAS)                                        MPC185661
    CK25F020  2025 05  1.1567  0.333553  1.000136  153.8369  329.8341   90.3670  20251121  11.2  4.0  C/2025 F2 (SWAN)                                         MPC188413
    CK25J010  2026 06 11.8074  3.580385  0.997059  166.6219  273.9761   95.4448  20251121   9.1  4.0  C/2025 J1 (Borisov)                                      MPEC 2025-YF1
    CK25K010  2025 10  8.4402  0.334219  1.000269  271.0240   97.5579  147.8639  20251121  12.2  4.0  C/2025 K1 (ATLAS)                                        MPEC 2025-XC1
    CK25K01b  2025 10  8.4464  0.334935  1.001116  271.1661   97.5980  147.8918  20251121  14.7  4.0  C/2025 K1-B                                              MPEC 2025-XC1
    CK25K01c  2025 10  8.4314  0.332335  0.998438  270.6679   97.4603  147.8029  20251121  12.2  4.0  C/2025 K1-C (ATLAS)                                      MPEC 2025-X93
    CK25K01d  2025 10  8.4563  0.336342  1.002536  271.4343   97.6706  147.9348  20251121  14.0  4.0  C/2025 K1-D                                              MPEC 2025-XC1
    CK25K020  2025 10 25.3267  2.863628  0.887113  232.4675  113.8279  113.9777  20250505  13.7  4.0  C/2025 K2 (PANSTARRS)                                    MPC186633
    CK25K030  2028 12 14.1801  3.470498  1.001427  188.5921  350.6349  104.9354  20251121   6.4  4.0  C/2025 K3 (PANSTARRS)                                    MPC188413
    CK25K040  2025 07 28.2505  2.532165  0.941605  326.9302  297.0824   38.5444  20251121  14.1  4.0  C/2025 K4 (Siverd)                                       MPEC 2025-XC7
    CK25L010  2026 01 12.7438  1.679482  1.001382  341.2591  208.1095  114.1369  20251121  11.4  4.0  C/2025 L1 (ATLAS)                                        MPC188413
    CK25L020  2025 12 20.6635  2.833646  0.994283  232.6426  134.9856   86.5835  20251121  11.7  4.0  C/2025 L2 (MAPS)                                         MPEC 2025-XC7
    CK25M010  2029 08  2.9867 10.830505  0.998001  230.4110   66.9584   64.8960  20251121   2.9  4.0  C/2025 M1 (PANSTARRS)                                    MPC188414
    CK25M020  2027 11 23.4297  2.720328  1.002020   96.7610  305.5344  173.2149  20251121  13.4  4.0  C/2025 M2 (PANSTARRS)                                    MPEC 2025-UQ3
    CK25M030  2026 07  5.1515  6.531920  1.019533  195.3765   65.2658  137.4254  20251121   9.0  4.0  C/2025 M3 (PANSTARRS)                                    MPC188414
    CK25N020  2024 12 10.8937  8.982979  1.002131  230.0169   94.4647   81.6654  20251121   5.1  4.0  C/2025 N2 (ATLAS)                                        MPEC 2025-YF1
    CK25O020  2025 05 23.7181  2.288648  0.999028  280.2480  332.3117  134.5434  20251121  14.3  4.0  C/2025 O2 (MAPS)                                         MPC188414
    AK25P010  2025 03 30.5365  2.175780  0.961693  334.5268  342.4185  117.7949  20251121  17.1  4.0  A/2025 P1                                                MPC188414
    CK25Q010  2024 07 11.8994 10.099685  0.991913  280.2331  326.9477   66.1601  20251121   3.8  4.0  C/2025 Q1 (ATLAS)                                        MPEC 2025-XC7
    CK25Q030  2026 02 25.6362  2.112548  0.997320  218.4533  233.1441   90.1870  20251121  12.2  4.0  C/2025 Q3 (ATLAS)                                        MPEC 2025-YF1
    CK25R010  2025 11 23.3358  1.975206  0.988094   77.5506   60.3964  110.0273  20251121  14.0  4.0  C/2025 R1 (ATLAS)                                        MPEC 2025-YF1
    CK25R020  2025 09 12.8440  0.504092  0.994111  308.3553  335.3286    4.4729  20251121  12.4  4.0  C/2025 R2 (SWAN)                                         MPEC 2025-YF1
    CK25R030  2026 04 19.8945  0.498588  1.000333  162.2270   38.6922  124.7295  20251121  12.2  4.0  C/2025 R3 (PANSTARRS)                                    MPEC 2025-YF1
    AK25S020  2026 01  2.4112  1.686247  0.973350   31.5872   34.4731   96.6425  20251121  16.0  2.0  A/2025 S2                                                MPEC 2025-YF1
    AK25S030  2026 06 25.0930  2.244518  0.989551   71.1254   36.7300  103.5626  20251121  15.0  2.0  A/2025 S3                                                MPEC 2025-XC7
    CK25T010  2025 12  2.3728  1.108838  0.999973  114.1383  140.4945  123.4320  20251121  14.7  4.0  C/2025 T1 (ATLAS)                                        MPEC 2025-YF1
    PK25U010  2026 03 26.1003  4.165603  0.294667  264.0309  234.9745   23.8336  20251121  11.7  4.0  P/2025 U1 (Hogan)                                        MPEC 2025-YF1
    PK25UA9X  2025 08 14.2107  2.569447  0.323701  276.1255  197.9707    3.1814  20251121  13.7  4.0  P/2025 UX109 (Ye)                                        MPEC 2025-YF1
    CK25V010  2025 11 16.5418  0.462669  1.007923   47.5674   91.8774  112.7095  20251121  16.3  4.0  C/2025 V1 (Borisov)                                      MPEC 2025-X35
    CK25V020  2027 03 22.9679  1.953632  1.000751  102.6821  138.0827   37.2683  20251121   9.0  4.0  C/2025 V2 (Rankin)                                       MPEC 2025-YF1
    CK25W010  2025 02 17.7326  4.170116  0.999727  250.6338   95.8912   79.8003  20251121   9.7  4.0  C/2025 W1 (Sankovich)                                    MPEC 2025-YF1
    CK25W020  2025 12  7.8377  1.453248  0.945845   41.0360   90.8436   94.7097  20251121  17.9  4.0  C/2025 W2 (ATLAS)                                        MPEC 2025-XC7
    PK25W030  2025 03 16.9822  2.087217  0.180212  311.3864   60.0416    9.7416  20251121  17.2  4.0  P/2025 W3 (Kresken)                                      MPEC 2025-YF1
    PK25W040  2025 10  4.5032  2.034382  0.211133  172.2897  237.1211    1.2982  20251121  17.5  4.0  P/2025 W4 (PANSTARRS)                                    MPEC 2025-YF1
0001I         2017 09  9.4886  0.255240  1.199252  241.6845   24.5997  122.6778  20170904  23.0  2.0  1I/`Oumuamua                                             MPC107687
0001P         2061 08 14.0593  0.572508  0.967941  112.4196   59.5213  162.1578  20251121   5.5  3.2  1P/Halley                                                MPEC 2025-W75
0002I         2019 12  9.0572  1.997724  3.345952  209.2911  307.8024   44.2624  20251121  11.0  4.0  2I/Borisov                                               MPEC 2025-R69
0002P         2027 02 10.2397  0.338887  0.847213  187.2795  334.0169   11.3465  20251121  11.5  6.0  2P/Encke                                                 MPEC 2025-XC7
0003I         2025 10 29.4827  1.356487  6.139686  128.0071  322.1547  175.1129  20251121  11.8  4.0  3I/ATLAS                                                 MPEC 2025-YF1
0003D      a  2024 12  2.2628  0.827229  0.766905  192.1222  276.6873    7.2153  20230225  11.0  6.0  3D-A/Biela                                                76, 1135
0003D      b  2025 06 28.3458  0.823379  0.767449  192.2426  276.1895    7.8771  20230225  11.0  6.0  3D-B/Biela                                                76, 1135
0004P         2029 03  9.0968  1.623622  0.576124  207.1552  192.9022    8.0009  20251121   8.0  6.0  4P/Faye                                                  MPEC 2025-W75
0005D         2023 04 17.0929  0.512857  0.837563   20.3110   94.9139   18.6197  20230225  10.5  6.0  5D/Brorsen                                                27,  116
0006P         2028 04  1.3376  1.356936  0.612051  178.0381  138.9518   19.5017  20251121   7.5 16.0  6P/d'Arrest                                              MPEC 2025-W75
0007P         2027 08 24.9061  1.145335  0.658803  173.5234   93.0611   22.2494  20251121  10.0  6.0  7P/Pons-Winnecke                                         MPEC 2025-X35
0008P         2021 08 28.8563  1.023032  0.820710  207.4671  270.1933   54.9944  20251121   8.0  8.0  8P/Tuttle                                                MPEC 2025-W75
0009P         2028 02  9.2740  1.750699  0.468931  184.4917   67.1488   10.5661  20251121   5.5 10.0  9P/Tempel                                                MPEC 2025-YF1
0010P         2026 08  2.1332  1.417611  0.537387  195.4808  117.7982   12.0272  20251121   5.0 10.0  10P/Tempel                                               MPEC 2025-W75
0011P         2026 11  9.9111  1.387382  0.577388  168.0589  238.8595   14.4315  20251121  17.0  4.0  11P/Tempel-Swift-LINEAR                                  MPEC 2025-W75
0012P         2024 04 21.1628  0.781362  0.954708  199.0182  255.8588   74.1833  20251121   5.0  6.0  12P/Pons-Brooks                                          MPEC 2025-XC7
0013P         2024 06 30.1182  1.175341  0.930559   64.4246   85.8462   44.6641  20251121   5.0  6.0  13P/Olbers                                               MPEC 2025-W75
0014P         2026 09 19.0429  2.738424  0.356572  159.2043  202.0164   27.9175  20251121   5.5 12.0  14P/Wolf                                                 MPEC 2025-W75
0015P         2028 02  9.8600  0.997392  0.715953  347.8733   13.7338    6.7863  20251121  12.0  4.0  15P/Finlay                                               MPEC 2025-W75
0016P         2028 04 21.1258  1.884625  0.485428  245.3790  138.8161    3.0098  20251121   7.5 10.0  16P/Brooks                                               MPEC 2025-W75
0017P         2028 01 31.7893  2.090007  0.426160   24.6026  326.6018   19.0050  20251121  10.0  6.0  17P/Holmes                                               MPEC 2025-W75
0018D         2024 08 29.210   1.59456   0.58941   238.177   158.482    17.655   20230225   9.0  4.0  18D/Perrine-Mrkos                                         19,   80
0019P         2028 12 11.2897  1.307457  0.637684  352.0144   74.2156   29.3126  20251121   4.5 10.0  19P/Borrelly                                             MPEC 2025-W75
0020D         2038 04 30.4165  1.241559  0.921093   56.5038  348.4954   41.0164  20230225  13.0  8.0  20D/Westphal                                             unp
0021P         2025 03 25.3597  1.008783  0.711086  172.9399  195.3136   32.0518  20251121   9.0  6.0  21P/Giacobini-Zinner                                     MPEC 2025-W75
0022P         2028 07  2.4422  1.467930  0.567438  163.2638  119.9846    4.9240  20251121   3.0 10.4  22P/Kopff                                                MPEC 2025-W75
0023P         2059 06 20.5570  0.464962  0.972561  130.0789  311.0799   19.4922  20251121   7.8  3.2  23P/Brorsen-Metcalf                                      MPEC 2025-W75
0024P         2026 01  8.3424  1.183939  0.708287   58.4832   78.2716   11.5023  20251121   6.5 14.0  24P/Schaumasse                                           MPEC 2025-YF1
0025D         2025 05  9.2780  1.426723  0.555549  243.9306  281.2742    2.8044  20230225  12.5  6.0  25D/Neujmin 2                                            NK    378
0026P         2023 12 25.3252  1.082976  0.640705    2.1151  211.5282   22.4416  20251121  12.0 16.0  26P/Grigg-Skjellerup                                     MPEC 2025-W75
0027P         2039 05 13.6623  0.737546  0.919577  195.8549  250.6952   29.4220  20251121  12.0  8.0  27P/Crommelin                                            MPEC 2025-W75
0028P         2021 03  9.6439  1.587688  0.772513  347.4336  346.4207   14.2893  20251121   8.5  6.0  28P/Neujmin                                              MPEC 2025-W75
0029P         2019 04 28.3176  5.796859  0.043053   51.9109  312.4019    9.3552  20251121   4.0  4.0  29P/Schwassmann-Wachmann                                 MPEC 2025-YF1
0030P         2024 08 17.2746  1.814125  0.514446    9.5351  117.2298    8.0535  20251121   9.5  6.0  30P/Reinmuth                                             MPEC 2025-W75
0031P         2028 03 18.9985  3.411077  0.193592   17.9740  114.1135    4.5498  20251121   5.0  8.0  31P/Schwassmann-Wachmann                                 MPEC 2025-W75
0032P         2024 04 20.7340  2.025635  0.555327   54.7289   54.5332    9.9189  20251121   6.5  8.0  32P/ComasSola                                            MPEC 2025-W75
0033P         2024 11 10.8699  2.242658  0.451855   20.2599   66.2792   22.2940  20251121  10.0 12.0  33P/Daniel                                               MPEC 2025-W75
0034D         2026 08 25.3142  1.210910  0.758307  218.0859   57.8846   10.5847  20230225   9.0  4.0  34D/Gale                                                   9,  314
0035P         2092 02 16.713   0.73400   0.97429    28.952   356.754    65.417   20230225   8.5  4.0  35P/Herschel-Rigollet                                     15,  452
0036P         2028 11  5.2771  3.032148  0.267924  201.2053  181.8180    9.9446  20251121   8.5  6.0  36P/Whipple                                              MPEC 2025-W75
0037P         2024 10 11.2015  1.618163  0.532545  330.0709  314.5455    8.9478  20251121  10.5  4.8  37P/Forbes                                               MPEC 2025-W75
0038P         2018 11 14.0211  1.581095  0.859702  359.6089   77.8651   18.4111  20251121   3.5 12.0  38P/Stephan-Oterma                                       MPEC 2025-W75
0039P         2023 09 29.8360  5.795536  0.167111  117.0959  289.0933    1.7357  20251121   7.0  6.0  39P/Oterma                                               MPEC 2025-W75
0040P         2025 11 12.0155  1.823785  0.631090   52.0565  128.9010   11.6404  20251121   5.5 12.0  40P/Vaisala                                              MPEC 2025-YF1
0041P         2028 02 15.8946  1.050484  0.659773   62.2064  140.9755    9.2165  20251121  10.0 16.0  41P/Tuttle-Giacobini-Kresak                              MPEC 2025-W75
0042P         2026 01 14.9420  2.029643  0.584082  147.1259  150.1559    3.9884  20251121  13.0  6.0  42P/Neujmin                                              MPEC 2025-W75
0043P         2025 08  4.5859  2.442769  0.435964  223.7887  243.9798    9.3300  20251121   8.0  6.0  43P/Wolf-Harrington                                      MPEC 2025-YF1
0044P         2029 05 21.4952  2.114305  0.426686   57.9763  286.4196    5.8957  20251121   8.3  6.0  44P/Reinmuth                                             MPEC 2025-W75
0045P         2027 08 31.6769  0.557779  0.817534  327.9757   87.6628    4.3249  20251121  13.5  8.0  45P/Honda-Mrkos-Pajdusakova                              MPEC 2025-W75
0046P         2024 05 19.0913  1.055620  0.658655  356.3540   82.1630   11.7493  20251121  14.0  6.0  46P/Wirtanen                                             MPEC 2025-W75
0047P         2025 10 28.0048  2.807454  0.318006  357.9183  356.8810   13.0394  20251121   1.0 11.2  47P/Ashbrook-Jackson                                     MPEC 2025-YF1
0048P         2025 03  2.6628  2.006788  0.426513  216.7880  110.0636   12.2018  20251121  10.0  6.0  48P/Johnson                                              MPEC 2025-YF1
0049P         2025 04 10.5975  1.431372  0.598946  332.9257  118.7908   19.0597  20251121  11.3  4.4  49P/Arend-Rigaux                                         MPEC 2025-X35
0050P         2024 05 12.5583  1.922054  0.529594   49.3058  355.1445   19.1007  20251121   9.5  6.0  50P/Arend                                                MPEC 2025-W75
0051P         2022 09 30.3796  1.694562  0.542679  269.2227   83.6579    5.4263  20251121  10.0  8.0  51P/Harrington                                           MPEC 2025-W75
0051P      a  2022 10  3.8621  1.692483  0.543655   83.6640  269.2396    5.4263  20230225  10.0  8.0  51P-A/Harrington                                         NK   3014
0051P      d  2022 10  1.7084  1.692249  0.543607  269.2777   83.6503    5.4268  20230225  16.0  8.0  51P-D/Harrington                                         MPEC 2023-J29
0052P         2029 05  9.5961  1.771816  0.541195  139.6365  336.7444   10.2401  20251121  13.5  6.0  52P/Harrington-Abell                                     MPEC 2025-W75
0053P         2028 12 25.6050  2.448629  0.549916  134.3241  148.8501    6.6036  20251121   7.7  4.8  53P/VanBiesbroeck                                        MPEC 2025-W75
0054P         2024 09  4.5756  2.170468  0.428096    2.3022  358.5594    6.0660  20251121  10.0  6.0  54P/deVico-Swift-NEAT                                    MPEC 2025-W75
0055P         2031 05 24.5344  0.978931  0.905282  172.5285  235.4129  162.4982  20251121  10.0 10.0  55P/Tempel-Tuttle                                        MPEC 2025-W75
0056P         2027 12 19.6067  2.489802  0.508220   44.2352  345.8748    8.1550  20251121   8.5  6.0  56P/Slaughter-Burnham                                    MPEC 2025-W75
0057P         2028 03  4.1724  1.714060  0.501749  115.0843  188.7112    2.8545  20251121  12.5  6.0  57P/duToit-Neujmin-Delporte                              MPEC 2025-W75
0058P         2028 09  4.1843  1.385217  0.661446  200.5810  159.0302   13.0845  20251121  15.5  6.0  58P/Jackson-Neujmin                                      MPEC 2025-W75
0059P         2028 03 15.5703  2.342019  0.477032  127.6926  312.7265    9.3572  20251121   7.0  6.0  59P/Kearns-Kwee                                          MPEC 2025-W75
0060P         2025 07 20.6032  1.645720  0.533692  216.9121  267.3954    3.5798  20251121  11.5  6.0  60P/Tsuchinshan                                          MPEC 2025-W75
0061P         2022 10 23.1585  2.130297  0.422855  221.7179  162.9570    5.9959  20251121   6.0 10.0  61P/Shajn-Schaldach                                      MPEC 2025-W75
0062P         2023 12 25.2726  1.265166  0.624739   47.3431   68.6631    4.7364  20251121   8.0 10.0  62P/Tsuchinshan                                          MPEC 2025-W75
0063P         2026 07  6.1672  1.974566  0.650955  168.7357  357.7650   19.6160  20251121  10.5  6.0  63P/Wild                                                 MPEC 2025-YF1
0064P         2028 03 31.2137  1.387807  0.688291   97.3424  299.7635    8.9547  20251121   9.5 12.0  64P/Swift-Gehrels                                        MPEC 2025-W75
0065P         2025 06 16.3638  2.926177  0.248089  213.6530   61.9725    9.1750  20251121   5.0  6.0  65P/Gunn                                                 MPEC 2025-X35
0066P         2033 04 25.2959  1.305609  0.784925  257.3531   21.8518   18.6462  20251121  12.0  3.6  66P/duToit                                               MPEC 2025-W75
0067P         2028 04  9.3091  1.211474  0.649733   22.2248   36.3054    3.8675  20251121  11.0  4.0  67P/Churyumov-Gerasimenko                                MPEC 2025-W75
0068P         2030 11 27.0079  1.808785  0.635629  153.2008  175.0966   11.0972  20251121  10.0  4.0  68P/Klemola                                              MPEC 2025-W75
0069P         2026 11 12.4139  2.270708  0.414686  343.5275  104.8076   22.0612  20251121   9.5 12.0  69P/Taylor                                               MPEC 2025-W75
0070P         2028 11 20.8821  2.003199  0.454917    1.8065  119.2360    6.6036  20251121  11.0  6.0  70P/Kojima                                               MPEC 2025-W75
0071P         2028 09 22.5998  1.643561  0.483581  210.7104   59.0219    9.2233  20251121   9.8  6.0  71P/Clark                                                MPEC 2025-W75
0072P         2023 06 15.4336  0.783121  0.818204  346.7387   26.7295   10.9411  20251121  17.5 10.0  72P/Denning-Fujikawa                                     MPEC 2025-W75
0073P         2027 12 19.4146  0.893634  0.706972  212.9958   54.1661    6.3968  20251121  11.5  6.0  73P/Schwassmann-Wachmann                                 MPEC 2025-W75
0073P      b  2022 08 29.8291  0.972475  0.685738   69.6244  199.4490   11.2347  20230225   9.0  4.0  73P-B/Schwassmann-Wachmann B                             NK   1613
0073P      c  2022 08 25.7696  0.972869  0.685499   69.6198  199.4833   11.2287  20230225   9.0  4.0  73P-C/Schwassmann-Wachmann                               NK   2710
0073P      e  2022 09  7.6113  0.972037  0.686206   69.6268  199.4252   11.2429  20230225   9.0  4.0  73P-E/Schwassmann-Wachmann                               NK    934
0073P      g  2006 06  8.096   0.93920   0.69330   198.772    69.909    11.388              9.0  4.0  73P-G/Schwassmann-Wachmann                               MPC 56796
0073P      h  2006 06  8.281   0.93918   0.69330   198.778    69.903    11.389              9.0  4.0  73P-H/Schwassmann-Wachmann                               MPC 56796
0073P      j  2006 06  8.141   0.93966   0.69330   198.673    69.983    11.386              9.0  4.0  73P-J/Schwassmann-Wachmann                               MPC 56796
0073P      k  2006 06  8.224   0.93903   0.69330   198.809    69.881    11.390              9.0  4.0  73P-K/Schwassmann-Wachmann                               MPC 56797
0073P      l  2006 06  8.340   0.93914   0.69330   198.772    69.911    11.388              9.0  4.0  73P-L/Schwassmann-Wachmann                               MPC 56797
0073P      m  2006 06  8.262   0.93912   0.69330   198.787    69.895    11.389              9.0  4.0  73P-M/Schwassmann-Wachmann                               MPC 56797
0073P      n  2006 06  8.261   0.93920   0.69330   198.754    69.909    11.389              9.0  4.0  73P-N/Schwassmann-Wachmann                               MPC 56797
0073P      p  2006 06  7.872   0.93917   0.69330   198.783    69.900    11.390              9.0  4.0  73P-P/Schwassmann-Wachmann                               MPC 56797
0073P      q  2006 06  7.725   0.93941   0.69330   198.717    69.944    11.387              9.0  4.0  73P-Q/Schwassmann-Wachmann                               MPC 56797
0073P      r  2006 06  8.185   0.93918   0.69330   198.776    69.904    11.388              9.0  4.0  73P-R/Schwassmann-Wachmann                               MPC 56797
0073P      s  2006 06  8.689   0.98977   0.69330   188.229    77.364    11.127              9.0  4.0  73P-S/Schwassmann-Wachmann                               MPC 56797
0073P      t  2022 08 24.6106  0.972765  0.685419  199.4876   69.6020   11.2331  20230225   9.0  4.0  73P-T/Schwassmann-Wachmann                               MPEC 2023-J29
0073P      u  2006 06  9.016   0.93962   0.69330   198.659    69.994    11.384              9.0  4.0  73P-U/Schwassmann-Wachmann                               MPC 56797
0073P      v  2006 06  8.477   0.91217   0.69330   204.943    65.236    11.651              9.0  4.0  73P-V/Schwassmann-Wachmann                               MPC 56797
0073P      w  2006 06  8.500   0.93906   0.69330   198.803    69.884    11.390              9.0  4.0  73P-W/Schwassmann-Wachmann                               MPC 56797
0073P      x  2027 12  8.5454  0.841009  0.721610  203.8270   63.8335    8.4986  20250505  17.5  4.0  73P-X/Schwassmann-Wachmann                               MPC186634
0073P      y  2006 06  8.770   0.93911   0.69330   198.785    69.879    11.391              9.0  4.0  73P-Y/Schwassmann-Wachmann                               MPC 56798
0073P      z  2006 06  8.309   0.94204   0.69330   198.017    70.493    11.349              9.0  4.0  73P-Z/Schwassmann-Wachmann                               MPC 56798
0073P     aa  2006 06  9.086   0.93905   0.69330   198.804    69.883    11.390              9.0  4.0  73P-AA/Schwassmann-Wachmann                              MPC 56798
0073P     ab  2006 06  8.697   0.93906   0.69330   198.792    69.888    11.390              9.0  4.0  73P-AB/Schwassmann-Wachmann                              MPC 56798
0073P     ac  2006 06  8.693   0.93918   0.69330   198.766    69.914    11.387              9.0  4.0  73P-AC/Schwassmann-Wachmann                              MPC 56798
0073P     ad  2006 06  8.694   0.94167   0.69330   198.119    70.416    11.355              9.0  4.0  73P-AD/Schwassmann-Wachmann                              MPC 56798
0073P     ae  2006 06  8.352   0.93910   0.69330   198.790    69.891    11.390              9.0  4.0  73P-AE/Schwassmann-Wachmann                              MPC 56798
0073P     af  2006 06  6.841   0.94144   0.69330   198.217    70.302    11.356              9.0  4.0  73P-AF/Schwassmann-Wachmann                              MPC 56798
0073P     ag  2006 06  9.016   0.93921   0.69330   198.724    69.932    11.386              9.0  4.0  73P-AG/Schwassmann-Wachmann                              MPC 56798
0073P     ah  2006 06  8.628   0.94293   0.69330   197.755    70.695    11.331              9.0  4.0  73P-AH/Schwassmann-Wachmann                              MPC 56798
0073P     ai  2006 06  8.737   0.93912   0.69330   198.806    69.885    11.392              9.0  4.0  73P-AI/Schwassmann-Wachmann                              MPC 56798
0073P     aj  2006 06  8.740   0.93930   0.69330   198.663    70.041    11.385              9.0  4.0  73P-AJ/Schwassmann-Wachmann                              MPC 56799
0073P     ak  2006 06  8.395   0.93924   0.69330   198.822    69.784    11.389              9.0  4.0  73P-AK/Schwassmann-Wachmann                              MPC 56799
0073P     al  2006 06  8.456   0.93892   0.69330   198.857    69.843    11.395              9.0  4.0  73P-AL/Schwassmann-Wachmann                              MPC 56799
0073P     am  2006 06  8.266   0.93912   0.69330   198.815    69.876    11.394              9.0  4.0  73P-AM/Schwassmann-Wachmann                              MPC 56799
0073P     an  2006 06  8.328   0.93906   0.69330   198.820    69.870    11.393              9.0  4.0  73P-AN/Schwassmann-Wachmann                              MPC 56799
0073P     ao  2006 06  7.808   0.94408   0.69330   197.007    71.286    11.210              9.0  4.0  73P-AO/Schwassmann-Wachmann                              MPC 56799
0073P     ap  2006 06  6.685   0.93918   0.69330   198.794    69.895    11.393              9.0  4.0  73P-AP/Schwassmann-Wachmann                              MPC 56799
0073P     aq  2006 06  7.919   0.93920   0.69330   198.770    69.911    11.387              9.0  4.0  73P-AQ/Schwassmann-Wachmann                              MPC 56799
0073P     ar  2006 06  6.833   0.93937   0.69330   198.722    69.946    11.385              9.0  4.0  73P-AR/Schwassmann-Wachmann                              MPC 56799
0073P     as  2006 06  6.335   0.93922   0.69330   198.773    69.906    11.392              9.0  4.0  73P-AS/Schwassmann-Wachmann                              MPC 56799
0073P     at  2006 06  6.228   0.93925   0.69330   198.778    69.901    11.391              9.0  4.0  73P-AT/Schwassmann-Wachmann                              MPC 56799
0073P     au  2006 06  8.093   0.93929   0.69330   198.744    69.928    11.385              9.0  4.0  73P-AU/Schwassmann-Wachmann                              MPC 56799
0073P     av  2006 06  6.490   0.93930   0.69330   198.751    69.945    11.388              9.0  4.0  73P-AV/Schwassmann-Wachmann                              MPC 56800
0073P     aw  2006 06  7.766   0.93947   0.69330   198.673    69.982    11.377              9.0  4.0  73P-AW/Schwassmann-Wachmann                              MPC 56800
0073P     ax  2006 06  9.533   0.93912   0.69330   198.757    69.915    11.388              9.0  4.0  73P-AX/Schwassmann-Wachmann                              MPC 56800
0073P     ay  2006 06  8.760   0.93918   0.69330   198.750    69.923    11.385              9.0  4.0  73P-AY/Schwassmann-Wachmann                              MPC 56800
0073P     az  2006 06  6.515   0.93962   0.69330   198.644    70.002    11.371              9.0  4.0  73P-AZ/Schwassmann-Wachmann                              MPC 56800
0073P     ba  2006 06  6.436   0.93976   0.69330   198.588    70.042    11.364              9.0  4.0  73P-BA/Schwassmann-Wachmann                              MPC 56800
0073P     bb  2006 06  7.087   0.93912   0.69330   198.807    69.882    11.395              9.0  4.0  73P-BB/Schwassmann-Wachmann                              MPC 56800
0073P     bc  2006 06  6.670   0.93922   0.69330   198.778    69.901    11.391              9.0  4.0  73P-BC/Schwassmann-Wachmann                              MPC 56800
0073P     bd  2006 06  6.417   0.93998   0.69330   198.503    70.085    11.352              9.0  4.0  73P-BD/Schwassmann-Wachmann                              MPC 56800
0073P     be  2006 06  6.863   0.93902   0.69330   198.861    69.841    11.405              9.0  4.0  73P-BE/Schwassmann-Wachmann                              MPC 56800
0073P     bf  2006 06  6.992   0.93918   0.69330   198.752    69.908    11.390              9.0  4.0  73P-BF/Schwassmann-Wachmann                              MPC 56800
0073P     bg  2006 06  8.741   0.93915   0.69330   198.750    69.925    11.384              9.0  4.0  73P-BG/Schwassmann-Wachmann                              MPC 56800
0073P     bh  2006 06  8.568   0.93874   0.69330   198.947    69.752    11.410              9.0  4.0  73P-BH/Schwassmann-Wachmann                              MPC 56801
0073P     bi  2006 06  8.639   0.93905   0.69330   198.877    69.819    11.404              9.0  4.0  73P-BI/Schwassmann-Wachmann                              MPC 56801
0073P     bj  2006 06  8.669   0.93914   0.69330   198.776    69.905    11.389              9.0  4.0  73P-BJ/Schwassmann-Wachmann                              MPC 56801
0073P     bk  2006 06  8.884   0.93931   0.69330   198.698    69.970    11.379              9.0  4.0  73P-BK/Schwassmann-Wachmann                              MPC 56801
0073P     bl  2006 06  8.885   0.93923   0.69330   198.739    69.930    11.385              9.0  4.0  73P-BL/Schwassmann-Wachmann                              MPC 56801
0073P     bm  2006 06  8.938   0.93962   0.69330   198.546    70.086    11.364              9.0  4.0  73P-BM/Schwassmann-Wachmann                              MPC 56801
0073P     bn  2006 06  8.203   0.93905   0.69330   198.815    69.871    11.398              9.0  4.0  73P-BN/Schwassmann-Wachmann                              MPC 56801
0073P     bo  2006 06  8.259   0.93913   0.69330   198.765    69.903    11.390              9.0  4.0  73P-BO/Schwassmann-Wachmann                              MPC 56801
0073P     bp  2006 06  8.302   0.93910   0.69330   198.807    69.881    11.395              9.0  4.0  73P-BP/Schwassmann-Wachmann                              MPC 56801
0073P     bq  2006 06  8.297   0.93900   0.69330   198.862    69.836    11.404              9.0  4.0  73P-BQ/Schwassmann-Wachmann                              MPC 56801
0073P     br  2006 06  6.154   0.93921   0.69330   198.774    69.910    11.389              9.0  4.0  73P-BR/Schwassmann-Wachmann                              MPC 56957
0073P     bs  2006 06  5.831   0.93918   0.69330   198.814    69.885    11.399              9.0  4.0  73P-BS/Schwassmann-Wachmann                              MPC 56957
0073P     bt  2022 08 27.2257  0.972733  0.685712   69.6198  199.4679   11.2308  20230225  11.5  6.0  73P-BT/Schwassmann-Wachmann                              MPC106348
0073P     bu  2022 08 24.8989  0.960269  0.666242   70.6813  199.8737   11.0705  20230225  19.0  4.0  73P-BU/Schwassmann-Wachmann                              MPEC 2022-P18
0073P     bv  2022 08 25.0052  0.974212  0.690419  199.3835   69.4754   11.2453  20230225  19.0  4.0  73P-BV/Schwassmann-Wachmann                              MPEC 2022-X67
0073P     bw  2022 08 25.4813  1.000486  0.782267   67.3300  198.7275   11.6030  20230225  18.2  4.0  73P-BW/Schwassmann-Wachmann                              MPEC 2022-R15
0073P     bx  2022 08 28.9430  0.850050  0.722804  203.4545   63.2964    8.1057  20250505  17.5  4.0  73P-BX/Schwassmann-Wachmann                              MPEC 2025-OF9
0073P     by  2022 08 24.3061  0.970946  0.680124   69.7742  199.4611   11.1990  20230225  17.4  4.0  73P-BY/Schwassmann-Wachmann                              MPEC 2022-R15
0074P         2026 04  5.6348  4.835892  0.054317   59.7016   51.7245    6.0150  20251121   5.0  6.0  74P/Smirnova-Chernykh                                    MPEC 2025-YF1
0075D         2021 03  7.4821  1.772991  0.498886  175.5294  269.5688    5.9214  20230225   9.5  6.0  75D/Kohoutek                                             CCO     7
0076P         2026 04 13.6431  1.596813  0.539411    0.0230   84.1090   30.4983  20251121   8.0 12.0  76P/West-Kohoutek-Ikemura                                MPEC 2025-WD0
0077P         2023 04  2.8880  2.345743  0.351960  196.5975   14.7478   24.3293  20251121   7.0  8.0  77P/Longmore                                             MPEC 2025-W75
0078P         2026 06 25.0668  2.004565  0.462991  192.7801  210.4972    6.2572  20251121   5.5  8.0  78P/Gehrels                                              MPEC 2025-YF1
0079P         2023 09 30.3909  1.119539  0.619487  281.7580  280.4937    3.1488  20251121  16.0  4.0  79P/duToit-Hartley                                       MPEC 2025-W75
0080P         2022 12  7.9680  1.617741  0.597688  339.2563  259.7710   29.9278  20251121   9.0  8.0  80P/Peters-Hartley                                       MPEC 2025-W75
0081P         2022 12 16.0255  1.595008  0.537832   41.5441  136.1042    3.2386  20251121   7.0  6.0  81P/Wild                                                 MPEC 2025-W75
0082P         2026 11 15.6337  3.624157  0.123109  226.3667  239.2903    1.1294  20251121   5.0  8.0  82P/Gehrels                                              MPEC 2025-W75
0083D         2021 05 23.2564  2.144769  0.441982  334.4178  226.3281   17.8224  20230225   9.0  4.0  83D/Russell                                              NK    932
0084P         2027 02 12.6744  1.719564  0.515621  281.7448  108.0797    7.5529  20251121   9.5  8.0  84P/Giclas                                               MPEC 2025-W75
0085D         2020 07 29.9377  1.127708  0.776328  333.0294   65.2973    4.1733  20230225   6.5  8.0  85D/Boethin                                              unp
0086P         2029 01 21.6157  2.334795  0.360719  181.0058   72.0894   15.4773  20251121  11.0  6.0  86P/Wild                                                 MPEC 2025-W75
0087P         2029 07  2.0572  3.571782  0.198023   63.9623  175.8987    3.8588  20251121   7.2 10.0  87P/Bus                                                  MPEC 2025-WD0
0088P         2026 03 18.7783  1.357771  0.563259  235.8716   56.6694    4.3820  20251121  11.0  6.0  88P/Howell                                               MPEC 2025-W75
0089P         2024 03 26.5386  2.223701  0.407248  250.4591   41.3429   12.0687  20251121  11.5  6.0  89P/Russell                                              MPEC 2025-W75
0090P         2032 05 18.0108  2.964813  0.510360   29.2273   13.1544    9.6349  20251121   8.5  6.0  90P/Gehrels                                              MPEC 2025-W75
0091P         2028 10 25.4969  3.105644  0.252761  356.9676  242.1175   16.0148  20251121   7.5  6.0  91P/Russell                                              MPEC 2025-WD0
0092P         2027 07 15.4697  1.817704  0.659941  163.7874  181.3375   19.4789  20251121  12.0  6.0  92P/Sanguin                                              MPEC 2025-W75
0093P         2026 05  2.9386  1.688437  0.613879   75.0385  339.5493   12.2104  20251121   9.5  6.0  93P/Lovas                                                MPEC 2025-YF1
0094P         2023 05 21.3552  2.224618  0.366155   92.3772   70.8423    6.1873  20251121   9.0  6.0  94P/Russell                                              MPEC 2025-W75
0096P         2028 05 11.9425  0.116012  0.961725   14.7390   93.9625   57.5859  20251121  13.0  4.8  96P/Machholz                                             MPEC 2025-W75
0096P      b  2023 01 31.0848  0.116468  0.961571   93.9523   14.7455   57.5073  20230225  13.0  4.8  96P-B/Machholz                                           MPC106348
0096P      c  2012 07 14.6812  0.123794  0.958898   15.5380   94.3495   58.5311             9.0  4.0  96P-C/Machholz                                           MPC103849
0097P         2022 02 15.8261  2.577532  0.459740  230.2256  184.0675   17.9339  20251121   5.5  6.0  97P/Metcalf-Brewington                                   MPEC 2025-W75
0098P         2028 05  6.1154  1.606728  0.573529  157.9095  114.4543   10.7681  20251121   9.0  8.0  98P/Takamizawa                                           MPEC 2025-W75
0099P         2022 04  8.9495  4.698281  0.228912  174.5097   28.0536    4.3393  20251121   4.5  6.0  99P/Kowal                                                MPEC 2025-W75
0100P         2028 12 16.4150  2.019120  0.411377  181.9027   37.6858   25.5680  20251121   9.0  8.0  100P/Hartley                                             MPEC 2025-W75
0101P         2020 01 12.5973  2.354775  0.595310  278.0050  116.1145    5.0485  20251121  10.0  4.8  101P/Chernykh                                            MPEC 2025-W75
0101P      b  2020 01 30.9868  2.349672  0.596608  115.3714  278.6123    5.0505  20230225   9.0  4.0  101P-B/Chernykh                                          MPC105241
0102P         2028 07 10.7658  2.079145  0.455822   20.7076  339.3487   25.8462  20251121   6.5  8.0  102P/Shoemaker                                           MPEC 2025-W75
0103P         2023 10 12.3446  1.065889  0.693362  181.3334  219.7604   13.6053  20251121   8.5  8.0  103P/Hartley                                             MPEC 2025-W75
0104P         2027 10 12.8942  1.072097  0.665861  227.3242  207.1694    5.7002  20251121  16.0  4.0  104P/Kowal                                               MPEC 2025-W75
0105P         2025 01 22.7166  2.051849  0.409157   46.3184  192.3885    9.1677  20251121  11.5  6.0  105P/SingerBrewster                                      MPEC 2025-W75
0106P         2028 12 12.2856  1.532478  0.593362  353.8010   48.8659   19.5295  20251121  14.0  4.8  106P/Schuster                                            MPEC 2025-W75
0108P         2028 12  8.6664  1.664257  0.555513  354.5646   50.2738   11.4319  20251121   8.0 12.0  108P/Ciffreo                                             MPEC 2025-W75
0109P         1992 12 21.0431  0.966273  0.963111  153.2437  139.8181  112.9551  20251121   4.5  6.0  109P/Swift-Tuttle                                        MPEC 2025-W75
0110P         2028 08 22.3963  2.452988  0.319254  167.5833  287.4819   11.7119  20251121   1.0 12.0  110P/Hartley                                             MPEC 2025-W75
0111P         2029 12  6.7972  3.707988  0.107162    1.5692   89.7332    4.2263  20251121   5.0  8.0  111P/Helin-Roman-Crockett                                MPEC 2025-WD0
0112P         2026 09 21.8392  1.441197  0.590788   21.5709   31.8015   24.2033  20251121  14.0  6.0  112P/Urata-Niijima                                       MPEC 2025-WD0
0113P         2022 06  1.7847  2.145796  0.419515  115.7600  306.6131    5.2878  20251121  13.5  4.0  113P/Spitaler                                            MPEC 2025-W75
0114P         2026 09 14.9746  1.570903  0.556136  172.8307  271.0249   18.3036  20251121  11.5  6.0  114P/Wiseman-Skiff                                       MPEC 2025-W75
0115P         2029 05 23.4237  2.056575  0.518391  120.9312  175.9371   11.6895  20251121  10.5  6.0  115P/Maury                                               MPEC 2025-W75
0116P         2029 01 17.6582  2.192594  0.370921  173.1499   20.9584    3.6050  20251121   2.5 10.0  116P/Wild                                                MPEC 2025-W75
0117P         2022 07 10.6902  3.089470  0.250838  224.9233   58.7854    8.6618  20251121   2.5  8.0  117P/Helin-Roman-Alu                                     MPEC 2025-W75
0118P         2022 11 24.9039  1.829255  0.453800  314.9725  142.0463   10.0927  20251121  12.0  4.0  118P/Shoemaker-Levy                                      MPEC 2025-W75
0119P         2022 08 12.3971  2.331964  0.387971  322.2967  104.5407    7.3929  20251121   3.5  8.0  119P/Parker-Hartley                                      MPEC 2025-W75
0120P         2029 04  5.1120  2.485788  0.373938   36.8468  358.6458    8.4792  20251121  12.0  4.0  120P/Mueller                                             MPEC 2025-W75
0121P         2023 07  1.1991  3.733498  0.186697   12.0474   94.1045   20.1622  20251121   6.5  8.0  121P/Shoemaker-Holt                                      MPEC 2025-W75
0122P         1995 10  6.7425  0.658820  0.962642   13.0090   79.7356   85.9975  20251121   7.5  5.2  122P/deVico                                              MPEC 2025-W75
0123P         2026 09 22.0956  2.158028  0.444628  103.9296   45.8801   15.2867  20251121   4.0 10.0  123P/West-Hartley                                        MPEC 2025-YF1
0124P         2026 06 23.5884  1.734902  0.486404  185.1091  359.9594   31.4019  20251121  13.5  2.8  124P/Mrkos                                               MPEC 2025-YF1
0125P         2024 03  7.1767  1.526172  0.511991   87.0902  153.1516    9.9861  20251121  13.0  6.0  125P/Spacewatch                                          MPEC 2025-W75
0126P         2023 07  4.8621  1.710869  0.695893  356.5505  357.8569   45.8718  20251121   6.0  8.0  126P/IRAS                                                MPEC 2025-W75
0127P         2029 01 10.3379  2.216183  0.358541    6.3433   13.6159   14.2930  20251121  11.0  6.0  127P/Holt-Olmstead                                       MPEC 2025-W75
0128P         2026 07 16.9286  3.036966  0.322289  210.5393  214.3070    4.3715  20251121   8.5  4.0  128P/Shoemaker-Holt                                      MPEC 2025-YF1
0129P         2022 12  4.3560  3.925312  0.085981  307.9872  184.8403    3.4412  20251121  11.0  4.0  129P/Shoemaker-Levy                                      MPEC 2025-W75
0130P         2024 04 15.9019  1.830592  0.461069  246.6811   70.1172    6.0400  20251121  10.0  6.0  130P/McNaught-Hughes                                     MPEC 2025-YF1
0131P         2026 02 15.6949  2.407809  0.344635  179.2656  214.1328    7.3622  20251121  11.0  4.0  131P/Mueller                                             MPEC 2025-YF1
0132P         2029 07 19.2721  1.698113  0.563801  216.5221  173.9690    5.3765  20251121  11.0  6.0  132P/Helin-Roman-Alu                                     MPEC 2025-W75
0134P         2030 01  7.7949  2.600743  0.585604   18.5886  202.0204    4.3316  20251121  11.5  4.0  134P/Kowal-Vavrova                                       MPEC 2025-W75
0135P         2022 04  5.4051  2.686879  0.293291   22.3396  213.0180    6.0622  20251121   7.0  8.0  135P/Shoemaker-Levy                                      MPEC 2025-W75
0136P         2025 01  3.7278  2.959064  0.293316  225.3878  137.4118    9.4276  20251121  11.0  4.0  136P/Mueller                                             MPEC 2025-YF1
0137P         2028 07 29.5597  1.932916  0.572766  141.2058  232.9292    4.8590  20251121  11.0  4.0  137P/Shoemaker-Levy                                      MPEC 2025-W75
0138P         2026 03 24.3180  1.694296  0.531465   95.7532  309.2191   10.0984  20251121  15.0  6.0  138P/Shoemaker-Levy                                      MPEC 2025-W75
0139P         2027 07 23.0739  3.392558  0.248212  166.0655  242.1341    2.3383  20251121   9.5  4.0  139P/Vaisala-Oterma                                      MPEC 2025-W75
0140P         2031 10  5.3395  1.956649  0.694975  172.1455  343.3623    3.6820  20251121  11.5  6.0  140P/Bowell-Skiff                                        MPEC 2025-W75
0141P         2026 04 22.9900  0.807455  0.735840  153.6466  241.7743   13.9607  20251121  12.0 12.0  141P/Machholz                                            MPEC 2025-W75
0141P      a  2020 12 16.7567  0.807099  0.736048  241.8192  153.5916   13.9483  20230225  12.0 12.0  141P-A/Machholz                                          MPEC 2015-KD9
0141P      b  2020 12 10.3164  0.807422  0.735805  241.7084  153.6672   13.9921  20230225   9.0  4.0  141P-B/Machholz                                          MPC 24216
0141P      d  2021 01  2.8996  0.806376  0.737008  242.0668  153.3186   13.8404  20230225  12.0 12.0  141P-D/Machholz                                          MPC 37026
0141P      e  1994 09 19.2500  0.752528  0.750233  149.2667  246.1856   12.8152             9.0  4.0  141P-E/Machholz                                          MPEC 2015-R12
0141P      f  1994 09 19.1963  0.752528  0.750009  149.2374  246.1881   12.7898             9.0  4.0  141P-F/Machholz                                          MPEC 2015-R12
0141P      g  1994 09 19.1048  0.752528  0.749643  149.0784  246.3146   12.8259             9.0  4.0  141P-G/Machholz                                          MPEC 2015-R12
0141P      h  2026 04  1.7608  0.808304  0.734649  153.6175  241.8518   14.0179  20250505  18.5  4.0  141P-H/Machholz                                          MPC186636
0141P      i  2020 12 16.1448  0.806953  0.735273  241.8294  153.5458   13.9481  20230225  17.5  4.0  141P-I/Machholz                                          MPEC 2022-SU8
0142P         2021 05 10.6687  2.522911  0.495778  174.0457  175.9625   12.2433  20251121   8.5  6.0  142P/Ge-Wang                                             MPEC 2025-W75
0143P         2026 12 27.4888  2.956417  0.379251  304.6440  242.1593    5.4026  20251121  13.5  2.0  143P/Kowal-Mrkos                                         MPEC 2025-YF1
0144P         2024 01 25.8536  1.399798  0.634949  216.3756  242.9244    3.9313  20251121   8.5  8.0  144P/Kushida                                             MPEC 2025-W75
0145P         2026 01 31.9321  1.889719  0.542368   10.4185   26.7668   11.2782  20251121  13.5  4.0  145P/Shoemaker-Levy                                      MPEC 2025-YF1
0146P         2024 08  5.3866  1.417770  0.647591  317.0236   53.3355   23.1168  20251121  15.0  4.0  146P/Shoemaker-LINEAR                                    MPEC 2025-W75
0147P         2023 12  6.9356  3.160746  0.211620  348.6254   91.6649    2.3112  20251121  14.0  4.0  147P/Kushida-Muramatsu                                   MPEC 2025-W75
0148P         2022 06 14.5033  1.627670  0.550396    8.0926   89.1950    3.6588  20251121  16.0  2.0  148P/Anderson-LINEAR                                     MPEC 2025-W75
0149P         2026 12 15.8432  2.791822  0.324663   30.1153  143.7231   34.2462  20251121   8.0  8.0  149P/Mueller                                             MPEC 2025-W75
0150P         2024 03 12.6021  1.745098  0.549320  246.1245  272.0552   18.5482  20251121  13.5  4.0  150P/LONEOS                                              MPEC 2025-W75
0151P         2029 08 18.2508  2.466796  0.572297  216.1999  143.0603    4.7220  20251121  10.0  6.0  151P/Helin                                               MPEC 2025-W75
0152P         2022 01 12.4593  3.110923  0.306559  164.4105   91.7763    9.8796  20251121  11.5  4.0  152P/Helin-Lawrence                                      MPEC 2025-W75
0153P         2002 03 15.1627  0.494824  0.990254   34.2040   93.8059   28.5049  20251121   7.0  4.0  153P/Ikeya-Zhang                                         MPEC 2025-W75
0154P         2024 06 13.1535  1.552319  0.676185   47.9169  342.9948   17.6398  20251121   2.5 12.0  154P/Brewington                                          MPEC 2025-W75
0155P         2019 11 17.9159  1.789426  0.727738   14.5409   97.1568    6.4109  20251121  10.0  4.8  155P/Shoemaker                                           MPEC 2025-W75
0156P         2027 04 30.5796  1.333943  0.614760    0.5315   35.3279   17.2578  20251121  15.5  2.0  156P/Russell-LINEAR                                      MPEC 2025-W75
0157P         2022 09 10.2723  1.572817  0.556735  155.1927  287.4955   12.4253  20251121  10.0  4.0  157P/Tritton                                             MPEC 2025-W75
0157P      b  2022 09  8.0148  1.551454  0.499725  287.1013  153.9319   12.4273  20230225  15.7  4.0  157P-B/Tritton                                           MPEC 2022-VC5
0158P         2022 10  6.3981  5.058575  0.115637  232.7642  124.2067    7.4872  20251121   9.0  4.0  158P/Kowal-LINEAR                                        MPEC 2025-W75
0159P         2032 07 27.2792  3.616834  0.382359    4.7494   54.9375   23.4790  20251121  10.0  4.0  159P/LONEOS                                              MPEC 2025-W75
0160P         2027 04  7.2325  1.795985  0.524907   12.7928  333.3167   15.5893  20251121  15.5  2.0  160P/LINEAR                                              MPEC 2025-W75
0161P         2026 11 27.5281  1.265044  0.836098   47.0785    1.4818   95.7879  20251121   8.5  6.0  161P/Hartley-IRAS                                        MPEC 2025-W75
0162P         2026 05 17.8400  1.289521  0.582883  357.2460   30.8705   27.5519  20251121  12.0  4.0  162P/SidingSpring                                        MPEC 2025-W75
0163P         2026 11 23.9765  2.055013  0.453482  349.6655  102.0689   12.7244  20251121  14.5  4.0  163P/NEAT                                                MPEC 2025-W75
0164P         2025 05 27.3745  1.674868  0.541444  325.9324   88.2676   16.2763  20251121  11.0  4.0  164P/Christensen                                         MPEC 2025-YF1
0165P         2000 06 18.9007  6.778944  0.619481  125.9377    0.6313   15.9123  20251121  11.5  2.0  165P/LINEAR                                              MPEC 2025-W75
0166P         2002 06  2.4896  8.555435  0.382224  321.9900   64.3348   15.3865  20251121   5.5  4.0  166P/NEAT                                                MPEC 2025-W75
0167P         2001 03 20.4249 11.894354  0.267871  344.3320  295.8437   19.0726  20251121   9.5  2.0  167P/CINEOS                                              MPEC 2025-W75
0168P         2026 05 26.3060  1.358731  0.621110   15.1062  355.3807   21.5945  20251121  15.5  4.0  168P/Hergenrother                                        MPEC 2025-W75
0169P         2026 09 21.3713  0.604143  0.767963  218.1322  176.0448   11.2853  20251121  16.0  2.0  169P/NEAT                                                MPEC 2025-W75
0170P         2023 04 15.2059  2.911353  0.305413  224.6095  142.6354   10.1339  20251121  12.0  4.0  170P/Christensen                                         MPEC 2025-W75
0171P         2025 09 25.0253  1.766400  0.502917  347.0713  101.6940   21.9550  20251121  13.5  4.0  171P/Spahr                                               MPEC 2025-WD0
0172P         2025 11  2.3735  3.358190  0.205072  208.8712   30.8807   11.2220  20251121  13.0  4.0  172P/Yeung                                               MPEC 2025-W75
0173P         2021 12 18.3670  4.216361  0.262446   29.3367  100.3451   16.4939  20251121   7.5  4.0  173P/Mueller                                             MPEC 2025-W75
0175P         2026 09  3.0707  2.306760  0.375180   74.5801  109.7960    4.9294  20251121  14.0  4.0  175P/Hergenrother                                        MPEC 2025-YF1
0177P         2006 08 27.7362  1.125025  0.954084   61.0434  271.5911   30.9596  20251121  15.0  4.0  177P/Barnard                                             MPEC 2025-W75
0178P         2027 06 21.5039  1.881079  0.482179  297.9668  102.7837   11.0929  20251121  13.5  4.0  178P/Hug-Bell                                            MPEC 2025-W75
0179P         2022 05 31.7293  4.125514  0.305211  297.2454  115.5052   19.8892  20251121   2.5  8.0  179P/Jedicke                                             MPEC 2025-W75
0180P         2023 07 12.2545  2.498388  0.353990   94.5940   84.5560   16.8612  20251121  11.0  4.0  180P/NEAT                                                MPEC 2025-W75
0181P         2029 08 30.1252  1.165502  0.699583  336.3091   35.4241   17.4724  20251121  11.5  4.0  181P/Shoemaker-Levy                                      MPEC 2025-W75
0182P         2027 06  5.3604  0.990542  0.664041   54.2264   72.4459   16.2300  20251121  18.0  4.0  182P/LONEOS                                              MPEC 2025-W75
0183P         2027 09  9.4837  4.229584  0.103077  162.0229    3.3896   18.7187  20251121  12.5  2.0  183P/Korlevic-Juric                                      MPEC 2025-W75
0184P         2028 03 23.9612  1.712152  0.549602  186.5893  173.2268    4.5689  20251121  13.5  4.0  184P/Lovas                                               MPEC 2025-W75
0185P         2023 07 12.7025  0.932316  0.699256  181.9240  214.1244   14.0064  20251121  15.0  4.0  185P/Petriew                                             MPEC 2025-W75
0186P         2029 08 20.8682  4.262021  0.123287  268.0437  325.7721   28.6937  20251121   7.5  4.0  186P/Garradd                                             MPEC 2025-W75
0187P         2028 02  5.6040  3.834675  0.156565  131.9561  109.8483   13.6692  20251121   9.0  4.0  187P/LINEAR                                              MPEC 2025-W75
0188P         2026 04 13.3164  2.546086  0.416548   26.8474  358.9107   10.5257  20251121  11.5  4.0  188P/LINEAR-Mueller                                      MPEC 2025-XC7
0189P         2027 09 12.6553  1.200253  0.591480   16.2060  281.6815   20.1216  20251121  19.0  4.0  189P/NEAT                                                MPEC 2025-W75
0190P         2024 12 24.1321  2.017905  0.523090   50.5405  335.4246    2.1765  20251121  13.0  4.0  190P/Mueller                                             MPEC 2025-W75
0191P         2028 02 29.8576  2.239643  0.384939  284.2627   98.1778    8.8396  20251121  13.0  4.0  191P/McNaught                                            MPEC 2025-W75
0192P         2024 05 24.4432  1.461583  0.773293  313.0233   51.5422   24.5766  20251121  15.0  4.0  192P/Shoemaker-Levy                                      MPEC 2025-W75
0193P         2028 06  1.4426  2.175009  0.392468    8.0991  335.1828   10.6778  20251121  14.0  4.0  193P/LINEAR-NEAT                                         MPEC 2025-W75
0194P         2024 02  4.3773  1.800313  0.563413  128.6474  349.4984   11.8031  20251121  16.0  4.0  194P/LINEAR                                              MPEC 2025-W75
0195P         2025 08  6.0002  4.440607  0.310543  250.6538  243.0897   36.4150  20251121   8.5  4.0  195P/Hill                                                MPEC 2025-YF1
0196P         2022 10 28.9875  2.180142  0.427316   12.1478   24.1256   19.2913  20251121  13.5  4.0  196P/Tichy                                               MPEC 2025-W75
0197P         2027 11 21.8976  1.113335  0.617534  189.9909   66.1281   25.2054  20251121  16.5  2.0  197P/LINEAR                                              MPEC 2025-W75
0198P         2025 11 21.1237  2.004886  0.447784   69.2772  358.3301    1.3393  20251121  12.5  4.0  198P/ODAS                                                MPEC 2025-WD0
0199P         2023 08  7.1479  2.910981  0.504225  191.7454   92.3426   24.9396  20251121  10.0  4.0  199P/Shoemaker                                           MPEC 2025-W75
0200P         2030 08  6.8258  3.315354  0.330842  134.4538  234.7302   12.0967  20251121   9.0  4.0  200P/Larsen                                              MPEC 2025-W75
0201P         2027 07 20.2697  1.216189  0.637446   41.6533   19.6797    5.7335  20251121  14.0  4.0  201P/LONEOS                                              MPEC 2025-W75
0202P         2024 05 17.3605  3.070442  0.250994  274.5208  177.3002    2.1417  20251121  13.5  4.0  202P/Scotti                                              MPEC 2025-W75
0203P         2030 04  9.2958  3.191455  0.316367  154.9654  290.2201    2.9762  20251121  14.5  2.0  203P/Korlevic                                            MPEC 2025-W75
0204P         2022 11 17.4612  1.834069  0.488309  356.7431  108.4721    6.5984  20251121  14.0  4.0  204P/LINEAR-NEAT                                         MPEC 2025-W75
0205P         2028 09 13.3978  1.533759  0.567143  154.1387  179.6246   15.2996  20251121  13.0  4.0  205P/Giacobini                                           MPEC 2025-W75
0206P         2027 09 14.2743  1.570260  0.550424  189.5624  202.3148   33.6341  20251121  19.0  4.0  206P/Barnard-Boattini                                    MPEC 2025-WD0
0207P         2024 01 31.9229  0.938490  0.758543  273.0529  198.1212   10.1973  20251121  16.0  4.0  207P/NEAT                                                MPEC 2025-W75
0208P         2024 08 24.8488  2.531261  0.374578  310.9882   36.2877    4.4070  20251121  12.5  4.0  208P/McMillan                                            MPEC 2025-W75
0209P         2024 07 14.5024  0.963816  0.674098  152.4751   62.7577   21.2844  20251121  17.0  2.0  209P/LINEAR                                              MPEC 2025-W75
0210P         2025 11 22.7267  0.524417  0.834075  345.9496   93.7968   10.2873  20251121  13.5  4.0  210P/Christensen                                         MPEC 2025-YF1
0211P         2022 10  5.4355  2.325985  0.344570    4.3665  117.1001   18.9262  20251121  12.5  4.0  211P/Hill                                                MPEC 2025-W75
0212P         2024 04 25.1874  1.613210  0.586768   14.0781   97.9711   22.1494  20251121  17.0  2.0  212P/NEAT                                                MPEC 2025-W75
0213P         2023 11 16.6208  1.977297  0.411822    7.1502  310.5594   10.5404  20251121  10.5  4.0  213P/VanNess                                             MPEC 2025-W75
0213P      b  2023 11 12.8867  1.982139  0.409265    6.3923  310.9895   10.4105  20250505  17.0  4.0  213P-B/Van Ness                                          MPEC 2025-GB9
0213P      c  2023 11 10.9493  1.980261  0.408084  311.3078    5.7216   10.3785  20230225  17.5  4.0  213P-C/Van Ness                                          MPC 76570
0213P      d  2011 06 18.2957  2.130159  0.375028    4.1428  312.6950   10.2589            17.5  4.0  213P-D/Van Ness                                          MPC 76571
0214P         2022 09 26.6383  1.856935  0.486466  190.1069  348.2248   15.1946  20251121  13.0  4.0  214P/LINEAR                                              MPEC 2025-W75
0215P         2028 11 23.8785  3.621767  0.164850  262.1748   56.6807   10.5760  20251121  11.0  4.0  215P/NEAT                                                MPEC 2025-W75
0216P         2024 01  7.0853  2.126747  0.449110  151.7867  359.7700    9.0620  20251121  13.0  4.0  216P/LINEAR                                              MPEC 2025-W75
0217P         2025 05 24.9636  1.226305  0.689282  247.0438  125.3682   12.8668  20251121  12.0  4.0  217P/LINEAR                                              MPEC 2025-YF1
0218P         2026 03  4.3060  1.129399  0.630893   61.4120  174.7143    2.7267  20251121  16.0  4.0  218P/LINEAR                                              MPEC 2025-YF1
0219P         2024 02 16.5822  2.353058  0.357307  108.3992  230.5914   11.4634  20251121  11.0  4.0  219P/LINEAR                                              MPEC 2025-W75
0220P         2026 06 14.1375  1.559199  0.500362  180.5731  150.0862    8.1206  20251121  15.0  4.0  220P/McNaught                                            MPEC 2025-W75
0221P         2028 04  1.0736  1.609796  0.523807   44.9676  223.5578   10.4624  20251121  14.5  4.0  221P/LINEAR                                              MPEC 2025-W75
0222P         2024 05 12.8576  0.825595  0.714880  346.2853    6.7264    5.0993  20251121  20.0  4.0  222P/LINEAR                                              MPEC 2025-W75
0223P         2027 07 24.8546  2.427808  0.416141   37.9907  346.6941   27.0061  20251121  12.0  4.0  223P/Skiff                                               MPEC 2025-W75
0224P         2022 09 30.0966  2.049958  0.405402   16.8298   40.0394   13.2991  20251121  15.5  4.0  224P/LINEAR-NEAT                                         MPEC 2025-W75
0225P         2023 08  7.7152  1.320358  0.638019    3.9056   14.2138   21.3579  20251121  18.0  4.0  225P/LINEAR                                              MPEC 2025-W75
0226P         2023 12 26.9784  1.774626  0.528715  341.0398   54.0168   44.0434  20251121  12.5  4.0  226P/Pigott-LINEAR-Kowalski                              MPEC 2025-W75
0227P         2024 03  8.3998  1.623432  0.527782  105.6080   36.7927    7.5067  20251121  16.5  2.0  227P/Catalina-LINEAR                                     MPEC 2025-W75
0228P         2028 09  5.1628  3.422039  0.177626  114.8591   30.9506    7.9169  20251121  14.5  2.0  228P/LINEAR                                              MPEC 2025-W75
0229P         2025 03  5.9667  2.440652  0.378357  224.2852  157.8613   26.0977  20251121  13.0  4.0  229P/Gibbs                                               MPEC 2025-W75
0230P         2028 08 20.7477  1.571039  0.545326  313.5914  106.9238   15.4729  20251121  13.0  4.0  230P/LINEAR                                              MPEC 2025-W75
0231P         2027 08  3.6589  3.090080  0.239939   43.5122  132.7556   12.2746  20251121  14.5  2.0  231P/LINEAR-NEAT                                         MPEC 2025-W75
0232P         2028 09 20.6597  2.966544  0.336216   53.3446   55.9992   14.6429  20251121  11.5  4.0  232P/Hill                                                MPEC 2025-W75
0233P         2026 01  8.1089  1.776755  0.413133   26.9890   74.9199   11.2902  20251121  15.0  4.0  233P/LaSagra                                             MPEC 2025-YF1
0234P         2024 10 23.7650  2.820902  0.257426  357.4666  179.5583   11.5331  20251121  12.0  4.0  234P/LINEAR                                              MPEC 2025-W75
0235P         2025 12 22.6673  1.977917  0.425965  352.1942  200.1702    9.8132  20251121  12.0  4.0  235P/LINEAR                                              MPEC 2025-YF1
0236P         2025 02  3.9562  1.828120  0.509756  119.4709  245.5569   16.3480  20251121  14.0  4.0  236P/LINEAR                                              MPEC 2025-W75
0237P         2023 05 13.6670  1.999552  0.431800   25.5753  245.3576   14.0006  20251121  14.5  2.0  237P/LINEAR                                              MPEC 2025-W75
0238P         2028 01 24.2036  2.374710  0.250416  324.2520   51.6510    1.2636  20251121  14.5  4.0  238P/Read                                                MPEC 2025-W75
0239P         2028 06 17.6612  1.644180  0.631600  220.4100  255.9258   11.3056  20251121  17.5  2.0  239P/LINEAR                                              MPEC 2025-W75
0240P         2025 12 19.9454  2.121656  0.450490  352.0758   74.9117   23.5367  20251121  11.0  4.0  240P/NEAT                                                MPEC 2025-YF1
0240P      b  2025 12 19.9400  2.121556  0.450356  352.0540   74.9139   23.5322  20251121  15.5  4.0  240P-B/NEAT                                              MPEC 2025-YF1
0241P         2021 07 26.0889  1.922457  0.609939  111.6802  305.3658   21.0942  20251121  13.5  4.0  241P/LINEAR                                              MPEC 2025-W75
0242P         2024 12 23.5449  3.971930  0.282827  245.0536  180.1881   32.4283  20251121   8.0  4.0  242P/Spahr                                               MPEC 2025-YF1
0243P         2026 02 25.5899  2.447995  0.360153  283.7866   87.5760    7.6444  20251121  12.5  4.0  243P/NEAT                                                MPEC 2025-W75
0244P         2022 11 20.5438  3.926008  0.199739   93.5927  354.0024    2.2572  20251121   9.0  4.0  244P/Scotti                                              MPEC 2025-W75
0245P         2026 03 31.1484  2.205602  0.455905  316.7041  316.6669   21.1710  20251121  14.0  4.0  245P/WISE                                                MPEC 2025-W75
0246P         2029 10 28.9543  3.402452  0.213068  185.0725   74.0606   17.2922  20251121  10.5  4.0  246P/NEAT                                                MPEC 2025-W75
0247P         2026 10 25.9638  1.483712  0.625606   47.5089   54.0002   13.6590  20251121  16.5  2.0  247P/LINEAR                                              MPEC 2025-W75
0248P         2025 09 14.9450  2.157738  0.639600  209.9991  207.7913    6.3513  20251121  14.0  4.0  248P/Gibbs                                               MPEC 2025-YF1
0249P         2025 02  1.7587  0.499946  0.819438   65.8586  238.9728    8.3703  20251121  15.5  4.0  249P/LINEAR                                              MPEC 2025-W75
0250P         2025 05 16.7056  2.272348  0.398154   45.7029   73.3001   13.1518  20251121  14.5  4.0  250P/Larson                                              MPEC 2025-W75
0251P         2024 02 13.0652  1.741027  0.504165   31.1767  219.3367   23.3899  20251121  16.5  2.0  251P/LINEAR                                              MPEC 2025-W75
0252P         2026 11  7.7927  1.003502  0.671151  343.3711  190.9074   10.4207  20251121  17.5  4.0  252P/LINEAR                                              MPEC 2025-W75
0253P         2024 10 20.9929  2.024436  0.415612  230.7960  146.7982    4.9495  20251121  14.5  4.0  253P/PANSTARRS                                           MPEC 2025-W75
0254P         2030 09  3.4496  3.149854  0.318306  219.7015  129.1758   32.5363  20251121  11.0  4.0  254P/McNaught                                            MPEC 2025-W75
0255P         2027 09 25.0698  0.847196  0.712027  186.0343  275.6466   13.4267  20251121  20.0  4.0  255P/Levy                                                MPEC 2025-W75
0256P         2023 03 12.0068  2.696281  0.418171  124.0451   81.3172   27.6227  20251121  14.0  2.0  256P/LINEAR                                              MPEC 2025-W75
0257P         2028 01  1.6522  2.153058  0.428688  117.6990  207.7319   20.2137  20251121  11.5  4.0  257P/Catalina                                            MPEC 2025-W75
0258P         2029 08 28.7411  3.467364  0.209780   25.6451  126.2367    6.7512  20251121  13.0  4.0  258P/PANSTARRS                                           MPEC 2025-W75
0259P         2026 08 12.0000  1.805007  0.338747  257.3945   51.4358   15.8966  20251121  15.5  4.0  259P/Garradd                                             MPEC 2025-W75
0260P         2026 08  5.0056  1.417841  0.608719   18.5148  349.2760   15.0389  20251121  13.5  4.0  260P/McNaught                                            MPEC 2025-W75
0261P         2025 12 27.4118  2.014194  0.422681   67.3664  291.0504    6.0734  20251121  14.0  4.0  261P/Larson                                              MPEC 2025-YF1
0262P         2030 12 15.6400  1.265665  0.815759  171.0956  217.8568   29.2572  20251121  13.5  4.0  262P/McNaught-Russell                                    MPEC 2025-W75
0263P         2028 05 20.7214  1.233911  0.594189   35.0270  105.5040   11.5268  20251121  18.0  4.0  263P/Gibbs                                               MPEC 2025-W75
0264P         2027 03 22.8559  2.677347  0.337229  341.3774  219.0089   25.5473  20251121  13.0  4.0  264P/Larsen                                              MPEC 2025-W75
0265P         2029 11 26.4807  1.506474  0.646487   33.6043  342.8789   14.3325  20251121  14.5  4.0  265P/LINEAR                                              MPEC 2025-W75
0266P         2026 12  7.8660  2.326128  0.340667   97.8072    4.9827    3.4284  20251121  12.5  4.0  266P/Christensen                                         MPEC 2025-W75
0267P         2024 04 25.0918  1.232975  0.615409  114.2451  228.4332    6.1403  20251121  19.5  4.0  267P/LONEOS                                              MPEC 2025-W75
0268P         2024 12 18.5324  2.412945  0.474541    0.0371  125.6301   15.6613  20251121  14.0  4.0  268P/Bernardi                                            MPEC 2025-W75
0269P         2033 07 11.6379  3.996688  0.433669  225.7715  241.7536    7.0831  20251121  10.0  4.0  269P/Jedicke                                             MPEC 2025-W75
0270P         2030 08 17.0453  3.522289  0.470160  209.9482  223.0329    2.9248  20251121   8.0  4.0  270P/Gehrels                                             MPEC 2025-W75
0271P         2032 03 22.6837  4.250097  0.395669   36.6833    9.2267    6.8637  20251121  11.0  4.0  271P/vanHouten-Lemmon                                    MPEC 2025-W75
0272P         2022 07 17.7749  2.428995  0.455630   27.8980  109.4391   18.0835  20251121  16.0  2.0  272P/NEAT                                                MPEC 2025-W75
0273P         2012 12 22.8033  0.805470  0.974758   20.1049  320.3473  136.2178  20251121  11.5  4.0  273P/Pons-Gambart                                        MPEC 2025-WD0
0274P         2022 04  9.4607  2.450618  0.440321   38.5105   81.3163   15.8196  20251121  13.0  4.0  274P/Tombaugh-Tenagra                                    MPEC 2025-W75
0275P         2026 10 27.9401  1.659078  0.713909  173.8425  348.7230   21.2496  20251121  15.0  4.0  275P/Hermann                                             MPEC 2025-W75
0276P         2024 12 11.9669  3.898508  0.275681  199.6551  211.0641   14.7415  20251121  11.5  4.0  276P/Vorobjov                                            MPEC 2025-YF1
0277P         2028 07 26.0654  1.902377  0.506329  152.4491  276.2596   16.7933  20251121  14.0  4.0  277P/LINEAR                                              MPEC 2025-W75
0278P         2027 09 14.8352  1.976342  0.454410  242.5895   11.1379    6.6292  20251121  14.0  4.0  278P/McNaught                                            MPEC 2025-W75
0279P         2023 04 18.6211  2.141597  0.399607    5.5888  346.0937    5.0543  20251121  14.0  4.0  279P/LaSagra                                             MPEC 2025-W75
0280P         2023 08  4.3674  2.637405  0.416933  104.6006  131.3787   11.7755  20251121  12.5  4.0  280P/Larsen                                              MPEC 2025-W75
0281P         2023 02  4.9052  4.037947  0.173935   27.1034   87.1670    4.7176  20251121  11.0  4.0  281P/MOSS                                                MPEC 2025-W75
0283P         2030 01 31.5617  2.126261  0.485280   22.1464  161.1266   14.4707  20251121  16.0  2.0  283P/Spacewatch                                          MPEC 2025-W75
0284P         2028 10  1.6481  2.302747  0.374161  202.4472  144.2606   11.8519  20251121  13.0  4.0  284P/McNaught                                            MPEC 2025-W75
0285P         2023 01 11.5741  1.721250  0.617930  178.3768  185.5170   25.0303  20251121  15.0  4.0  285P/LINEAR                                              MPEC 2025-W75
0286P         2022 05 14.0835  2.294706  0.435135   23.5906  283.5830   17.2485  20251121  14.0  4.0  286P/Christensen                                         MPEC 2025-W75
0287P         2023 07 13.4858  3.058623  0.272167  191.4616  138.3957   16.4124  20251121  13.5  4.0  287P/Christensen                                         MPEC 2025-W75
0288P         2022 03  1.6433  2.437009  0.200510  280.2196   83.1097    3.2385  20230225  16.0  2.0  288P                                                     MPC133426
0289P         2025 04 14.3125  0.954403  0.686421    9.8781   68.8908    5.9002  20251121  19.0  4.0  289P/Blanpain                                            MPEC 2025-W75
0290P         2029 07 22.5141  2.311185  0.628035  181.8975  302.6462   20.0128  20251121  10.5  4.0  290P/Jager                                               MPEC 2025-W75
0291P         2023 05  3.8952  2.568535  0.433700  173.5822  237.6652    6.3093  20251121  13.0  4.0  291P/NEAT                                                MPEC 2025-W75
0292P         2029 03  3.9636  2.500372  0.589770  319.6706   90.8953   24.3223  20251121  12.5  4.0  292P/Li                                                  MPEC 2025-W75
0293P         2027 11 29.0444  2.110748  0.419647   40.9786   78.3922    9.0618  20251121  14.5  4.0  293P/Spacewatch                                          MPEC 2025-W75
0294P         2025 08 11.1966  1.273054  0.600984  237.5896  309.5992   17.7430  20251121  15.5  4.0  294P/LINEAR                                              MPEC 2025-W75
0295P         2026 07 22.7551  2.025729  0.617585   73.0614    7.3780   21.0872  20251121  12.0  4.0  295P/LINEAR                                              MPEC 2025-YF1
0296P         2027 03 20.3615  1.777968  0.486919  350.4889  263.4918   25.3520  20251121  14.0  4.0  296P/Garradd                                             MPEC 2025-W75
0297P         2027 10 26.2812  2.576506  0.278814  144.8671   90.0456   11.3163  20251121  15.0  4.0  297P/Beshore                                             MPEC 2025-W75
0298P         2027 06 24.6634  2.199054  0.387080  100.6346   52.7824    7.8730  20251121  15.0  4.0  298P/Christensen                                         MPEC 2025-W75
0299P         2024 04 29.8559  3.155130  0.280965  323.5792  271.5786   10.4687  20251121  11.5  4.0  299P/Catalina-PANSTARRS                                  MPEC 2025-W75
0300P         2027 09 13.8209  0.829288  0.692390  222.8740   95.6189    5.6763  20251121  16.0  4.0  300P/Catalina                                            MPEC 2025-W75
0301P         2028 05 16.8149  2.379560  0.586424  193.3592  351.1200   10.3255  20251121  13.0  4.0  301P/LINEAR-NEAT                                         MPEC 2025-W75
0302P         2025 03  9.2928  3.288600  0.229123  208.6075  121.7171    6.0356  20251121  12.5  4.0  302P/Lemmon-PANSTARRS                                    MPEC 2025-YF1
0303P         2026 02 19.9285  2.468302  0.510116  357.0580  347.9064    7.0165  20251121  13.5  4.0  303P/NEAT                                                MPEC 2025-W75
0304P         2026 03 18.2014  1.257176  0.600783  335.3217   58.9018    2.6065  20251121  16.5  4.0  304P/Ory                                                 MPEC 2025-W75
0305P         2024 11 17.1062  1.417511  0.694033  147.3803  240.0819   11.6699  20251121  18.0  4.0  305P/Skiff                                               MPEC 2025-W75
0306P         2025 08  1.6470  1.272986  0.592510    0.9146  341.3390    8.3017  20251121  19.0  4.0  306P/LINEAR                                              MPEC 2025-X35
0307P         2028 12  6.1077  1.882315  0.674959  222.3058  158.0569    4.4309  20251121  15.0  4.0  307P/LINEAR                                              MPEC 2025-W75
0308P         2032 05  1.6594  4.199986  0.363862  333.8262   63.0376    4.8536  20251121  13.0  2.0  308P/Lagerkvist-Carsenty                                 MPEC 2025-W75
0309P         2024 03 28.9072  1.670758  0.618123   49.9325   10.1387   17.0172  20251121  15.0  4.0  309P/LINEAR                                              MPEC 2025-W75
0310P         2023 10 23.0074  2.416725  0.421937   31.5146    8.8841   13.1197  20251121  13.5  4.0  310P/Hill                                                MPEC 2025-W75
0311P         2027 03 29.7639  1.936228  0.115410  144.3184  279.1681    4.9713  20251121  17.0  4.0  311P/PANSTARRS                                           MPEC 2025-W75
0312P         2027 03 15.5249  1.991527  0.426555  207.6864  144.6280   19.7455  20251121  16.0  4.0  312P/NEAT                                                MPEC 2025-W75
0313P         2025 12  2.7845  2.421585  0.234310  254.9982  105.9254   10.9811  20251121  15.0  4.0  313P/Gibbs                                               MPEC 2025-XC7
0314P         2016 10 15.1458  4.213060  0.418761  213.8877  267.6220    3.9919  20251121   9.5  4.0  314P/Montani                                             MPEC 2025-W75
0315P         2027 11 16.4671  2.357782  0.522226   65.9586   68.6248   17.7369  20251121  11.0  4.0  315P/LONEOS                                              MPEC 2025-WD0
0316P         2024 09 30.5897  3.714895  0.155438  186.5082  245.8265    9.8663  20251121  13.5  4.0  316P/LONEOS-Christensen                                  MPEC 2025-W75
0317P         2025 10 30.8555  1.266613  0.572075  334.8855  275.4724   11.9747  20251121  17.5  4.0  317P/WISE                                                MPEC 2025-W75
0318P         2015 10 20.8604  2.458758  0.672885  313.3384   35.5670   17.8732  20251121   8.5  6.0  318P/McNaught-Hartley                                    MPEC 2025-W75
0319P         2028 12 18.7613  1.187031  0.666742  203.5713  111.3682   15.0985  20251121  15.0  4.0  319P/Catalina-McNaught                                   MPEC 2025-W75
0320P         2026 06 27.8242  0.975350  0.684983    0.7510  295.9475    4.9009  20251121  20.5  4.0  320P/McNaught                                            MPEC 2025-W75
0321P         2023 10 26.6021  0.045847  0.981079  172.7517  165.0129   20.0870  20230225  20.0  4.0  321P/SOHO                                                MPC105243
0322P         2027 08 11.5543  0.050523  0.979861   56.9966  351.4138   11.4389  20251121  19.0  4.0  322P/SOHO                                                MPEC 2025-W75
0323P         2025 03 14.2314  0.040117  0.983717  353.3196  323.9591    5.2458  20251121  20.0  4.0  323P/SOHO                                                MPEC 2025-W75
0323P      b  2025 12 16.3240  0.040025  0.986146  353.9756  323.4582    5.4670  20240331  26.0  4.0  323P-B/SOHO                                              MPEC 2024-F21
0323P      c  2025 04  7.1172  0.039740  0.984777  353.2116  324.1982    5.3438  20240331  27.0  4.0  323P-C/SOHO                                              MPEC 2024-F21
0324P         2026 10 14.5973  2.624498  0.152743   57.3669  270.5689   21.3992  20251121  13.0  4.0  324P/LaSagra                                             MPEC 2025-W75
0325P         2028 11 29.6125  1.467636  0.586664  344.8774  256.8632   16.8402  20251121  14.0  4.0  325P/Yang-Gao                                            MPEC 2025-W75
0326P         2023 12 27.6733  2.756849  0.320707  277.8359   99.7603    2.4737  20251121  13.5  4.0  326P/Hill                                                MPEC 2025-W75
0327P         2022 09  1.5848  1.559343  0.562384  185.0331  173.9988   36.2250  20251121  16.0  4.0  327P/VanNess                                             MPEC 2025-W75
0328P         2024 07 27.8814  1.870275  0.553285   30.6279  341.5037   17.6967  20251121  14.5  4.0  328P/LONEOS-Tucker                                       MPEC 2025-W75
0329P         2027 09 25.7353  1.663938  0.678825  343.6507   87.6547   21.7296  20251121  13.5  4.0  329P/LINEAR-Catalina                                     MPEC 2025-W75
0330P         2033 09  5.6083  2.971320  0.550765  188.8519  293.0853   15.7421  20251121  12.0  4.0  330P/Catalina                                            MPEC 2025-W75
0331P         2025 12 25.3483  2.878395  0.041420  185.7546  216.7418    9.7410  20251121  12.0  4.0  331P/Gibbs                                               MPEC 2025-YF1
0332P         2021 08 18.2949  1.576824  0.489303  152.3122    3.7703    9.3804  20230225  18.0  4.0  332P/Ikeya-Murakami                                      MPEC 2016-K18
0332P      a  2021 08 18.2949  1.576824  0.489303    3.7703  152.3122    9.3804  20230225  18.0  4.0  332P-A/Ikeya-Murakami                                    MPEC 2016-K18
0332P      b  2016 03 17.1650  1.572891  0.489707  152.3711    3.8028    9.3805            19.0  4.0  332P-B/Ikeya-Murakami                                    MPEC 2016-EI8
0332P      c  2021 08 18.2169  1.576790  0.489309    3.7707  152.3035    9.3795  20230225  16.5  4.0  332P-C/Ikeya-Murakami                                    MPEC 2016-K18
0332P      d  2016 03 17.2819  1.572064  0.489778  152.4393    3.7923    9.3761            19.0  4.0  332P-D/Ikeya-Murakami                                    MPEC 2016-ED0
0332P      e  2016 03 17.0610  1.573139  0.489220  152.2825    3.8228    9.3774            21.0  4.0  332P-E/Ikeya-Murakami                                    MPEC 2016-ED0
0332P      f  2016 03 17.8554  1.584174  0.499189  152.8203    3.4757    9.5293            21.0  4.0  332P-F/Ikeya-Murakami                                    MPEC 2016-ED0
0332P      g  2016 03 19.5375  1.549652  0.492004  154.4000    3.6955    9.2523            19.0  4.0  332P-G/Ikeya-Murakami                                    MPEC 2016-ED0
0332P      h  2021 08 18.5753  1.576774  0.489344    3.7705  152.3042    9.3800  20230225  19.0  4.0  332P-H/Ikeya-Murakami                                    MPC100285
0332P      i  2016 03 17.3515  1.573073  0.489555  152.3297    3.8048    9.3791            20.5  2.0  332P-I/Ikeya-Murakami                                    MPEC 2016-ED0
0332P      j  2016 03 17.7739  1.575357  0.494294  152.7712    3.6729    9.4296            22.5  2.0  332P-J/Ikeya-Murakami                                    MPEC 2016-EI8
0333P         2024 11 29.3070  1.113226  0.736300   26.0329  115.7054  132.0239  20251121  15.0  4.0  333P/LINEAR                                              MPEC 2025-W75
0334P         2017 06  5.3365  4.418851  0.352322   90.1068   90.3083   20.3623  20251121  10.5  4.0  334P/NEAT                                                MPEC 2025-W75
0335P         2022 08 12.8076  1.620378  0.547000  162.3339  330.7861    7.2993  20251121  17.0  4.0  335P/Gibbs                                               MPEC 2025-W75
0336P         2028 05 12.2992  2.769720  0.448852  308.9269  298.2170   17.9278  20251121  13.5  4.0  336P/McNaught                                            MPEC 2025-W75
0337P         2028 08 25.6371  1.803497  0.466364  166.4054  101.9766   17.1471  20251121  17.0  4.0  337P/WISE                                                MPEC 2025-W75
0338P         2024 08  3.2223  2.286466  0.412865    4.6335    9.6822   25.3820  20251121  12.0  4.0  338P/McNaught                                            MPEC 2025-W75
0339P         2023 08 31.0968  1.346194  0.635973   27.4073  172.7130    5.7378  20251121  17.0  4.0  339P/Gibbs                                               MPEC 2025-W75
0340P         2025 08 29.1901  3.058092  0.279728   36.1052  291.5983    2.0789  20251121  13.0  4.0  340P/Boattini                                            MPEC 2025-W75
0341P         2025 04 22.7268  2.506520  0.414941  312.3703   29.9522    3.7965  20251121  12.5  4.0  341P/Gibbs                                               MPEC 2025-W75
0342P         2021 10 19.2828  0.052292  0.982806   27.6840   73.2777   11.6757  20230225  20.0  4.0  342P/SOHO                                                MPC101101
0343P         2029 11  5.0840  2.267346  0.584607  137.6061  257.0560    5.5972  20251121  14.0  4.0  343P/NEAT-LONEOS                                         MPEC 2025-W75
0344P         2027 07 24.9803  2.797438  0.423656  140.6501  273.1006    3.4996  20251121  13.0  4.0  344P/Read                                                MPEC 2025-W75
0345P         2024 08 31.7952  3.141110  0.221541  196.9379  154.4869    2.7279  20251121  12.0  4.0  345P/LINEAR                                              MPEC 2025-W75
0346P         2026 08  1.3072  2.216041  0.503864  336.1011  102.4573   22.2193  20251121  14.0  4.0  346P/Catalina                                            MPEC 2025-W75
0347P         2023 07 19.1092  2.205545  0.387111   98.0395  260.9837   11.7652  20251121  15.0  4.0  347P/PANSTARRS                                           MPEC 2025-W75
0348P         2027 09 19.2192  2.182185  0.307522  135.8242  312.8883   17.7443  20251121  14.0  4.0  348P/PANSTARRS                                           MPEC 2025-W75
0349P         2024 05 26.8752  2.509024  0.298649  255.7154  331.7384    5.4897  20251121  14.0  4.0  349P/Lemmon                                              MPEC 2025-W75
0350P         2026 03 17.4157  3.694303  0.094841  140.0583   65.2959    7.3654  20251121  14.0  4.0  350P/McNaught                                            MPEC 2025-W75
0351P         2025 03 26.0457  3.131686  0.294644  352.5398  283.3838   12.7783  20251121  12.5  4.0  351P/Wiegert-PANSTARRS                                   MPEC 2025-XC7
0352P         2017 06 17.0564  2.558452  0.615661  309.3432   28.0689   20.9987  20251121  11.5  4.0  352P/Skiff                                               MPEC 2025-W75
0353P         2026 07  1.4110  2.211703  0.469676  230.5319  121.4571   28.4101  20251121  14.5  4.0  353P/McNaught                                            MPEC 2025-W75
0354P         2027 04  2.4390  2.005203  0.124457  132.9970  320.0557    5.2511  20251121  15.5  4.0  354P/LINEAR                                              MPEC 2025-W75
0355P         2024 04  1.1640  1.705972  0.507887  336.2490   51.4217   11.0461  20251121  15.5  2.0  355P/LINEAR-NEAT                                         MPEC 2025-W75
0356P         2026 06 12.4240  2.674474  0.355727  226.2885  160.7448    9.6398  20251121  14.0  4.0  356P/WISE                                                MPEC 2025-W75
0357P         2027 10 29.8067  2.512674  0.435916    1.5515   44.5369    6.3135  20251121  15.5  4.0  357P/Hill                                                MPEC 2025-W75
0358P         2023 11  9.3374  2.392312  0.239431  299.3028   85.6656   11.0667  20251121  18.0  4.0  358P/PANSTARRS                                           MPEC 2025-W75
0359P         2027 08 24.4055  3.143302  0.322997  200.3072  149.6914   10.2589  20251121  13.5  4.0  359P/LONEOS                                              MPEC 2025-W75
0360P         2024 10  3.9087  1.851393  0.499630  354.3953    2.0836   24.1105  20251121  19.5  6.0  360P/WISE                                                MPEC 2025-W75
0361P         2029 06 21.9624  2.765091  0.439440  219.1626  203.2140   13.8958  20251121  12.0  4.0  361P/Spacewatch                                          MPEC 2025-W75
0363P         2024 11 13.2576  1.721206  0.518613  340.7860  146.7526    5.3938  20251121  17.5  4.0  363P/Lemmon                                              MPEC 2025-W75
0364P         2028 04 21.3820  0.823850  0.716227  212.9486   45.6969   11.8392  20251121  17.0  2.0  364P/PANSTARRS                                           MPEC 2025-W75
0365P         2023 10  9.6334  1.319994  0.581795   67.7642   86.3005    9.8448  20251121  17.0  4.0  365P/PANSTARRS                                           MPEC 2025-W75
0366P         2025 01 30.8379  2.279863  0.348674  152.9364   70.7586    8.8561  20251121  15.0  4.0  366P/Spacewatch                                          MPEC 2025-W75
0367P         2025 01 11.4597  2.527697  0.280179  172.6109   58.7108    8.4580  20251121  17.5  2.0  367P/Catalina                                            MPEC 2025-W75
0368P         2031 09 24.4800  2.074387  0.625308  119.0614  257.7796   15.4873  20251121  14.0  4.0  368P/NEAT                                                MPEC 2025-W75
0369P         2027 12 19.0862  1.944576  0.555834   13.2672   47.2702   10.3206  20251121  15.0  4.0  369P/Hill                                                MPEC 2025-W75
0370P         2018 06 12.6049  2.480761  0.614882  356.8230   55.0662   19.4204  20251121  13.0  4.0  370P/NEAT                                                MPEC 2025-W75
0371P         2027 04 26.0978  2.188785  0.476433  308.6215   67.2245   17.3886  20251121  16.0  4.0  371P/LINEAR-Skiff                                        MPEC 2025-W75
0372P         2028 05 23.9181  3.831815  0.151060   27.6819  325.7613    9.4988  20251121  13.5  4.0  372P/McNaught                                            MPEC 2025-W75
0373P         2026 09  5.0097  2.301175  0.393830  221.1479  231.9490   13.7723  20251121  14.5  4.0  373P/Rinner                                              MPEC 2025-W75
0374P         2030 02 14.7725  2.667248  0.463487   51.6298    7.8364   10.7557  20251121  14.0  4.0  374P/Larson                                              MPEC 2025-W75
0375P         2032 01 14.8417  1.883156  0.660386  119.4892  359.8055   17.3792  20251121  16.0  4.0  375P/Hill                                                MPEC 2025-W75
0376P         2019 09 12.4394  2.797272  0.513871  285.3061  312.8542    1.1662  20251121  12.5  4.0  376P/LONEOS                                              MPEC 2025-W75
0377P         2020 07 10.1154  5.008964  0.251726  354.9543  225.8588    9.0404  20251121   9.5  4.0  377P/Scotti                                              MPEC 2025-W75
0378P         2020 10  4.6255  3.376176  0.462903  193.2621   93.7921   19.1588  20251121  12.0  4.0  378P/McNaught                                            MPEC 2025-YF1
0379P         2026 02 22.8608  2.264644  0.349973   31.6043  183.5095   12.4299  20251121  15.0  4.0  379P/Spacewatch                                          MPEC 2025-W75
0380P         2028 08  7.7560  2.969071  0.332967   87.4654  127.6469    8.0399  20251121  12.5  4.0  380P/PANSTARRS                                           MPEC 2025-W75
0381P         2019 09 24.2377  2.284549  0.680272  173.3407  173.8297   28.3263  20251121  17.5  2.0  381P/LINEAR-Spacewatch                                   MPEC 2025-W75
0382P         2021 10 22.8096  4.338646  0.262739  162.7571  169.5460    8.2978  20251121   8.0  4.0  382P/Larson                                              MPEC 2025-W75
0383P         2026 07  2.6019  1.425401  0.598416  133.7439  207.8206   12.3206  20251121  18.0  4.0  383P/Christensen                                         MPEC 2025-W75
0384P         2024 09 19.0851  1.111928  0.616196   37.6966  354.1875    7.2841  20251121  19.5  4.0  384P/Kowalski                                            MPEC 2025-W75
0385P         2028 08  5.0933  2.566188  0.401711   44.5115  356.9909   16.8166  20251121  13.0  4.0  385P/Hill                                                MPEC 2025-W75
0386P         2028 10 13.7303  2.357536  0.417656  353.1248  134.9173   15.2486  20251121  14.5  4.0  386P/PANSTARRS                                           MPEC 2025-W75
0387P         2030 03 13.5844  1.262486  0.736852  162.8887  259.2099    8.9430  20251121  15.0  4.0  387P/Boattini                                            MPEC 2025-W75
0388P         2031 07 26.6305  1.995173  0.619309   42.3819   37.0094   23.8703  20251121  13.0  4.0  388P/Gibbs                                               MPEC 2025-W75
0389P         2019 12 31.3273  1.655254  0.705941  249.2899  218.8325  160.0762  20251121  16.0  4.0  389P/SidingSpring                                        MPEC 2025-W75
0390P         2020 03 21.9051  1.708600  0.706372  232.5854  152.1824   18.5157  20251121  12.0  4.0  390P/Gibbs                                               MPEC 2025-W75
0391P         2028 05 10.1411  4.137549  0.118328  186.8532  124.7084   21.2514  20251121   8.0  4.0  391P/Kowalski                                            MPEC 2025-W75
0392P         2020 04  3.3635  1.941704  0.683929   71.9899   24.7934    4.9256  20251121  14.5  4.0  392P/LINEAR                                              MPEC 2025-W75
0393P         2030 05  7.3903  4.231455  0.118790  329.1598   36.4042   16.7808  20251121  11.0  4.0  393P/Spacewatch-Hill                                     MPEC 2025-W75
0394P         2028 11 29.9858  2.730935  0.368620   54.4971   98.0902    8.5277  20251121  16.0  2.4  394P/PANSTARRS                                           MPEC 2025-W75
0395P         2022 02 19.6251  4.246068  0.410543  100.7877  220.9384    3.5670  20251121  10.0  4.0  395P/Catalina-NEAT                                       MPEC 2025-W75
0396P         2019 08 30.0086  3.961859  0.417233    8.3196  136.6024    5.4439  20251121  12.0  4.0  396P/Leonard                                             MPEC 2025-W75
0397P         2027 12 21.3458  2.282648  0.404407   14.6245    8.1655   10.9177  20251121  12.0  4.0  397P/Lemmon                                              MPEC 2025-W75
0398P         2026 07  7.9438  1.300187  0.583775  320.2966  127.4068   11.0283  20251121  15.5  4.0  398P/Boattini                                            MPEC 2025-W75
0399P         2028 10 12.8201  2.097324  0.447167  214.4716  207.1058   13.3139  20251121  14.0  4.0  399P/PANSTARRS                                           MPEC 2025-W75
0400P         2027 11  3.1754  2.103264  0.409505  238.9772  176.3339   10.9251  20251121  15.5  2.8  400P/PANSTARRS                                           MPEC 2025-W75
0401P         2019 12  1.9037  2.435859  0.578274  309.3190  359.9153   12.8013  20251121  12.5  4.0  401P/McNaught                                            MPEC 2025-W75
0402P         2021 12 16.2247  3.945023  0.439957  327.0550  123.0356   30.8289  20251121   8.0  4.0  402P/LINEAR                                              MPEC 2025-W75
0403P         2020 09 18.0785  2.694191  0.504150  277.8339  163.7168   12.3136  20251121  12.0  4.0  403P/Catalina                                            MPEC 2025-W75
0404P         2023 10 30.5229  4.132285  0.123866  168.8609  260.0361    9.8038  20251121  10.0  4.0  404P/Bressi                                              MPEC 2025-W75
0405P         2027 10 29.5544  1.115997  0.690285  112.3055    3.2065    9.3737  20251121  17.5  4.0  405P/Lemmon                                              MPEC 2025-W75
0406P         2027 06 24.9800  1.643659  0.540868  352.4377   11.4970    1.2100  20251121  17.0  4.0  406P/Gibbs                                               MPEC 2025-W75
0407P         2026 07 25.4231  2.182997  0.375491   92.9854   80.2430    4.8733  20251121  14.0  4.0  407P/PANSTARRS-Fuls                                      MPEC 2025-W75
0408P         2022 10  6.0193  3.473560  0.268221  226.7297  189.4520   19.3487  20251121  11.0  4.0  408P/Novichonok-Gerke                                    MPEC 2025-W75
0409P         2021 01 29.0411  1.746960  0.710408   15.0392  143.6393   17.1541  20251121  14.0  4.0  409P/LONEOS-Hill                                         MPEC 2025-W75
0410P         2021 06 24.9129  3.250443  0.511658  313.3490  139.8950    9.3887  20251121  12.5  4.0  410P/NEAT-LINEAR                                         MPEC 2025-W75
0411P         2021 01 26.1589  2.429887  0.581920   46.5847   77.6484   12.3875  20251121  13.5  4.0  411P/Christensen                                         MPEC 2025-W75
0412P         2026 05 30.5763  1.621423  0.479116  155.8311    0.8315    8.9283  20251121  17.0  4.0  412P/WISE                                                MPEC 2025-W75
0413P         2028 10  3.1601  2.176821  0.417483  186.6927   38.9406   15.9533  20251121  14.0  4.0  413P/Larson                                              MPEC 2025-W75
0414P         2025 09 26.3140  0.524157  0.812286  210.7103  257.8150   23.4068  20251121  19.0  4.0  414P/STEREO                                              MPEC 2025-W75
0415P         2029 06 13.6661  3.303626  0.195705  345.9142  160.2574   31.8145  20251121  12.0  4.0  415P/Tenagra                                             MPEC 2025-W75
0416P         2029 02 23.8326  2.180671  0.455632  134.4769  355.7237    3.3641  20251121  15.5  4.0  416P/Scotti                                              MPEC 2025-W75
0417P         2027 05 20.2465  1.566150  0.537325  142.1307   95.2746   11.3572  20251121  16.5  4.0  417P/NEOWISE                                             MPEC 2025-W75
0418P         2021 10 16.3903  1.709123  0.664101  307.6564  277.2668    5.7863  20251121  13.0  4.0  418P/LINEAR                                              MPEC 2025-W75
0419P         2028 06 15.7635  2.572474  0.272719  187.7623   40.3832    2.7923  20251121  12.5  4.0  419P/PANSTARRS                                           MPEC 2025-W75
0420P         2022 05 16.9404  2.764777  0.494955  156.3990  173.3956   14.5187  20251121  11.5  4.0  420P/Hill                                                MPEC 2025-W75
0421P         2021 01 22.7921  1.652209  0.674377  259.8423   55.3183   10.0750  20251121  14.0  4.0  421P/McNaught                                            MPEC 2025-W75
0422P         2022 01 10.1504  3.101971  0.505455  304.7376   36.0092   39.5800  20251121  11.0  4.0  422P/Christensen                                         MPEC 2025-W75
0423P         2021 09 28.4958  5.424863  0.122804   81.0844   33.3007    8.3410  20251121   8.0  4.0  423P/Lemmon                                              MPEC 2025-W75
0424P         2021 10 30.4821  1.370043  0.690142  312.5792   51.1894    8.6824  20251121  17.0  4.0  424P/LaSagra                                             MPEC 2025-W75
0425P         2021 09 20.7725  2.900352  0.543499  201.0170  210.0911   16.4095  20251121  12.0  4.0  425P/Kowalski                                            MPEC 2025-W75
0426P         2023 09 10.1875  2.673347  0.160917  118.3907  280.3956   17.7840  20251121  13.5  4.0  426P/PANSTARRS                                           MPEC 2025-W75
0427P         2023 03 18.2041  2.166516  0.315177   99.6287  252.3263   11.8650  20251121  14.0  4.0  427P/ATLAS                                               MPEC 2025-X35
0428P         2027 11 17.9706  1.681392  0.518097   36.8826  299.3064    8.5025  20251121  15.0  4.0  428P/Gibbs                                               MPEC 2025-W75
0429P         2028 09 16.6121  1.811409  0.490648   75.7508  322.0018    7.5140  20251121  15.5  4.0  429P/LINEAR-Hill                                         MPEC 2025-W75
0430P         2027 05 22.4136  1.550041  0.500435   94.4736   54.6394    4.4760  20251121  16.5  4.0  430P/Scotti                                              MPEC 2025-W75
0431P         2028 08  8.9335  1.818038  0.477181  200.0122  202.8321   22.3756  20251121  14.0  4.0  431P/Scotti                                              MPEC 2025-W75
0432P         2026 12 15.3906  2.307156  0.240745  105.2410  239.1310   10.0672  20251121  17.0  4.0  432P/PANSTARRS                                           MPEC 2025-W75
0434P         2021 10 27.0347  3.002794  0.274111  128.4748  288.9094    6.3365  20251121  13.0  4.0  434P/Tenagra                                             MPEC 2025-W75
0435P         2026 10 26.6351  2.062587  0.317478  244.1865   98.5235   18.8747  20251121  17.0  4.0  435P/PANSTARRS                                           MPEC 2025-W75
0436P         2021 12  7.3973  1.966180  0.668830  282.7689   87.1570   20.1993  20251121  14.5  4.0  436P/Garradd                                             MPEC 2025-W75
0437P         2022 08 20.5033  3.404819  0.254969  207.1145  245.8418    3.6887  20251121  13.0  4.0  437P/Lemmon-PANSTARRS                                    MPEC 2025-W75
0438P         2027 10 25.0817  2.257744  0.414086   58.9590  260.1089    8.2807  20251121  14.5  4.0  438P/Christensen                                         MPEC 2025-W75
0439P         2028 03  5.9045  1.854574  0.468928  342.1436   56.4016    7.1123  20251121  13.5  4.0  439P/LINEAR                                              MPEC 2025-W75
0440P         2022 03 30.6214  2.050958  0.760987  183.3116  328.7931   12.3543  20251121  15.5  4.0  440P/Kobayashi                                           MPEC 2025-W75
0441P         2025 09  9.3003  3.327910  0.194460  178.8522  143.5864    2.5745  20251121  13.5  4.0  441P/PANSTARRS                                           MPEC 2025-W75
0442P         2022 08 17.2817  2.314081  0.532659  310.6138   31.9057    6.0581  20251121  13.5  4.0  442P/McNaught                                            MPEC 2025-W75
0443P         2022 10  9.0152  2.957874  0.282828  145.0420  108.9329   19.8880  20251121  13.5  4.0  443P/PANSTARRS-Christensen                               MPEC 2025-W75
0444P         2028 12 21.2214  1.547113  0.555213  172.8055   88.1959   22.6949  20251121  17.0  4.0  444P/WISE-PANSTARRS                                      MPEC 2025-W75
0445P         2022 08 15.9352  2.368288  0.414441  213.1125  126.5948    1.0892  20251121  15.0  4.0  445P/Lemmon-PANSTARRS                                    MPEC 2025-W75
0446P         2022 05 28.2636  1.609294  0.646915  344.6040  336.3075   16.6419  20251121  16.5  4.0  446P/McNaught                                            MPEC 2025-W75
0447P         2022 08 14.9540  4.628186  0.177005   97.3987  302.6384    7.4417  20251121  12.0  4.0  447P/Sheppard-Tholen                                     MPEC 2025-W75
0448P         2022 09  5.8743  2.116854  0.417951  218.8070  161.7497   12.1432  20251121  16.0  4.0  448P/PANSTARRS                                           MPEC 2025-W75
0449P         2027 09 25.2352  1.872842  0.479709  176.7792  242.5187   15.4686  20251121  16.0  4.0  449P/Leonard                                             MPEC 2025-W75
0450P         2027 02 20.8721  5.413561  0.312796   25.6513  123.9537   10.8483  20251121   6.5  4.0  450P/LONEOS                                              MPEC 2025-YF1
0451P         2022 11 28.1223  2.799299  0.559298  186.8178  300.8628   26.4871  20251121  13.5  4.0  451P/Christensen                                         MPEC 2025-W75
0452P         2023 04 26.2280  4.177887  0.428743   37.1209  123.6609    6.4223  20251121   9.0  4.0  452P/Sheppard-Jewitt                                     MPEC 2025-W75
0453P         2023 03  3.4675  2.279453  0.583177   70.9204   42.8868   27.0548  20251121  14.0  4.0  453P/WISE-Lemmon                                         MPEC 2025-W75
0454P         2022 07 26.6915  2.690350  0.361297   20.2225   54.5867   19.8068  20251121  14.0  4.0  454P/PANSTARRS                                           MPEC 2025-W75
0455P         2023 02 24.7083  2.194195  0.304266  237.5372  146.1758   14.1339  20251121  17.0  4.0  455P/PANSTARRS                                           MPEC 2025-W75
0456P         2025 04 14.7606  2.802244  0.115649  232.9777  243.1381   16.9649  20251121  13.5  4.0  456P/PANSTARRS                                           MPEC 2025-W75
0457P         2024 08 19.9511  2.332075  0.118312  104.2925  175.9639    5.2258  20251121  15.5  4.0  457P/Lemmon-PANSTARRS                                    MPEC 2025-W75
0458P         2022 10 30.9628  2.635113  0.317252  104.9695    1.5492   13.6217  20251121  14.0  4.0  458P/Jahn                                                MPEC 2025-W75
0459P         2023 02 21.8205  1.367900  0.577873  205.2363  256.9860    7.1731  20251121  15.5  4.0  459P/Catalina                                            MPEC 2025-W75
0460P         2026 09 21.6018  1.016372  0.664289  351.9310  180.5176   18.9005  20251121  21.0  4.0  460P/PANSTARRS                                           MPEC 2025-W75
0461P         2027 05  3.1127  1.353964  0.569443  174.8265  194.3729   18.3957  20251121  18.5  4.0  461P/WISE                                                MPEC 2025-W75
0462P         2022 07 31.6839  2.046198  0.578762    4.1516  322.6291    7.0566  20251121  17.0  4.0  462P/LONEOS-PANSTARRS                                    MPEC 2025-W75
0463P         2028 05 15.3044  0.517521  0.825984  216.3433  283.2176   29.2958  20251121  18.0  4.0  463P/NEOWISE                                             MPEC 2025-W75
0464P         2023 02 27.2819  3.368494  0.280713  267.4885  309.5789   21.6739  20251121  10.5  4.0  464P/PANSTARRS                                           MPEC 2025-W75
0465P         2023 05  8.6673  2.323698  0.612989  140.9657  217.9341   25.8619  20251121  12.5  4.0  465P/Hill                                                MPEC 2025-W75
0466P         2023 05 12.9815  2.015101  0.491662  197.9141  115.7386   15.0919  20251121  14.0  4.0  466P/PANSTARRS                                           MPEC 2025-W75
0467P         2022 11 23.2330  5.508369  0.054265  267.2309   43.2620    2.4794  20251121   9.0  4.0  467P/LINEAR-Grauer                                       MPEC 2025-W75
0468P         2023 11 20.9114  3.950382  0.444756  322.5578  356.1298   50.4550  20251121  11.5  4.0  468P/SidingSpring                                        MPEC 2025-W75
0469P         2025 12  8.3811  3.005007  0.308165   43.4914  178.9656   20.1710  20251121  13.5  4.0  469P/PANSTARRS                                           MPEC 2025-W75
0470P         2023 12 16.5074  2.725198  0.389250  151.6523  246.1616    8.8439  20251121  15.5  4.0  470P/PANSTARRS                                           MPEC 2025-W75
0471P         2023 12 19.6695  2.118579  0.627579   94.7355  283.3124    4.7970  20251121  12.0  4.0  471P/LINEAR-Lemmon                                       MPEC 2025-W75
0472P         2024 07 13.7093  3.386424  0.563893  218.8060  205.8108   10.8262  20251121  10.5  4.0  472P/NEAT-LINEAR                                         MPEC 2025-W75
0473P         2024 02 26.2172  1.406765  0.823576   42.9462   22.1913   56.8859  20251121  13.5  4.0  473P/NEAT                                                MPEC 2025-W75
0474P         2023 07 15.5451  2.542555  0.187909   11.2702   26.7523    1.0968  20251121  15.5  4.0  474P/Hogan                                               MPEC 2025-W75
0475P         2024 06  1.7605  4.077346  0.443016   40.4236  147.3531   14.5240  20251121  11.0  4.0  475P/Spacewatch-LINEAR                                   MPEC 2025-W75
0476P         2024 10 16.5158  3.123679  0.345813   46.7471   57.0488   19.0053  20251121  12.5  4.0  476P/PANSTARRS                                           MPEC 2025-W75
0477P         2023 12 26.4499  1.748204  0.417570  305.8584   59.1400    8.9139  20251121  14.5  4.0  477P/PANSTARRS                                           MPEC 2025-W75
0478P         2024 05  2.2628  2.394112  0.343813   13.2684  127.2591   12.5252  20251121  13.5  4.0  478P/ATLAS                                               MPEC 2025-W75
0479P         2024 05  5.3046  1.242726  0.778978  263.4958  295.8317   15.3995  20251121  15.0  4.0  479P/Elenin                                              MPEC 2025-W75
0480P         2023 04 23.9577  3.476237  0.246237  214.4664  229.9843   13.7156  20251121  12.0  4.0  480P/PANSTARRS                                           MPEC 2025-W75
0481P         2023 07  9.4135  3.074675  0.343409  356.8430   93.5500    6.0827  20251121  13.5  4.0  481P/Lemmon-PANSTARRS                                    MPEC 2025-W75
0482P         2023 06  2.2474  1.907402  0.492349  339.7458  126.0720   24.4890  20251121  13.5  4.0  482P/PANSTARRS                                           MPEC 2025-W75
0483P         2027 11 12.2162  2.486817  0.221707   49.5483  199.0134   14.1739  20251121  16.5  4.0  483P/PANSTARRS                                           MPEC 2025-W75
0483P      a  2027 11  9.9052  2.483125  0.222672   49.0103  199.3677   14.1982  20250505  13.5  4.0  483P-A/PANSTARRS                                         MPC186638
0483P      b  2027 11  9.6708  2.483259  0.222612   49.0008  199.3668   14.1989  20250505  17.0  4.0  483P-B/PANSTARRS                                         MPC185666
0484P         2028 03 10.5259  2.129374  0.433115  240.8273  265.3704   14.4742  20251121  16.0  4.0  484P/Spacewatch                                          MPEC 2025-W75
0485P         2023 08 25.4432  3.994030  0.417167  196.1435  261.6447   10.0160  20251121  13.0  4.0  485P/Sheppard-Tholen                                     MPEC 2025-W75
0486P         2025 04  3.8149  2.308945  0.363401   93.9370  219.0235    2.2097  20251121  14.5  4.0  486P/Leonard                                             MPEC 2025-YF1
0487P         2024 10 20.5546  1.814774  0.648343    0.8391   49.2006   39.3662  20251121  13.5  4.0  487P/SidingSpring                                        MPEC 2025-W75
0488P         2024 05 20.2505  1.682362  0.551640    2.2776  323.6153   11.4315  20251121  16.5  4.0  488P/NEAT-PANSTARRS                                      MPEC 2025-W75
0489P         2025 12  4.4007  1.561006  0.646954  109.4486   20.6114    4.0269  20241017  15.5  4.0  489P/Denning                                             MPEC 2024-Q14
0490P         2024 09 28.1101  1.069923  0.646964  332.5824  307.5877   12.2674  20251121  21.0  4.0  490P/ATLAS                                               MPEC 2025-W75
0491P         2024 09  5.7869  3.716000  0.258690  298.8453  311.6834    9.3669  20251121   9.5  4.0  491P/Spacewatch-PANSTARRS                                MPEC 2025-W75
0492P         2024 07 20.3998  1.782109  0.690514   40.9811   11.3049   11.4011  20251121  15.0  4.0  492P/LINEAR                                              MPEC 2025-W75
0493P         2026 01 14.0968  3.822970  0.467191   83.2227    1.0884   24.1083  20251121  12.0  2.0  493P/LONEOS                                              MPEC 2025-YF1
0494P         2024 05 30.9408  2.440935  0.356692   48.8849  245.0436    7.7899  20251121  16.0  4.0  494P/PANSTARRS                                           MPEC 2025-W75
0495P         2025 10 22.3137  3.459823  0.273364  141.3336  291.6131   26.3566  20251121  11.5  4.0  495P/Christensen                                         MPEC 2025-W75
0496P         2025 03 10.2790  1.621170  0.734203   42.2513   63.5867   14.8143  20251121  14.0  4.0  496P/Hill                                                MPEC 2025-W75
0497P         2025 02 15.2424  2.074772  0.630224   32.3879   40.3607   10.4370  20251121  17.5  4.0  497P/Spacewatch-PANSTARRS                                MPEC 2025-W75
0498P         2024 12 18.9176  1.964551  0.572271  179.0905  279.2299   14.4827  20251121  14.7  4.0  498P/LINEAR                                              MPEC 2025-W75
0499P         2025 03  4.4021  0.931091  0.691495    2.5666  139.3046   24.5833  20251121  18.5  4.0  499P/Catalina                                            MPEC 2025-W75
0500P         2025 03 31.9893  2.131927  0.375953   46.7056  111.5264    2.3015  20251121  16.0  4.0  500P/PANSTARRS                                           MPEC 2025-W75
0501P         2024 04 14.3283  0.671585  0.698554   53.6855  139.7836   10.0474  20251121  21.5  4.0  501P/Rankin                                              MPEC 2025-W75
0502P         2025 08  4.9713  4.229460  0.471014   37.7273  264.4833   11.3993  20251121   8.5  4.0  502P/NEAT                                                MPEC 2025-XC7
0503P         2025 11  5.5492  1.897368  0.481317   17.9433  268.5818   10.5748  20251121  15.0  4.0  503P/PANSTARRS                                           MPEC 2025-W75
0504P         2025 04  9.0673  2.224133  0.406102  308.5362  221.1198    8.8063  20251121  14.3  4.0  504P/WISE-PANSTARRS                                      MPEC 2025-W75
0505P         2026 01 17.6530  2.835110  0.310707  143.9520  111.9418   11.3883  20251121  14.9  4.0  505P/Palomar                                             MPEC 2025-W75
0506P         2023 08 26.5930  2.891184  0.482377  354.5926  325.6195   13.6550  20251121  12.7  4.0  506P/WISE-LINEAR                                         MPEC 2025-W75
0507P         2022 11 30.7199  2.680228  0.568539  107.7630  233.1264   17.0892  20251121  12.6  4.0  507P/Lemmon                                              MPEC 2025-W75
0508P         2025 07 11.2477  1.539272  0.569420  338.8763  268.8299   31.7333  20251121  16.5  4.0  508P/McNaught                                            MPEC 2025-W75
0509P         2026 03 19.8179  3.692884  0.475337  180.0999  275.2085    8.6041  20251121  10.0  4.0  509P/Catalina                                            MPEC 2025-YF1
0510P         2026 09  9.2335  4.875160  0.248043   86.6870  280.6683    8.2276  20251121   9.5  4.0  510P/Boattini                                            MPEC 2025-W75
0511P         2025 07 11.0346  2.295996  0.237237   81.2258  271.0275   14.7853  20251121  17.1  4.0  511P/PANSTARRS                                           MPEC 2025-X35
0512P         2026 12  4.8753  4.801461  0.157395  308.7038   73.7451   12.5688  20251121  10.0  4.0  512P/PANSTARRS                                           MPEC 2025-W75
0513P         2025 06 13.7734  3.253647  0.551549  304.8670   56.9970   21.3856  20251121  11.0  4.0  513P/Broughton                                           MPEC 2025-YF1
